RequestKey;LookupType;Query;Status;Ico;CompanyName;LegalForm;LegalFormCode;City;Address;IsActive;Candidates;Error;ResolvedUtc;Occurrences;SampleSubject;SampleFolder
damida system s r o;Name;DAMIDA SYSTEM s.r.o.;Found;29045991;DAMIDA SYSTEM s.r.o.;SpoleÄŤnost s ruÄŤenĂ­m omezenĂ˝m;112;Jiřice;č.p. 97, 28922 Jiřice;True;1;;2026-09-11T07:25:02.3709881Z;1;DAMIDA SYSTEM s.r.o., ID 2080682840;29045991 DAMIDA SYSTEM s.r.o
a s;Name;a.s.;Failed;;;;;;;;0;HTTP 400 - The remote server returned an error: (400) Bad Request.;2026-09-11T07:25:02.5400093Z;10636;Re: závazek pro klienta - PENB;a.s
spolecenstvi vlastniku v dome cp 125 v uhreticich 25956183;Name;Společenství vlastníků v domě čp. 125 v Úhřeticích 25956183;NotFound;;;;;;;;0;no candidate in the register;2026-09-11T07:25:02.8105010Z;3;Fw: Společenství vlastníků v domě čp. 125 v Úhřeticích 25956183;25956183 Společenství vlastníků v domě čp. 125 v Úhřeticích
spol s r o;Name;spol. s r.o.;Failed;;;;;;;;0;HTTP 400 - The remote server returned an error: (400) Bad Request.;2026-09-11T07:25:03.0975551Z;313;Fw: M I Š Š K O, spol. s r.o. IČO 14864118;14864118 JUKGRUP s.r.o
docks kolin s r o;Name;DOCKS Kolín s.r.o.;Found;22008471;DOCKS Kolín s.r.o.;SpoleÄŤnost s ruÄŤenĂ­m omezenĂ˝m;112;Praha;Pernerova 697/35, Karlín, 18600 Praha 8;True;1;;2026-09-11T07:25:03.2982027Z;4;FW: BKS - DOCKS Kolín s. r. o. ;22008471 DOCKS Kolín s.r.o
party s r o;Name;PARTY s.r.o.;NotFound;;;;;;;;5;5 candidate(s), none an exact name match;2026-09-11T07:25:03.5985709Z;2;Re: výsledek schvalování COCTAIL & PARTY s.r.o., IČ/RČ: 25847015,;25847015 COCTAIL & PARTY s.r.o
s r o;Name;s.r.o.;Failed;;;;;;;;0;HTTP 400 - The remote server returned an error: (400) Bad Request.;2026-09-11T07:25:03.9998450Z;2213;REZIDENCE OBŘANSKÁ, s.r.o. - Návrh smlouvy o budoucí kupní smlouvě;s.r.o
broumovske lekarny s r o;Name;Broumovské lékárny s.r.o.;NotFound;;;;;;;;0;no candidate in the register;2026-09-11T07:25:04.1318569Z;3;Broumovská lékárna prověření platnosti koupě;48173924 Medical lékárna, s.r.o. v likvidaci
genus s r o;Name;GENUS s.r.o.;NotFound;;;;;;;;5;5 candidate(s), none an exact name match;2026-09-11T07:25:04.4434223Z;3;Re: Dokument: Souhrnné informace k úvěru, které jsou pro Vás důležité - formulace textace;48394653 GENUS, spol. s r.o
vas interier s r o;Name;Váš interiér s.r.o.;NotFound;;;;;;;;3;3 candidate(s), none an exact name match;2026-09-11T07:25:04.6785533Z;8;FW: Oprava chybně nastaveného limitu KTK (...Váš interiér s.r.o.);28474821 Kalda campers s.r.o
drexiss s r o;Name;Drexiss s.r.o.;Found;05522536;Drexiss s.r.o.;SpoleÄŤnost s ruÄŤenĂ­m omezenĂ˝m;112;Loučeň;Ke Škole 391, 28937 Loučeň;True;1;;2026-09-11T07:25:04.9291106Z;3;Drexiss s.r.o. IČ:05522536 Kom. HYPO výstavba ;05522536 Drexiss s.r.o
svj vetrna 2 4 6;Name;SVJ Větrná 2- 4-6;NotFound;;;;;;;;0;no candidate in the register;2026-09-11T07:25:05.1970158Z;4;Fw: Konzultace - postup - SVJ Větrná 2- 4-6;28142501 Společenství vlastníků Větrná 2-4-6 České Budějovice
modry dum benesov s r o;Name;Modrý dům Benešov s.r.o.;Found;27175774;Modrý dům Benešov s.r.o.;SpoleÄŤnost s ruÄŤenĂ­m omezenĂ˝m;112;Struhařov;Bořeňovice 55, 25601 Struhařov;True;1;;2026-09-11T07:25:05.4612867Z;9;Fw: posouzení SoD - Modrý dům Benešov s.r.o.  IČ: 27175774;27175774 Modrý dům Benešov s.r.o
trion ii s r o;Name;TRION II s.r.o.;NotFound;;;;;;;;0;no candidate in the register;2026-09-11T07:25:05.7160271Z;5;TRION II s.r.o., IČ 19602332 ID 2067172858 - konzultace obchodního případu;19602332 VILADOMY HŮRY s.r.o
spolecenstvi vlastniku bl 85;Name;Společenství vlastníků bl. 85;Found;25477285;Společenství vlastníků bl. 85, č.p. 2315, 2316, 2317, bl. 85-86, č.p. 2356, 2357, bl. 86, č.p. 2300, 2301, 2302, bl. 86-87, č.p. 2351, 2352, ul. J.Skupy, bl. 87, č.p. 2318, 2319, 2320, ul. K. Biebla v Mostě;;145;;Most, ul. Josefa Skupy, č.p. 2315, bl. 85, PSČ 434 01;True;1;;2026-09-11T07:25:05.9951164Z;7;FW: Společenství vlastníků bl. 85, č.p. 2315, 2316, 2317, bl. 85-86, č.p. 2356, 2357,  bl. 86, č.p. 2300, 2301, 2302, bl. 86-87, č.p. 2351, 2352, ul. J.Skupy, bl. 87, č.p.  2318, 2319, 2320, ul. K. BieblFw: Posouzení možného financování společenství vlast;00043257 Stavební bytové družstvo Krušnohor
cs vedeny ucet na s r o;Name;ČS vedený účet na s.r.o.;NotFound;;;;;;;;0;no candidate in the register;2026-09-11T07:25:06.2478356Z;1;Návrh smlouvy na zúžení SJM;09355308 Gastrobar Hradební s.r.o
kompitech s r o;Name;KompiTech s.r.o.;Found;01510584;KompiTech s.r.o.;SpoleÄŤnost s ruÄŤenĂ­m omezenĂ˝m;112;Praha;Husitská 107/3, Žižkov, 13000 Praha 3;True;1;;2026-09-11T07:25:06.5022785Z;32;Fw: dotaz ke klientovi KompiTech s.r.o. IČ: 01510584;01510584 KompiTech s.r.o
rezidence nemesis s r o;Name;Rezidence Nemesis s.r.o.;Found;06794441;Rezidence Nemesis s.r.o.;SpoleÄŤnost s ruÄŤenĂ­m omezenĂ˝m;112;Kralupy nad Vltavou;S. K. Neumanna 164, 27801 Kralupy nad Vltavou;True;1;;2026-09-11T07:25:06.7594896Z;2;Fw: Žádost o poskytnutí podkladů - Rezidence Nemesis;28281101 AZ - fruit, s.r.o
spolecenstvi vlastniku jednotek palackeho c p 4258;Name;Společenství vlastníků jednotek Palackého č.p. 4258;Found;27344142;Společenství vlastníků jednotek Palackého č.p. 4258, 4259, 4260, 4261, 4262 v Chomutově;;145;Chomutov;Palackého 4258, 43001 Chomutov;True;1;;2026-09-11T07:25:07.0102017Z;7;Re: Společenství vlastníků jednotek Palackého č.p. 4258, 4259, 4260, 4261, 4262 v Chomutově-Fw: Posouzení zápisu;Společenství vlastníků jednotek Palackého č.p. 4258
palazzo development s r o;Name;PALAZZO DEVELOPMENT s.r.o.;Found;19430566;PALAZZO DEVELOPMENT s.r.o.;SpoleÄŤnost s ruÄŤenĂ­m omezenĂ˝m;112;Praha;V Šáreckém údolí 466/10, Dejvice, 16000 Praha 6;True;1;;2026-09-11T07:25:07.2884931Z;17;Fw: PALAZZO DEVELOPMENT s.r.o. 19430566  2064874533;19430566 PALAZZO DEVELOPMENT s.r.o
bodvail s r o;Name;BODVAIL s.r.o.;Found;17902321;BODVAIL s.r.o.;SpoleÄŤnost s ruÄŤenĂ­m omezenĂ˝m;112;Praha;Marešova 643/6, Černý Most, 19800 Praha 9;True;1;;2026-09-11T07:25:07.5382726Z;21;RE: BODVAIL s.r.o., IČ: 17902321, žádost č. 2074295386 ;17902321 BODVAIL s.r.o
profiref s r o;Name;Profiref s.r.o.;Found;08836680;ProfiRef s.r.o.;SpoleÄŤnost s ruÄŤenĂ­m omezenĂ˝m;112;Praha;U Nadýmače 559/15, Uhříněves, 10400 Praha 10;True;1;;2026-09-11T07:25:07.8163874Z;8;Re: Profiref s.r.o. IČO: 08836680;08836680 ProfiRef s.r.o
3d facility s r o;Name;3D Facility s.r.o.;Found;09807276;3D Facility s.r.o.;SpoleÄŤnost s ruÄŤenĂ­m omezenĂ˝m;112;Spojil;Na Okrajích 84, 53002 Spojil;True;2;;2026-09-11T07:25:08.1544603Z;1;Re: Váš komentář v SC ke schválení čerpání úvěru - 3D Facility s.r.o. - prosím pospíchá;09807276 3D Facility s.r.o
oddy solar s r o;Name;ODDY Solar s.r.o.;Found;17959772;ODDY Solar s.r.o.;SpoleÄŤnost s ruÄŤenĂ­m omezenĂ˝m;112;Kobylnice;Táborská 266, 66451 Kobylnice;True;1;;2026-09-11T07:25:08.3323866Z;4;FW: ODDY Solar s.r.o. - návrh smlouvy o věcném břemeni;49444468 BIO-GEO-EKO, spol. s r.o
rezidence cejetice s r o;Name;Rezidence Čejetice s.r.o.;Found;17555558;Rezidence Čejetice s.r.o.;SpoleÄŤnost s ruÄŤenĂ­m omezenĂ˝m;112;Praha;Slavojova 579/9, Nusle, 12800 Praha 2;True;1;;2026-09-11T07:25:08.6097981Z;27;FW: Rezidence Čejetice s.r.o. IČ: 17555558 ID v CPS+ : 2070775771;17555558 Rezidence Čejetice s.r.o
splavek s r o;Name;Splávek s.r.o.;Found;26690608;Splávek s.r.o.;SpoleÄŤnost s ruÄŤenĂ­m omezenĂ˝m;112;Praha;Melantrichova 970/17, Staré Město, 11000 Praha 1;True;1;;2026-09-11T07:25:08.8958783Z;12;prosba o stanovisko Splávek s.r.o. 26690608 ID žádosti v CPS  2073849706;26690608 Splávek s.r.o
optima business brokers s r o;Name;Optima Business Brokers s.r.o.;Found;28428765;Optima Business Brokers s.r.o.;SpoleÄŤnost s ruÄŤenĂ­m omezenĂ˝m;112;Praha;Gabrielská 3331/3, Smíchov, 15000 Praha 5;True;1;;2026-09-11T07:25:09.1343814Z;1;Re: Optima Business Brokers s.r.o., IČ/RČ: 28428765, produkt:;28428765 Optima Business Brokers s.r.o
endeka reality s r o;Name;ENDEKA reality s.r.o.;Found;09264621;ENDEKA reality s.r.o.;SpoleÄŤnost s ruÄŤenĂ­m omezenĂ˝m;112;Brno;Jundrovská 1101/48, Komín, 62400 Brno;True;1;;2026-09-11T07:25:09.4080363Z;18;ENDEKA reality s.r.o., IČ: 09264621;09264621 ENDEKA reality s.r.o
lekarsky dum holesovice s r o;Name;Lékařský dům Holešovice s.r.o.;Found;26731878;Lékařský dům Holešovice s.r.o.;SpoleÄŤnost s ruÄŤenĂ­m omezenĂ˝m;112;Praha;Tovární 1342/12, Holešovice, 17000 Praha 7;True;1;;2026-09-11T07:25:09.6676555Z;4;FW: Lékařský dům Holešovice s.r.o. ičo: 26731878;26731878 Lékařský dům Holešovice s.r.o
cloudroom invest s r o;Name;CloudRoom Invest s.r.o.;Found;11792795;CloudRoom Invest s.r.o.;SpoleÄŤnost s ruÄŤenĂ­m omezenĂ˝m;112;Praha;Třebízského 1391/8, Vinohrady, 12000 Praha 2;True;1;;2026-09-11T07:25:09.9339635Z;3;Fw: CloudRoom Invest s.r.o. 11792795 ;11792795 CloudRoom Invest s.r.o
rebos development s r o;Name;REBOS Development s.r.o.;Found;09667202;REBOS Development s.r.o.;SpoleÄŤnost s ruÄŤenĂ­m omezenĂ˝m;112;Praha;Bílenecké náměstí 6/4, Dolní Chabry, 18400 Praha 8;True;1;;2026-09-11T07:25:10.2061861Z;3;REBOS Development s.r.o., IČ 09667202;09667202 REBOS Development s.r.o
mk comfort servis s r o;Name;MK Comfort Servis s.r.o.;Found;05794391;MK Comfort Servis s.r.o.;SpoleÄŤnost s ruÄŤenĂ­m omezenĂ˝m;112;Chodská Lhota;č.p. 163, 34506 Chodská Lhota;True;1;;2026-09-11T07:25:10.4716184Z;3;MK Comfort Servis s.r.o-Fw: nájemní smlouva Horažďovice;05794391 MK Comfort Servis s.r.o
neovia s r o;Name;Neovia s.r.o.;Found;24139122;Neovia s.r.o.;SpoleÄŤnost s ruÄŤenĂ­m omezenĂ˝m;112;Praha;Janáčkovo nábřeží 729/31, Smíchov, 15000 Praha 5;True;3;;2026-09-11T07:25:10.7433165Z;2;FW: Neovia s.r.o. - kontrola kupní smlouvy;27295567 GasNet, s.r.o
byty uhlirske janovice s r o;Name;Byty Uhlířské Janovice s.r.o.;Found;07021054;Byty Uhlířské Janovice s.r.o.;SpoleÄŤnost s ruÄŤenĂ­m omezenĂ˝m;112;Praha;Kubelíkova 1224/42, Žižkov, 13000 Praha 3;True;1;;2026-09-11T07:25:10.9957387Z;7;Byty Uhlířské Janovice s.r.o. 07021054;07021054 Byty Uhlířské Janovice s.r.o
03475981;Ico;03475981;NotFound;03475981;;;;;;;0;not in the register;2026-09-11T07:25:11.1543692Z;5;Re:  Společenství vlastníků jednotek domu Bulharská 33, 360 01 Karlovy Vary, ID 2054499484;03475981 Společenství vlastníků jednotek domu Bulharská 33
spolecenstvi vlastniku jednotek velka hradebni 17;Name;Společenství vlastníků jednotek Velká Hradební 17;NotFound;;;;;;;;0;no candidate in the register;2026-09-11T07:25:11.5615481Z;2;Společenství vlastníků jednotek Velká Hradební 17, 18 a 19, Ústí nad Labem, IČ 25485784 - zápis;25485784 Společenství vlastníků V. Hradební 17, 18, 19
spolecenstvi vlastniku na vetrniku 1292;Name;Společenství vlastníků Na Větrníku 1292;Found;17209226;Společenství vlastníků Na Větrníku 1292, Chrudim;;145;Chrudim;Na Větrníku 1292, Chrudim IV, 53705 Chrudim;True;1;;2026-09-11T07:25:11.7946386Z;7;FW: konzultace -  Společenství vlastníků Na Větrníku 1292, Chrudim, 17209226;17209226 Společenství vlastníků Na Větrníku 1292, Chrudim
26827174;Ico;26827174;Found;26827174;NATUR ENERGO s.r.o.;SpoleÄŤnost s ruÄŤenĂ­m omezenĂ˝m;112;Olomouc;Pod lesem 143/21, Lošov, 77900 Olomouc;True;0;;2026-09-11T07:25:11.9827671Z;2;Fw: Podepsaný KYC dotazník ;26827174 A.S
svj j kotase;Name;SVJ J. Kotase;NotFound;;;;;;;;0;no candidate in the register;2026-09-11T07:25:12.3355030Z;7;FW: Společenství vlastníků Josefa Kotase 1171, 1172, 1173-Fw: Zápis ze schůze - SVJ J. Kotase , IČ: 07639554;07639554 Společenství vlastníků Josefa Kotase 1171, 1172, 1173
svj janskeho 2450;Name;SVJ Janského 2450;NotFound;;;;;;;;0;no candidate in the register;2026-09-11T07:25:12.7983203Z;7;Fw: SVJ Janského 2450;00052159 Stavební bytové družstvo DRUBYD
spolecenstvi vlastniku pro dum druzstevni ochoz c p 1376 1382 ico 24165522;Name;Společenství vlastníků pro dům Družstevní ochoz č.p. 1376-1382 IČO 24165522;NotFound;;;;;;;;0;no candidate in the register;2026-09-11T07:25:12.9338613Z;9;Zápis k revizi Společenství vlastníků pro dům Družstevní ochoz č.p. 1376-1382 IČO 24165522;24165522 Společenství vlastníků pro dům Družstevní ochoz č.p. 1376-1382
spolecenstvi vlastniku jednotek medkova 1311;Name;Společenství vlastníků jednotek Medkova 1311;Found;71228039;Společenství vlastníků jednotek Medkova 1311, 1312 a 1313, Hradec Králové;;145;Hradec Králové;Medkova 1312/15, Pražské Předměstí, 50002 Hradec Králové;True;1;;2026-09-11T07:25:13.2162110Z;5;RE: Společenství vlastníků jednotek Medkova 1311, 1312 a 1313, Hradec Králové-Fw: SVJ - schválení úvěru statutárním orgánem - zápis ;71228039 Společenství vlastníků jednotek Medkova 1311, 1312 a 1313, Hradec Králové
konzultace k plne moci mvd market s r o;Name;Konzultace k Plné moci MVD market s.r.o.;NotFound;;;;;;;;0;no candidate in the register;2026-09-11T07:25:13.4722102Z;5;RE: Konzultace k Plné moci MVD market s.r.o. 05060737, žádost 2052313327;05060737 MVD market s.r.o
trojska lekarna s r o;Name;Trojská lékárna s.r.o.;Found;07303335;Trojská lékárna s.r.o.;SpoleÄŤnost s ruÄŤenĂ­m omezenĂ˝m;112;Praha;Uzavřená 167/1, Kobylisy, 18200 Praha 8;True;1;;2026-09-11T07:25:13.7242770Z;25;Trojská lékárna s.r.o., IČ 07303335, INV 0627554189/0800;07303335 Trojská lékárna s.r.o
fepexa s r o;Name;FePEXA s.r.o.;Found;04639286;FePEXA s.r.o.;SpoleÄŤnost s ruÄŤenĂ­m omezenĂ˝m;112;České Budějovice;Krajinská 230/31, České Budějovice 1, 37001 České Budějovice;True;1;;2026-09-11T07:25:14.0559022Z;7;FePEXA s.r.o., IČ 04639286;04639286 FePEXA s.r.o
jarja czech s r o;Name;JARJA Czech s.r.o.;Found;27771962;JARJA Czech s.r.o.;SpoleÄŤnost s ruÄŤenĂ­m omezenĂ˝m;112;Havířov;Studentská 1592/9a, Podlesí, 73601 Havířov;True;1;;2026-09-11T07:25:14.2725819Z;2;Danuše Janečková-Fw: Kontrola souhlasu jediného společníka s firemním avalem za úvěr jiného subjektu;48008966 Danuše Janečková
pivovar matuska s r o;Name;Pivovar Matuška s.r.o.;Found;01718886;Pivovar Matuška s.r.o.;SpoleÄŤnost s ruÄŤenĂ­m omezenĂ˝m;112;Praha;Španielova 1268/3, Řepy, 16300 Praha 6;True;1;;2026-09-11T07:25:14.5492634Z;7;Re: Pivovar Matuška Stav Kolaudace - výrobna +sklad;01718886 Pivovar Matuška s.r.o
bome s r o;Name;BOME s.r.o.;Found;47217201;BOME s.r.o.;SpoleÄŤnost s ruÄŤenĂ­m omezenĂ˝m;112;Bechyně;Parkány 550, 39165 Bechyně;True;3;;2026-09-11T07:25:14.8011819Z;4;BOME s.r.o._IČ 47217201;47217201 BOME s.r.o
ppf banka a s;Name;PPF banka a.s.;Found;47116129;PPF banka a.s.;AkciovĂˇ spoleÄŤnost;121;Praha;Evropská 2690/17, Dejvice, 16000 Praha 6;True;1;;2026-09-11T07:25:15.0936385Z;2;Fw: kupní smlouva Holešov;28085400 EG.D Holding, a.s
spolecenstvi vlastniku brno;Name;Společenství vlastníků Brno;Failed;;;;;;;;0;HTTP 400 - The remote server returned an error: (400) Bad Request.;2026-09-11T07:25:15.2888157Z;22;Re: Společenství vlastníků Brno, Mozolky 54,č.p. 2569-Fw: zápis ze shromáždění CLUID 9010-10-22-09.46.13.356298;Společenství vlastníků Brno
elen s property s r o;Name;Elen´s Property s.r.o.;Found;04337999;Elen´s Property s.r.o.;SpoleÄŤnost s ruÄŤenĂ­m omezenĂ˝m;112;Praha;Hartigova 651/22, Žižkov, 13000 Praha 3;True;1;;2026-09-11T07:25:15.5883873Z;2;Fw: Elen´s Property s.r.o., IČ 04337999 - dotaz na stanovisko banky k likvidaci společnosti;04337999 Elen´s Property s.r.o
27533328;Ico;27533328;Found;27533328;Česká EuV Commercial s.r.o.;SpoleÄŤnost s ruÄŤenĂ­m omezenĂ˝m;112;Praha;Plzeňská 3351/19, Smíchov, 15000 Praha 5;True;0;;2026-09-11T07:25:15.7716294Z;2;PBH Richard Vítek, r.č. 8403110254;27533328 Česká EuV Commercial s.r.o
kabdent s r o;Name;Kabdent s.r.o.;Found;01925881;Kabdent s.r.o.;SpoleÄŤnost s ruÄŤenĂ­m omezenĂ˝m;112;Zlín;Tyršovo nábřeží 7283, 76001 Zlín;True;1;;2026-09-11T07:25:16.1378887Z;11;Fw: Kabdent s.r.o., IČ 01925881;01925881 Kabdent s.r.o
v centru olomouce s r o;Name;V centru Olomouce s.r.o.;Found;22343814;V centru Olomouce s.r.o.;SpoleÄŤnost s ruÄŤenĂ­m omezenĂ˝m;112;Hranice;Jungmannova 1269, Hranice I-Město, 75301 Hranice;True;1;;2026-09-11T07:25:16.3819799Z;9;Fw: V centru Olomouce s.r.o. / IČ 22343814 / CPS ID 2076051622;22343814 V centru Olomouce s.r.o
hillmen s r o;Name;Hillmen s.r.o.;Found;08814902;Hillmen s.r.o.;SpoleÄŤnost s ruÄŤenĂ­m omezenĂ˝m;112;Praha;Velké Kunratické 1310/10, Kunratice, 14800 Praha 4;True;1;;2026-09-11T07:25:16.6384325Z;9;Fw: Zdeněk Motyčka - Hillmen s.r.o., IČ 08814902, ID 2044278058;08814902 Hillmen s.r.o
las casas doradas s r o;Name;Las Casas Doradas s.r.o.;Found;09738509;Las Casas Doradas s.r.o.;SpoleÄŤnost s ruÄŤenĂ­m omezenĂ˝m;112;Věstín;č.p. 4, 59265 Věstín;True;1;;2026-09-11T07:25:16.8959965Z;3;Re: Las Casas Doradas s.r.o. IČ: 09738509_DOHODA o depozitní úschově_prosba/žádost o konzultaci;09738509 Las Casas Doradas s.r.o
kv rents s r o;Name;KV Rents s.r.o.;NotFound;;;;;;;;0;no candidate in the register;2026-09-11T07:25:17.1634386Z;1;Re: ukončovací dokumentace KV Rents s.r.o. v likvidaci, IČO: 28447964;28447964 KV Rents s.r.o
stecho s r o;Name;ŠTĚCHO s.r.o.;Found;26513552;ŠTĚCHO s.r.o.;SpoleÄŤnost s ruÄŤenĂ­m omezenĂ˝m;112;Hvozdnice;č.p. 165, 25205 Hvozdnice;True;1;;2026-09-11T07:25:17.4285158Z;7;ŠTĚCHO s.r.o. IČ: 26513552       Fw: Koupě Samoobsluhy;26513552 ŠTĚCHO s.r.o
dotaz utvar cerpani cerpani alergo imuno point s r o;Name;Dotaz útvar čerpání Čerpání ALERGO-IMUNO POINT s.r.o.;NotFound;;;;;;;;0;no candidate in the register;2026-09-11T07:25:17.6876669Z;6;Re: Dotaz útvar čerpání Čerpání ALERGO-IMUNO POINT s.r.o. IČ:24239780;24239780 ALERGO-IMUNO POINT s.r.o
houm s r o;Name;HOUM s.r.o.;Found;48399698;HOUM s.r.o.;SpoleÄŤnost s ruÄŤenĂ­m omezenĂ˝m;112;Opava;Nákladní 895/41, Předměstí, 74601 Opava;True;1;;2026-09-11T07:25:17.9415455Z;3;Re: Prohlášení vlastníka, společnost HOUM s.r.o., IČ : 48399698;48399698 HOUM s.r.o
smaragd gas s r o;Name;Smaragd GAS s.r.o.;Found;17292832;Smaragd GAS s.r.o.;SpoleÄŤnost s ruÄŤenĂ­m omezenĂ˝m;112;Praha;Křižovnická 86/6, Staré Město, 11000 Praha 1;True;1;;2026-09-11T07:25:18.2037618Z;6;Re: Smaragd GAS s.r.o., IČ 17292832;17292832 Smaragd GAS s.r.o
mountain development s r o;Name;Mountain Development s.r.o.;Found;08782440;Mountain Development s.r.o.;SpoleÄŤnost s ruÄŤenĂ­m omezenĂ˝m;112;Josefův Důl;č.ev. 960, 46844 Josefův Důl;True;2;;2026-09-11T07:25:18.5317642Z;2;Fw: Mountain Development s.r.o. IČ 08782440;08782440 Mountain Development s.r.o
17292646;Ico;17292646;Found;17292646;Rodičovský spolek při ZŠ Hlubočky;Spolek;706;Hlubočky;Olomoucká 116, 78361 Hlubočky;True;0;;2026-09-11T07:25:18.6853676Z;2;zrušení účtu;17292646 a.s
jedna se o klienta tolup s r o;Name;Jedná se o klienta TOLUP s.r.o.;NotFound;;;;;;;;0;no candidate in the register;2026-09-11T07:25:19.0710112Z;7;Re: Kupní smlouva ku Miřetín - společnost TOLUP;28453107 TOLUP s.r.o
svj a polednika 06960979 plna moc sbd vitkovice;Name;SVJ A. poledníka 06960979  - plná moc  SBD Vítkovice;NotFound;;;;;;;;0;no candidate in the register;2026-09-11T07:25:19.2866640Z;12;Re: NUTNÉ -  SVJ A. poledníka 06960979  - plná moc  SBD Vítkovice ;06960979 Společenství vlastníků Antonína Poledníka 24
svj lidicka 493;Name;SVJ Lidická 493;NotFound;;;;;;;;0;no candidate in the register;2026-09-11T07:25:19.5359309Z;8;Fw: Úvěr SVJ Lidická 493, Varnsdorf, IČ 22364757;22364757 Společenství vlastníků jednotek pro dům č.p. 493, Lidická, Varnsdorf
zs u v2d holding s r o;Name;ZS u V2D holding s.r.o.;NotFound;;;;;;;;0;no candidate in the register;2026-09-11T07:25:19.7987234Z;15;Re: změna ZS u V2D holding s.r.o.;29362164 V2D Holding s.r.o
spolecenstvi vlastniku jednotek mladych 216;Name;Společenství vlastníků jednotek Mladých 216;Found;24695335;Společenství vlastníků jednotek Mladých 216, Praha - Zličín;;145;Praha;Mladých 216/14, Zličín, 15521 Praha 5;True;1;;2026-09-11T07:25:20.0812982Z;6;Fw: Automatická odpověď: posouzení zápisu Společenství vlastníků jednotek Mladých 216, Praha - Zličín IČ 24695335;24695335 Společenství vlastníků jednotek Mladých 216, Praha - Zličín
brixton gama s r o;Name;Brixton Gama s.r.o.;Found;17105781;Brixton Gama s.r.o.;SpoleÄŤnost s ruÄŤenĂ­m omezenĂ˝m;112;Brno;Tuřanka 1519/115a, Slatina, 62700 Brno;True;1;;2026-09-11T07:25:20.3408226Z;6;Re: Brixton Gama s.r.o., IČ 17105781;17105781 Brixton Gama s.r.o
h dent s r o;Name;H DENT s.r.o.;Found;28063074;V + H DENT s.r.o. v likvidaci;SpoleÄŤnost s ruÄŤenĂ­m omezenĂ˝m;112;Dolní Dvořiště;č.p. 229, 38272 Dolní Dvořiště;True;1;;2026-09-11T07:25:20.5950684Z;4;Re: V + H DENT s.r.o., IČ 28063074, žádost 2046063673, vyhotovení směnky;28063074 V + H DENT s.r.o. v likvidaci
provereni dokumentace votastav building s r o;Name;Prověření dokumentace VOTASTAV building s.r.o.;NotFound;;;;;;;;0;no candidate in the register;2026-09-11T07:25:20.9361102Z;3;Re: Prověření dokumentace VOTASTAV building s.r.o. 04101090;04101090 VOTASTAV building s.r.o
24661015;Ico;24661015;NotFound;24661015;;;;;;;0;not in the register;2026-09-11T07:25:21.0183179Z;3;Fw: Realizace odkoupení nemovitostí z konkurzní podstaty;24661015 a.s
metal woods dreams s r o;Name;Metal woods dreams s.r.o.;NotFound;;;;;;;;0;no candidate in the register;2026-09-11T07:25:21.4104166Z;3;FW: Konzultace (Metal woods dreams s.r.o.);05732875 Holcr,s.r.o
v taxes s r o;Name;V Taxes s.r.o.;Found;27948854;V & V Taxes s.r.o.;SpoleÄŤnost s ruÄŤenĂ­m omezenĂ˝m;112;Kladno;Osvoboz. pol. vězňů 339, 27201 Kladno;True;1;;2026-09-11T07:25:21.6319222Z;6;Fw: V & V Taxes s.r.o., IČ: 27948854 ;27948854 V & V Taxes s.r.o
abc vd trans s r o;Name;ABC VD Trans s.r.o.;NotFound;;;;;;;;0;no candidate in the register;2026-09-11T07:25:21.8602666Z;8;Re: ABC VD Trans s.r.o., IČ: 09714731;09714731 ABC V.D. Trans s.r.o
development s r o;Name;Development s.r.o.;Failed;;;;;;;;0;HTTP 400 - The remote server returned an error: (400) Bad Request.;2026-09-11T07:25:22.1242004Z;58;Re: Mercurius Pro Development s.r.o._Fw: zástavní smlouvy 123;51157471 Development s.r.o
22031740;Ico;22031740;Found;22031740;Lukáš Mihulka;FyzickĂˇ osoba podnikajĂ­cĂ­ dle ĹľivnostenskĂ©ho zĂˇkona;101;Solnice;Za Radnicí 581, 51701 Solnice;True;0;;2026-09-11T07:25:22.3242431Z;3;Převod vlastnictví před ukončením dědického řízení;22031740
strakon medical s r o;Name;Strakon medical s.r.o.;Found;11657758;Strakon medical s.r.o.;SpoleÄŤnost s ruÄŤenĂ­m omezenĂ˝m;112;Praha;Zimova 1018/10, Kamýk, 14200 Praha 4;True;3;;2026-09-11T07:25:22.7464784Z;2;Kontrola dokumentu zápisu valné hromady;11657758 Strakon medical s.r.o
posouzeni smluv klienta residence na farkane s r o;Name;Posouzení smluv klienta Residence Na Farkáně s.r.o.;NotFound;;;;;;;;0;no candidate in the register;2026-09-11T07:25:22.9167886Z;6;Posouzení smluv klienta Residence Na Farkáně s.r.o.;Posouzení smluv klienta Residence Na Farkáně s.r.o
svj ve svahu;Name;SVJ Ve Svahu;NotFound;;;;;;;;0;no candidate in the register;2026-09-11T07:25:23.1830695Z;1;Re: SVJ Ve Svahu, IČ: 06077650;06077650 Společenství vlastníků Ve Svahu 787 - 792, Karviná - Ráj
rdnaklic s r o;Name;RDNAKLIC s.r.o.;Found;24296155;RDNAKLIC s.r.o.;SpoleÄŤnost s ruÄŤenĂ­m omezenĂ˝m;112;Praha;Žitomírská 265/2, Vršovice, 10100 Praha 10;True;2;;2026-09-11T07:25:23.4889585Z;4;Re: žádost;24296155 RDNAKLIC s.r.o
stomatologie hanos s r o;Name;Stomatologie Hanos s.r.o.;Found;27184188;Stomatologie Hanos s.r.o.;SpoleÄŤnost s ruÄŤenĂ­m omezenĂ˝m;112;Olomouc;tř. Svobody 1067/32, 77900 Olomouc;True;1;;2026-09-11T07:25:23.7486492Z;8;Stomatologie Hanos s.r.o.-Fw: Platnost Plné moci pro podpis Smlouvy o zastavení nemovitosti CPS ID 2076459573;27184188 Stomatologie Hanos s.r.o
nesoulad us a zl industriale food s r o;Name;Nesoulad ÚS a ZL Industriale Food s.r.o.;NotFound;;;;;;;;0;no candidate in the register;2026-09-11T07:25:23.9682745Z;5;Re: Nesoulad ÚS a ZL Industriale Food s.r.o. 01773046;01773046 Industriale food s.r.o
decval reality s r o;Name;DECVAL Reality s.r.o.;Found;23267691;DECVAL Reality s.r.o.;SpoleÄŤnost s ruÄŤenĂ­m omezenĂ˝m;112;Praha;Bílovská 852, Řeporyje, 15500 Praha 5;True;1;;2026-09-11T07:25:24.4529864Z;4;DECVAL Reality s.r.o.-Fw: Kontrola smluv;23267691 DECVAL Reality s.r.o
saitama s r o;Name;Saitama s.r.o.;Found;14073641;Saitama s.r.o.;SpoleÄŤnost s ruÄŤenĂ­m omezenĂ˝m;112;Karlovy Vary;Studentská 115/87, Doubí, 36007 Karlovy Vary;True;1;;2026-09-11T07:25:24.5993583Z;8;Fw: Saitama s.r.o. IČO 14073641 - plná moc;14073641 Saitama s.r.o
altraz s r o;Name;Altraz s.r.o.;Found;04083156;Altraz s.r.o.;SpoleÄŤnost s ruÄŤenĂ­m omezenĂ˝m;112;Kostelec nad Labem;U Remízku 895, 27713 Kostelec nad Labem;True;1;;2026-09-11T07:25:24.8651830Z;3;Altraz s.r.o., č.ú. KA1801471;25083325 Sberbank CZ, a.s. v likvidaci
pink invest s r o;Name;Pink Invest s.r.o.;Found;11655798;Pink invest, s.r.o.;SpoleÄŤnost s ruÄŤenĂ­m omezenĂ˝m;112;Holice;Ve Drahách 212, Staré Holice, 53401 Holice;True;1;;2026-09-11T07:25:25.1286219Z;1;Plná moc k podpisu jistotního účtu;11655798 Pink invest, s.r.o
banky company pmx s r o;Name;Banky Company PMX s.r.o.;NotFound;;;;;;;;0;no candidate in the register;2026-09-11T07:25:25.3868422Z;2;Fw: Dotaz na realizaci zamýšlené transakce;25874128 R capital, a.s
palatinum investicni s r o;Name;Palatinum Investiční s.r.o.;Found;08232121;Palatinum Investiční, s.r.o.;SpoleÄŤnost s ruÄŤenĂ­m omezenĂ˝m;112;Nepomuk;č.p. 17, 26242 Nepomuk;True;1;;2026-09-11T07:25:25.6440254Z;25;Fw: IČ: 08232121, Palatinum Investiční s.r.o.;08232121 Palatinum Investiční, s.r.o
autoservis na rozcesti s r o;Name;AUTOSERVIS NA ROZCESTÍ s.r.o.;Found;06483461;AUTOSERVIS NA ROZCESTÍ s.r.o.;SpoleÄŤnost s ruÄŤenĂ­m omezenĂ˝m;112;České Budějovice;Zavadilka 2095, České Budějovice 2, 37005 České Budějovice;True;1;;2026-09-11T07:25:25.9023939Z;5;Fw: AUTOSERVIS NA ROZCESTÍ s.r.o. IČ 06483461 - uvěr č. 459844469 - Sberbank;06483461 AUTOSERVIS NA ROZCESTÍ s.r.o
invest s r o;Name;invest s.r.o.;Failed;;;;;;;;0;HTTP 400 - The remote server returned an error: (400) Bad Request.;2026-09-11T07:25:26.1676203Z;12;Fw: NIK 97 invest s.r.o.;invest s.r.o
departmentapartment s r o;Name;DEPARTMENTAPARTMENT s.r.o.;Found;21013152;DEPARTMENTAPARTMENT s.r.o.;SpoleÄŤnost s ruÄŤenĂ­m omezenĂ˝m;112;Praha;Rybná 716/24, Staré Město, 11000 Praha 1;True;1;;2026-09-11T07:25:26.4407882Z;13;FW: DEPARTMENTAPARTMENT s.r.o. 21013152;21013152 DEPARTMENTAPARTMENT s.r.o
identity group a s;Name;IDENTITY GROUP a.s.;Found;28212487;IDENTITY GROUP a.s.;AkciovĂˇ spoleÄŤnost;121;Praha;Soběslavská 2062/44, Vinohrady, 13000 Praha 3;True;1;;2026-09-11T07:25:26.7064664Z;11;Re: IDENTITY GROUP a.s., IČ 28212487;28212487 IDENTITY GROUP a.s
pm trans s r o;Name;PM trans s.r.o.;Found;25384295;PM trans s.r.o.;SpoleÄŤnost s ruÄŤenĂ­m omezenĂ˝m;112;Český Těšín;Třanovická 52, Koňákov, 73562 Český Těšín;True;3;;2026-09-11T07:25:27.0228938Z;3;PM trans s.r.o. IČ 25384295;25384295 PM trans s.r.o
evb advokatni kancelar s r o;Name;EVB advokátní kancelář s.r.o.;Found;26823683;EVB advokátní kancelář s.r.o.;SpoleÄŤnost s ruÄŤenĂ­m omezenĂ˝m;112;Ostrava;Poděbradova 1243/7, Moravská Ostrava, 70200 Ostrava;True;1;;2026-09-11T07:25:27.2621398Z;5;Fw: Právní stanovisko k návrhu kupní smlouvy - vypořádání přes účet advokátní úschovy;26823683 EVB advokátní kancelář s.r.o
vlt pila s r o;Name;VLT PILA s.r.o.;Found;07220791;VLT PILA s.r.o.;SpoleÄŤnost s ruÄŤenĂ­m omezenĂ˝m;112;Svrabov;č.p. 25, 39131 Svrabov;True;1;;2026-09-11T07:25:27.4841813Z;32;Re: VLT PILA s.r.o. IČ 07220791- draft Potvrzení věřitele ke splnění podmínky čerpání;07220791 VLT PILA s.r.o
26005344;Ico;26005344;Found;26005344;Společenství vlastníků jednotek domu čp. 101, 102, 103 Družstevní ulice, Pardubice;;145;Pardubice;Družstevní 103, Polabiny, 53009 Pardubice;True;0;;2026-09-11T07:25:27.7093067Z;2;Společenství vlastníků jednotek domu čp. 101, 102, 103 Družstevní ulice, Pardubice-Fw: zápis ze shromáždění CLUID 9004-04-24-13.29.02.870482;26005344 Společenství vlastníků jednotek domu čp. 101
formaco tech s r o;Name;FORMACO TECH s.r.o.;Found;27667529;FORMACO TECH s.r.o.;SpoleÄŤnost s ruÄŤenĂ­m omezenĂ˝m;112;Rudice;č.p. 312, 67906 Rudice;True;1;;2026-09-11T07:25:28.0610628Z;4;Fw: FORMACO TECH s.r.o., 27667529;27667529 FORMACO TECH s.r.o
stavby rybniku s r o;Name;Stavby rybníků s.r.o.;Found;02951746;Stavby rybníků s.r.o.;SpoleÄŤnost s ruÄŤenĂ­m omezenĂ˝m;112;Vlašim;Žižkovo nám. 226, 25801 Vlašim;True;1;;2026-09-11T07:25:28.2927575Z;3;Fw: Stavby rybníků s.r.o. 02951746 id žádosti : 2072337587 číslo účtu 3471417359;02951746 Stavby rybníků s.r.o
euro group moravia s r o;Name;Euro Group Moravia s.r.o.;Found;26810794;Euro Group Moravia s.r.o.;SpoleÄŤnost s ruÄŤenĂ­m omezenĂ˝m;112;Dub nad Moravou;Tučapy 444, 78375 Dub nad Moravou;True;1;;2026-09-11T07:25:28.5770790Z;8;Euro Group Moravia s.r.o. , IČ: 26810794;26810794 Euro Group Moravia s.r.o
posouzeni dokumentace ho de s r o;Name;Posouzení dokumentace HO&DE s.r.o.;NotFound;;;;;;;;0;no candidate in the register;2026-09-11T07:25:28.8083683Z;5;FW: Posouzení dokumentace HO&DE  s.r.o.;05262925 HO&DE s.r.o
h s r o;Name;H s.r.o.;Failed;;;;;;;;0;HTTP 400 - The remote server returned an error: (400) Bad Request.;2026-09-11T07:25:29.0359909Z;6;Fw: Sabla – H s.r.o.-Fw: Smlouva o zápůjčce;H s.r.o
pos solutions s r o;Name;POS Solutions s.r.o.;Found;01727044;POS Solutions s.r.o.;SpoleÄŤnost s ruÄŤenĂ­m omezenĂ˝m;112;Praha;Jasná II 1338/1, Braník, 14700 Praha 4;True;2;;2026-09-11T07:25:29.3513351Z;3;Fw: Úvěr v EUR - POS Solutions;01727044 POS Solutions s.r.o
spolecenstvi vlastniku nevzniklo;Name;společenství vlastníků nevzniklo.;NotFound;;;;;;;;0;no candidate in the register;2026-09-11T07:25:29.6403115Z;1;Re: Hospodářské obchodní družstvo Jabloňov - Ruda-Fw: Obec Ruda - SOUHLAS ČS, pozemek HOD Jabloňov;00842567 Obec Ruda
svj druzstevni 101 103 ze dne 17 0 4 202 4 ko;Name;SVJ  DRUŽSTEVNÍ 101-103   ze  dne  17 . 0 4 . 202 4  ko;NotFound;;;;;;;;0;no candidate in the register;2026-09-11T07:25:29.8980256Z;1;zápis ze shromáždění CLUID 9004-04-24-13.29.02.870482;26005344 SVJ DRUŽSTEVNÍ 101-103 ze dne 17 . 0 4 . 202 4 ko
svj karla iv pardubice ic 287 75 007 hlasovani;Name;SVJ Karla IV Pardubice IČ 287 75 007 - hlasování;NotFound;;;;;;;;0;no candidate in the register;2026-09-11T07:25:30.1413377Z;10;Re: SVJ Karla IV Pardubice IČ 287 75 007 - hlasování;28775007 Společenství vlastníků jednotek čp. 43 45 Karla IV., Pardubice
plus s r o;Name;plus s.r.o.;Failed;;;;;;;;0;HTTP 400 - The remote server returned an error: (400) Bad Request.;2026-09-11T07:25:30.3824696Z;9;Re: Dotaz na odštěpení společnosti.;28312767 K a P O - plus s.r.o
rezidence slivenec s r o;Name;Rezidence Slivenec s.r.o.;Found;08386030;Rezidence Slivenec s.r.o.;SpoleÄŤnost s ruÄŤenĂ­m omezenĂ˝m;112;Praha;Dlouhá 705/16, Staré Město, 11000 Praha 1;True;1;;2026-09-11T07:25:30.6706358Z;3;RE: Rezidence Slivenec s.r.o._IČ 08386030_Projektové financování;08386030 Rezidence Slivenec s.r.o
11122333;Ico;11122333;ChecksumInvalid;11122333;;;;;;;0;modulo-11 check digit does not match;2026-09-11T07:25:30.6746373Z;22;Re: vytvoření následné povinnosti - el. podpis poskytovatelů zajištění;11122333 a.s
tolup s r o;Name;TOLUP s.r.o.;Found;28453107;TOLUP s.r.o.;SpoleÄŤnost s ruÄŤenĂ­m omezenĂ˝m;112;Kutná Hora;Lorecká 465, Hlouška, 28401 Kutná Hora;True;5;;2026-09-11T07:25:30.9715166Z;1;Re: nákup pozemků;28453107 TOLUP s.r.o
zabalis s r o;Name;ZaBalis s.r.o.;NotFound;;;;;;;;0;no candidate in the register;2026-09-11T07:25:31.1922232Z;2;Re: Objasnění informací : Bajer (ZaBalis s.r.o.) 09933123;09933123 ZaBaliss s.r.o
spolecenstvi vlastniku;Name;společenství vlastníků;Failed;;;;;;;;0;HTTP 400 - The remote server returned an error: (400) Bad Request.;2026-09-11T07:25:31.4558928Z;2;Společenství vlastníků bl. 85, č.p. 2315, 2316, 2317, bl. 85-86, č.p. 2356, 2357,  bl. 86, č.p. 2300, 2301, 2302, bl. 86-87, č.p. 2351, 2352, ul. J.Skupy, bl. 87, č.p.  2318, 2319, 2320, ul. K. BieblFw: Posouzení možného financování společenství vlastníků;00043257 Stavební bytové družstvo Krušnohor
hellenia s r o;Name;HELLENIA s.r.o.;Found;27410218;HELLENIA, s.r.o.;SpoleÄŤnost s ruÄŤenĂ­m omezenĂ˝m;112;Praha;Na výsluní 2306/18, Strašnice, 10000 Praha 10;True;1;;2026-09-11T07:25:31.7332479Z;4;Fw: HELLENIA s.r.o. IČO 27410218;27410218 HELLENIA, s.r.o
sklady plus s r o;Name;SKLADY plus s.r.o.;Found;27764346;SKLADY plus s.r.o.;SpoleÄŤnost s ruÄŤenĂ­m omezenĂ˝m;112;Ostrava;Železárenská 636/4, Hulváky, 70900 Ostrava;True;1;;2026-09-11T07:25:31.9892117Z;4;Fw: SKLADY plus s.r.o., 27764346;27764346 SKLADY plus s.r.o
26105559;Ico;26105559;ChecksumInvalid;26105559;;;;;;;0;modulo-11 check digit does not match;2026-09-11T07:25:31.9922031Z;5;FW: Společenství vlastníků jednotek Puklicova 1009/20-Fw: SVJ Puklicova 1009/20, IČ 26105559;26105559 SVJ Puklicova 1009-20
svj puklicova 1009 20;Name;SVJ Puklicova 1009/20;NotFound;;;;;;;;0;no candidate in the register;2026-09-11T07:25:32.2542131Z;5;FW: Společenství vlastníků jednotek Puklicova 1009/20-Fw: SVJ Puklicova 1009/20, IČ 26105559;26105559 SVJ Puklicova 1009-20
horizon propety s r o;Name;HORIZON PROPETY s.r.o.;NotFound;;;;;;;;0;no candidate in the register;2026-09-11T07:25:32.5154030Z;6;HORIZON PROPETY s.r.o., IČ 19750226;19750226 HORIZON PROPERTY s.r.o
spolecenstvi vlastniku horni 191 ico 14055074 upresneni;Name;Společenství vlastníků Horní 191 IČO: 14055074 - upřesnění;NotFound;;;;;;;;0;no candidate in the register;2026-09-11T07:25:32.7678175Z;10;Re: Společenství vlastníků Horní 191 IČO: 14055074 - upřesnění;14055074 Společenství vlastníků Horní 191
tak properties s r o;Name;TAK Properties s.r.o.;Found;08671567;TAK Properties s.r.o.;SpoleÄŤnost s ruÄŤenĂ­m omezenĂ˝m;112;Praha;Bílkova 856/18, Staré Město, 11000 Praha 1;True;1;;2026-09-11T07:25:33.0491349Z;11;FW: Residence Staropramenná - zápůjčky;08671567 TAK Properties s.r.o
energodomy ateliery s r o;Name;Energodomy Ateliery s.r.o.;Found;08925101;Energodomy Ateliery s.r.o.;SpoleÄŤnost s ruÄŤenĂ­m omezenĂ˝m;112;Praha;Mrázkova 583/7, Černý Most, 19800 Praha 9;True;1;;2026-09-11T07:25:33.3049837Z;7;Re: Energodomy Ateliery s.r.o.;08480036 KOHAJDA & PARTNER, advokátní kancelář s.r.o
moravia automation s r o;Name;Moravia Automation s.r.o.;Found;08976848;Moravia Automation s.r.o.;SpoleÄŤnost s ruÄŤenĂ­m omezenĂ˝m;112;Útěchov;č.p. 53, 57101 Útěchov;True;1;;2026-09-11T07:25:33.5623108Z;4;RE: 2054465302 _ Moravia Automation  / Útěchov_kupní smlouva_návrh_kom_11_03;08976848 Moravia Automation s.r.o
molik reality s r o;Name;Molík reality s.r.o.;Found;22797599;Molík reality s.r.o.;SpoleÄŤnost s ruÄŤenĂ­m omezenĂ˝m;112;Most;Okružní 3407/11, 43401 Most;True;1;;2026-09-11T07:25:33.8369580Z;2;Žádost o kontrolu  návrhu smluvFw: Návrhy KS + Smlouvy o advokátní úschově peněz  - RD K Loučkám čp. 1353, Litvínov   (P.Kučera x J.Kotelenský);44544103 Jan Kotelenský
16228821;Ico;16228821;Found;16228821;Tomáš Zahradník;FyzickĂˇ osoba podnikajĂ­cĂ­ dle ĹľivnostenskĂ©ho zĂˇkona;101;Potštejn;Ke Splavu 326, 51743 Potštejn;True;0;;2026-09-11T07:25:34.0220330Z;3;Re: Matuška-Fw: Převod účtu v rámci sdružení;16228821 Česká spořitelna a.s
svj bd vice statutarni pouze pro uverovou sml;Name;SVJ +BD  ( více-statutární ) – pouze pro  ÚVĚROVOU SML;NotFound;;;;;;;;0;no candidate in the register;2026-09-11T07:25:34.3827664Z;2;Re: textace pro elektronický podpis zástavních smluv PBHYPO;SVJ +BD ( více-statutární ) – pouze pro ÚVĚROVOU SML
vas s r o;Name;Vás s.r.o.;NotFound;;;;;;;;5;5 candidate(s), none an exact name match;2026-09-11T07:25:34.6935702Z;11;Fajn bydlení pro Vás s.r.o. ičo: 14159236 - projektové financování výstavba;14159236 Fajn bydlení pro Vás s.r.o
energo haus invest s r o;Name;ENERGO Haus invest s.r.o.;NotFound;;;;;;;;0;no candidate in the register;2026-09-11T07:25:34.8881606Z;4;Fw: ENERGO Haus invest s.r.o., IČ: 04678281;04678281 EH invest s.r.o
white agency s r o;Name;white agency s.r.o.;Found;27391787;White Agency s.r.o.;SpoleÄŤnost s ruÄŤenĂ­m omezenĂ˝m;112;Praha;Lumírova 105/21, Nusle, 12800 Praha 2;True;3;;2026-09-11T07:25:35.1607701Z;11;RE: Black & white agency s.r.o. IC:17130131;17130131 Black & white agency s.r.o
spolecenstvi vlastniku praha zahradecka 371 372 fw citace zapisu clenske schuze;Name;Společenství vlastníků Praha Zahrádecká 371-372-Fw: Citace zápisu členské schůze;NotFound;;;;;;;;0;no candidate in the register;2026-09-11T07:25:35.3880111Z;2;FW: Společenství vlastníků Praha Zahrádecká 371-372-Fw: Citace zápisu členské schůze Spol. vl. Zahrádecká 371-372, ič08729476 Revitalizace objektu;08729476 Společenství vlastníků Praha Zahrádecká 371-372
panek group europe s r o;Name;Panek Group Europe s.r.o.;Found;01572822;Panek Group Europe s.r.o.;SpoleÄŤnost s ruÄŤenĂ­m omezenĂ˝m;112;Domažlice;Petrovická 283, Hořejší Předměstí, 34401 Domažlice;True;1;;2026-09-11T07:25:35.6528222Z;1;Fw: SC0000000017082054 Žádost o součinnost na vyřízení klientské stížnosti;01572822 Panek Group Europe s.r.o
havel real estate s r o;Name;HAVEL REAL ESTATE s.r.o.;Found;28863038;HAVEL REAL ESTATE, s.r.o.;SpoleÄŤnost s ruÄŤenĂ­m omezenĂ˝m;112;Jihlava;Masarykovo náměstí 102/65, 58601 Jihlava;True;1;;2026-09-11T07:25:35.9498031Z;23;HAVEL REAL ESTATE s.r.o.   IČO 28863038;28863038 HAVEL REAL ESTATE, s.r.o
wpone plzen s r o;Name;WPONE PLZEŇ s.r.o.;Found;11813784;WPONE PLZEŇ s.r.o.;SpoleÄŤnost s ruÄŤenĂ­m omezenĂ˝m;112;Praha;náměstí Padlých 20, Nebušice, 16400 Praha 6;True;1;;2026-09-11T07:25:36.1665418Z;4;WPONE PLZEŇ s.r.o. , 11813784 právo stavby, nájem;11813784 WPONE PLZEŇ s.r.o
prespon s r o;Name;Prespon s.r.o.;Found;04762088;Prespon s.r.o.;SpoleÄŤnost s ruÄŤenĂ­m omezenĂ˝m;112;Hradec Králové;Partyzánská 342/10, Nový Hradec Králové, 50008 Hradec Králové;True;1;;2026-09-11T07:25:36.4419828Z;5;Fw: Klient Prespon s.r.o., IČ 04762088;04762088 Prespon s.r.o
neratof s r o;Name;NERATOF s.r.o.;Found;08337098;NERATOF s.r.o.;SpoleÄŤnost s ruÄŤenĂ­m omezenĂ˝m;112;Bartošovice v Orlických horách;č.p. 84, 51761 Bartošovice v Orlických horách;True;1;;2026-09-11T07:25:36.7051900Z;6;Re: Změna sazby NERATOF;08337098 NERATOF s.r.o
amifox finance s r o;Name;Amifox finance s.r.o.;Found;28649133;Amifox finance s.r.o.;SpoleÄŤnost s ruÄŤenĂ­m omezenĂ˝m;112;Fryčovice;č.p. 805, 73945 Fryčovice;True;1;;2026-09-11T07:25:36.9699597Z;3;Re: Amifox finance s.r.o., CPS 2064783123;28649133 Amifox finance s.r.o
megakris s r o;Name;Megakris s.r.o.;Found;08780226;MEGAKRIS s.r.o.;SpoleÄŤnost s ruÄŤenĂ­m omezenĂ˝m;112;Tlustice;č.p. 254, 26801 Tlustice;True;1;;2026-09-11T07:25:37.2688047Z;11;Re: Megakris s.r.o. -Fw: Prosba o vyhotovení notářského zápisu pro pana Bibena;08780226 MEGAKRIS s.r.o
svj spolecne s vop pokud neni v zajisteni smenka;Name;SVJ ( společně s VOP) pokud není v zajištění směnka;NotFound;;;;;;;;0;no candidate in the register;2026-09-11T07:25:37.4862194Z;10;Re: vytvoření následné povinnosti - el. podpis poskytovatelů zajištění;11122333 SVJ ( společně s VOP) pokud není v zajištění směnka
ucty u vyse uvedenych s r o;Name;Účty u výše uvedených s.r.o.;NotFound;;;;;;;;0;no candidate in the register;2026-09-11T07:25:37.7544356Z;2;Dotaz k povinnosti k dodatečnému zveřejňování v Registru smluv;25105299 Víceúčelová sportovní hala Slaný spol. s r.o
vychod s r o;Name;východ s.r.o.;NotFound;;;;;;;;5;5 candidate(s), none an exact name match;2026-09-11T07:25:38.0832561Z;5;Re: Orange Real Estate Development 3 východ s.r.o., IČ 09765115;09765115 Orange Real Estate Development 3 východ s.r.o
rezidence lahovicky s r o;Name;Rezidence Lahovičky s.r.o.;Found;07878729;Rezidence Lahovičky s.r.o.;SpoleÄŤnost s ruÄŤenĂ­m omezenĂ˝m;112;Praha;K sádkám 398/9, Velká Chuchle, 15900 Praha 5;True;1;;2026-09-11T07:25:38.2908637Z;1;Rezidence Lahovičky s.r.o., ič 07878729;07878729 Rezidence Lahovičky s.r.o
medhelp s r o;Name;MedHelp s.r.o.;Found;28255356;MedHelp, s.r.o.;SpoleÄŤnost s ruÄŤenĂ­m omezenĂ˝m;112;Poděbrady;Kozinova 789, Poděbrady II, 29001 Poděbrady;True;1;;2026-09-11T07:25:38.5415306Z;4;Re: změna vlastnické struktury - MedHelp s.r.o., ič: 28255356;28255356 MedHelp, s.r.o
ts mb stav s r o;Name;TS-MB stav s.r.o.;Found;08424322;TS-MB stav s.r.o.;SpoleÄŤnost s ruÄŤenĂ­m omezenĂ˝m;112;Hodonín;Dobrovolského 800/4, 69501 Hodonín;True;1;;2026-09-11T07:25:38.9105461Z;12;TS-MB stav s.r.o. 08424322 - dofinancování develop;08424322 TS-MB stav s.r.o
management s r o;Name;MANAGEMENT s.r.o.;Failed;;;;;;;;0;HTTP 400 - The remote server returned an error: (400) Bad Request.;2026-09-11T07:25:39.0443563Z;17;RE: PRAGUE EVENTS & MANAGEMENT s.r.o.-Fw: ID 2075999166 - Prosba o posouzení návrhu KS;MANAGEMENT s.r.o
interiors s r o;Name;Interiors s.r.o.;NotFound;;;;;;;;5;5 candidate(s), none an exact name match;2026-09-11T07:25:39.3767186Z;3;Re: Homer Concept & Interiors s.r.o., IČ: 04327349;04327349 Homer Concept & Interiors s.r.o
svj polska;Name;SVJ Polská;NotFound;;;;;;;;0;no candidate in the register;2026-09-11T07:25:39.5856335Z;3;Fw: Posouzení zápisu SVJ Polská, IČ 26084490;26084490 Společenství vlastníků jednotek, Polská 438
dominium rosae iii s r o;Name;Dominium Rosae III s.r.o.;Found;19085583;Dominium Rosae III s.r.o.;SpoleÄŤnost s ruÄŤenĂ­m omezenĂ˝m;112;Praha;Polská 1505/40, Vinohrady, 12000 Praha 2;True;1;;2026-09-11T07:25:39.8607558Z;5;Smart č. SC0000000035289241 - čerpání úvěru;19085583 Dominium Rosae III s.r.o
pamatky cb s r o;Name;Památky CB s.r.o.;Found;04962656;Památky CB s.r.o.;SpoleÄŤnost s ruÄŤenĂ­m omezenĂ˝m;112;České Budějovice;Lidická tř. 1290/233, České Budějovice 7, 37007 České Budějovice;True;1;;2026-09-11T07:25:40.1306490Z;6;Památky CB s.r.o.  ič 04962656 - znění ZN;04962656 Památky CB s.r.o
insolvency v o s;Name;INSOLVENCY v.o.s.;NotFound;;;;;;;;5;5 candidate(s), none an exact name match;2026-09-11T07:25:40.4390316Z;5;Re: kontrola rozhodnutí jediného společníka v působnosti valné hromady prodávajícího - úvěr klienta INSOLVENCY v.o.s., IČ 28821297;28821297 INSOLVENCY v.o.s
pivovarsky dum poupe s r o;Name;PIVOVARSKÝ DŮM POUPĚ s.r.o.;Found;02058421;PIVOVARSKÝ DŮM POUPĚ s.r.o.;SpoleÄŤnost s ruÄŤenĂ­m omezenĂ˝m;112;Brno;Dominikánská 342/15, Brno-město, 60200 Brno;True;1;;2026-09-11T07:25:40.6680974Z;3;Fw: Dotaz k formě nabývacího titulu při odkupu pozemku od státu;02058421 PIVOVARSKÝ DŮM POUPĚ s.r.o
pomoc s resim problemu spol 4interior tiles s r o;Name;Pomoc s řeším problému spol. 4interior&tiles s.r.o.;NotFound;;;;;;;;0;no candidate in the register;2026-09-11T07:25:40.9077641Z;4;Fw: Pomoc s řeším problému spol. 4interior&tiles s.r.o., IČ: 06054552;06054552 4interior&tiles s.r.o
mudr martin paciorek s r o;Name;MUDr. Martin Paciorek s.r.o.;Found;04307071;MUDr. Martin Paciorek s.r.o.;SpoleÄŤnost s ruÄŤenĂ­m omezenĂ˝m;112;Frýdek-Místek;Wolkerova 830, Místek, 73801 Frýdek-Místek;True;1;;2026-09-11T07:25:41.1901446Z;11;Re: Kupní smlouva - konzultace - MUDr. Martin Paciorek s.r.o., IČ/RČ: 04307071;04307071 MUDr. Martin Paciorek s.r.o
rdgalenia s r o;Name;RDGalenia s.r.o.;Found;29123178;RDGalenia s. r. o.;SpoleÄŤnost s ruÄŤenĂ­m omezenĂ˝m;112;Cheb;Mánesova 1210/40, 35002 Cheb;True;1;;2026-09-11T07:25:41.4478997Z;4;Re: RDGalenia s.r.o. IČO: 29123178;29123178 RDGalenia s. r. o
08217025;Ico;08217025;Found;08217025;Skayo Capital s.r.o.;SpoleÄŤnost s ruÄŤenĂ­m omezenĂ˝m;112;Praha;Na Cihlářce 2767/20, Smíchov, 15000 Praha 5;True;0;;2026-09-11T07:25:41.6404227Z;2;Skayo Capital s.r.o.-Fw: Skayo, Rozhodnuti jedineho spolecniak k odsouhlaseni;08217025 Skayo Capital s.r.o
skayo capital s r o;Name;Skayo Capital s.r.o.;Found;08217025;Skayo Capital s.r.o.;SpoleÄŤnost s ruÄŤenĂ­m omezenĂ˝m;112;Praha;Na Cihlářce 2767/20, Smíchov, 15000 Praha 5;True;1;;2026-09-11T07:25:42.0157246Z;5;Skayo Capital s.r.o.-Fw: Skayo, Rozhodnuti jedineho spolecniak k odsouhlaseni;08217025 Skayo Capital s.r.o
19841841;Ico;19841841;Found;19841841;STING Reality s.r.o.;SpoleÄŤnost s ruÄŤenĂ­m omezenĂ˝m;112;Třinec;1. máje 540, Staré Město, 73961 Třinec;True;0;;2026-09-11T07:25:42.1946591Z;5;Kontrola návrhu kupní ceny na koupi nemovitosti - Tomáš Turčín;19841841 a.s
elvorev investicni s r o;Name;ELVOREV Investiční s.r.o.;Found;29362482;ELVOREV Investiční s.r.o.;SpoleÄŤnost s ruÄŤenĂ­m omezenĂ˝m;112;Hodonín;Dobrovolského 800/4, 69501 Hodonín;True;1;;2026-09-11T07:25:42.5257620Z;13;Fw: ELVOREV Investiční s.r.o. 29362482 - Develop - prodej;29362482 ELVOREV Investiční s.r.o
i s r o;Name;I s.r.o.;Failed;;;;;;;;0;HTTP 400 - The remote server returned an error: (400) Bad Request.;2026-09-11T07:25:42.7260160Z;15;Re: SL - I s.r.o.-Fw: Konzultace Smlouva o dílo;19882386 SL- I s.r.o
novomestska teplarenska a s;Name;Novoměstská teplárenská a.s.;Found;25335057;Novoměstská teplárenská a.s.;AkciovĂˇ spoleÄŤnost;121;Nové Město na Moravě;Hornická 973, 59231 Nové Město na Moravě;True;1;;2026-09-11T07:25:43.0004725Z;7;Fw: Novoměstská teplárenská a.s. - Sberbank;25335057 Novoměstská teplárenská a.s
rezidence ve vrchu s r o;Name;Rezidence Ve Vrchu s.r.o.;Found;04019563;Rezidence Ve Vrchu s.r.o.;SpoleÄŤnost s ruÄŤenĂ­m omezenĂ˝m;112;Praha;Božkova 1616/4, Dejvice, 16000 Praha 6;True;1;;2026-09-11T07:25:43.2793041Z;1;Re: Žádost o posouzení finálních dokumentů;04019563 Rezidence Ve Vrchu s.r.o
rp litvinov s r o;Name;RP Litvínov s.r.o.;Found;04884540;RP Litvínov s.r.o.;SpoleÄŤnost s ruÄŤenĂ­m omezenĂ˝m;112;Litvínov;Dolní Litvínov 5, 43601 Litvínov;True;1;;2026-09-11T07:25:43.5397161Z;5;Fw: RP Litvínov s.r.o. IČ: 04884540 ;04884540 RP Litvínov s.r.o
svj sobrova 2298;Name;SVJ Šobrova 2298;NotFound;;;;;;;;0;no candidate in the register;2026-09-11T07:25:43.7964281Z;6;Fw: Kontrola zápis SVJ Šobrova 2298, Písek, IČ 03174271 - urgent;03174271 Společenství vlastníků jednotek v domě č.p. 2298 v Písku
biofish s r o;Name;BioFish s.r.o.;Found;60930527;BioFish s.r.o.;SpoleÄŤnost s ruÄŤenĂ­m omezenĂ˝m;112;Kamenice nad Lipou;Pravíkov 29, 39470 Kamenice nad Lipou;True;1;;2026-09-11T07:25:44.0481526Z;1;Fw: BioFish;60930527 BioFish s.r.o
central home s r o;Name;CENTRAL HOME s.r.o.;Found;09986367;CENTRAL HOME s.r.o.;SpoleÄŤnost s ruÄŤenĂ­m omezenĂ˝m;112;Vimperk;Rožmberská 71/1, Vimperk II, 38501 Vimperk;True;2;;2026-09-11T07:25:44.3316657Z;14;CENTRAL HOME s.r.o.   IČ: 09986367;09986367 CENTRAL HOME s.r.o
bonitrade property a s;Name;BONITRADE PROPERTY a.s.;Found;11913762;BONITRADE PROPERTY a.s.;AkciovĂˇ spoleÄŤnost;121;Praha;Olštýnská 607/1, Troja, 18100 Praha 8;True;1;;2026-09-11T07:25:44.5720754Z;13;Fw: BONITRADE PROPERTY a.s.: IČ: 11913762 ;11913762 BONITRADE PROPERTY a.s
bankbedej s r o;Name;BankBedej s.r.o.;Found;19408919;BankBedej s.r.o.;SpoleÄŤnost s ruÄŤenĂ­m omezenĂ˝m;112;Praha;Rybná 716/24, Staré Město, 11000 Praha 1;True;1;;2026-09-11T07:25:44.8342278Z;3;Fw: BankBedej s.r.o. IČ: 19408919;19408919 BankBedej s.r.o
gorda stainless s r o;Name;Gorda stainless s.r.o.;Found;08021848;GORDA stainless s.r.o.;SpoleÄŤnost s ruÄŤenĂ­m omezenĂ˝m;112;Kladno;Na vyhaslém 3164, 27201 Kladno;True;1;;2026-09-11T07:25:45.1118510Z;4;Ing. Jaroslav Gorda;08021848 GORDA stainless s.r.o
mlk houses s r o;Name;MLK houses s.r.o.;Found;08294305;MLK houses s.r.o.;SpoleÄŤnost s ruÄŤenĂ­m omezenĂ˝m;112;Malenovice;č.p. 257, 73911 Malenovice;True;1;;2026-09-11T07:25:45.3616461Z;10;Re:  MLK houses s.r.o.-Fw: vyjádření k dotazu právníka klienta;08294305 MLK houses s.r.o
stavpromont s r o;Name;StavProMont s.r.o.;Found;03574245;StavProMont s.r.o.;SpoleÄŤnost s ruÄŤenĂ­m omezenĂ˝m;112;Praha;Sokolovská 325/140, Karlín, 18600 Praha 8;True;3;;2026-09-11T07:25:45.6728096Z;7;Fw: kontrola PZS Sberbank - StavProMont s.r.o., 3574245;03574245 StavProMont s.r.o
svj cluid 8023 01 01 04 44 28 760809 hlasovani per;Name;SVJ CLUID  8023-01-01-04.44.28.760809 - hlasování per;NotFound;;;;;;;;0;no candidate in the register;2026-09-11T07:25:45.9277256Z;19;Re: Společenství vlastníků jednotek domu Hromůvka 1885-1886 v Hranicích-Fw: SVJ CLUID  8023-01-01-04.44.28.760809 - hlasování per rollam - prosím URGENT;SVJ CLUID 8023-01-01-04.44.28.760809 - hlasování per
minak real s r o;Name;MiNaK real s.r.o.;Found;06952054;MiNaK real s.r.o.;SpoleÄŤnost s ruÄŤenĂ­m omezenĂ˝m;112;Psáry;V Zahradách 235, 25244 Psáry;True;1;;2026-09-11T07:25:46.1901089Z;2;MiNaK real s.r.o._Fw: Smlouva o úvěru Ateliéry Strašnice;08480036 KOHAJDA & PARTNER, advokátní kancelář s.r.o
smlouvy je horizont real s r o;Name;Smlouvy je Horizont Real s.r.o.;NotFound;;;;;;;;0;no candidate in the register;2026-09-11T07:25:46.4205393Z;2;Fw: posouzení smlouvy NZ ohledně věcného břemene;06717586 ARROWS advokátní kancelář, s.r.o
v priloze posilam smlouvu mezi s r o;Name;V příloze posílám smlouvu mezi s.r.o.;NotFound;;;;;;;;0;no candidate in the register;2026-09-11T07:25:46.6803811Z;5;Fw: konzultace k účelu úvěru číslo žádosti 2078233090;27754626 Day Spa Shop s.r.o
60752424;Ico;60752424;Found;60752424;Stavební stroje HELIOS s.r.o.;SpoleÄŤnost s ruÄŤenĂ­m omezenĂ˝m;112;Němčice nad Hanou;Masarykova 419, 79827 Němčice nad Hanou;True;0;;2026-09-11T07:25:46.8890582Z;2;zápis z valné hromady;60752424 a.s
prosba urgent akcent international house prague s r o;Name;Prosba URGENT AKCENT International House Prague s.r.o.;NotFound;;;;;;;;0;no candidate in the register;2026-09-11T07:25:47.2524795Z;3;Fwd: Prosba URGENT AKCENT International House Prague s.r.o., IČ: 48032778;48032778 AKCENT International House Prague s.r.o
10843922;Ico;10843922;Found;10843922;PRETTY TERMS s.r.o.;SpoleÄŤnost s ruÄŤenĂ­m omezenĂ˝m;112;Praha;Kolbenova 616/34, Vysočany, 19000 Praha 9;True;0;;2026-09-11T07:25:47.4036043Z;1;zástavní smlouva k úvěru Pretty term s.r.o.;10843922 Pretty term s.r.o
pretty term s r o;Name;Pretty term s.r.o.;NotFound;;;;;;;;0;no candidate in the register;2026-09-11T07:25:47.7824280Z;1;zástavní smlouva k úvěru Pretty term s.r.o.;10843922 Pretty term s.r.o
mb pharma s r o;Name;MB Pharma s.r.o.;Found;25687191;MB PHARMA s.r.o.;SpoleÄŤnost s ruÄŤenĂ­m omezenĂ˝m;112;Praha;Rubešova 72/9, Vinohrady, 12000 Praha 2;True;2;;2026-09-11T07:25:48.0276663Z;5;Re: MB Pharma s.r.o., IČ 25687191;25687191 MB PHARMA s.r.o
post home s r o;Name;Post home s.r.o.;Found;05845742;Post home s.r.o.;SpoleÄŤnost s ruÄŤenĂ­m omezenĂ˝m;112;Šumperk;B. Němcové 782/4, 78701 Šumperk;True;1;;2026-09-11T07:25:48.2715903Z;2;Automatická odpověď: Post home s.r.o., IČ 05845742, č v CPS 2081547290 - smlouvy o zápůjčce - revize;05845742 Post home s.r.o
10824634;Ico;10824634;Found;10824634;Fagabo Czech s.r.o.;SpoleÄŤnost s ruÄŤenĂ­m omezenĂ˝m;112;Brtnice;nám. Svobody 256, 58832 Brtnice;True;0;;2026-09-11T07:25:48.4545759Z;11;FW: prosba - valné hromady Předvýběr a Fagabo;10824634 Fagabo Czech s.r.o
manax s r o;Name;MANAX s.r.o.;Found;26931494;MANAX s.r.o.;SpoleÄŤnost s ruÄŤenĂ­m omezenĂ˝m;112;Zlín;Pod Bořím 480, Štípa, 76314 Zlín;True;1;;2026-09-11T07:25:48.8295247Z;2;Fw: Hutisko - tender, návrh smlouvy;26931494 MANAX s.r.o
spolecenstvi vlastniku pro dum druzstevni ochoz c p 1376 1382 rc ic 24165522;Name;Společenství vlastníků pro dům Družstevní ochoz č.p. 1376-1382 RČ/IČ 24165522;NotFound;;;;;;;;0;no candidate in the register;2026-09-11T07:25:49.0515727Z;3;Fw: Posouzení SOD  Žadatel Společenství vlastníků pro dům Družstevní ochoz č.p. 1376-1382 RČ/IČ 24165522;24165522 Společenství vlastníků pro dům Družstevní ochoz č.p. 1376-1382
amazing apartments s r o;Name;Amazing Apartments s.r.o.;Found;19874138;Amazing Apartments s.r.o.;SpoleÄŤnost s ruÄŤenĂ­m omezenĂ˝m;112;Brno;Jaroslava Foglara 865/10, Štýřice, 63900 Brno;True;1;;2026-09-11T07:25:49.2982794Z;6;FW: vzor textu u kupních smluv Diorit - Amazing Apartments s.r.o. IČ 19874138;19874138 Amazing Apartments s.r.o
it s r o;Name;IT s.r.o.;NotFound;;;;;;;;5;5 candidate(s), none an exact name match;2026-09-11T07:25:49.6211295Z;5;Fw: mbcomp IT s.r.o., CPS+ ID 2054176350;27174824 Tlapnet s.r.o
rn kovo s r o;Name;RN KOVO s.r.o.;Found;08593612;RN KOVO s.r.o.;SpoleÄŤnost s ruÄŤenĂ­m omezenĂ˝m;112;Ústí nad Orlicí;Písečník 1574, 56201 Ústí nad Orlicí;True;1;;2026-09-11T07:25:49.7989313Z;3;Prosba URGENT - RN KOVO s.r.o., IČ 08593612 - chyba v účtu prodávajícího ve Smlouvě o jistotním účtu a Kupní smlouvě;08593612 RN KOVO s.r.o
city dental klinik s r o;Name;City Dental KLinik s.r.o.;Found;14144611;City Dental Klinik s.r.o.;SpoleÄŤnost s ruÄŤenĂ­m omezenĂ˝m;112;Ústí nad Labem;Stroupežnického 1370/7, Ústí nad Labem-centrum, 40001 Ústí nad Labem;True;1;;2026-09-11T07:25:50.1171734Z;3;Fw: Dotaz - podmínka čerpání - doložení zápisu z valné hromady prodávajícího;14144611 City Dental Klinik s.r.o
svj prostor pro napadeni platnosti zastavni smlouvy v;Name;SVJ prostor pro napadení platnosti zástavní smlouvy v;NotFound;;;;;;;;0;no candidate in the register;2026-09-11T07:25:50.3479692Z;4;Re: zástava pohledávek z účtu;SVJ prostor pro napadení platnosti zástavní smlouvy v
svj ledenicka ic 02264625 vraceno doplnene;Name;SVJ Ledenická - IČ 02264625 - vráceno doplněné;NotFound;;;;;;;;0;no candidate in the register;2026-09-11T07:25:50.5840585Z;1;Re: Společenství vlastníků domu Ledenická 497, České Budějovice-Posouzení Zápisu ze shromáždění SVJ Ledenická - IČ 02264625 - vráceno doplněné;02264625 Společenství vlastníků domu Ledenická 497, České Budějovice
jpb tabor s r o;Name;JPB TÁBOR s.r.o.;Found;26110750;JPB TÁBOR s.r.o.;SpoleÄŤnost s ruÄŤenĂ­m omezenĂ˝m;112;Jistebnice;Zvěstonín 14, 39133 Jistebnice;True;1;;2026-09-11T07:25:50.8703887Z;11;Re: JPB TÁBOR s.r.o. IČ: 26110750	č. žádosti 2076043184;26110750 JPB TÁBOR s.r.o
00153077;Ico;00153077;ChecksumInvalid;00153077;;;;;;;0;modulo-11 check digit does not match;2026-09-11T07:25:50.8763812Z;7;Fw: specifikace podmínek čerpání úvěru;00153077
spolecenstvi vlastniku jednotek cihlarska 781 a 782;Name;Společenství vlastníků jednotek Cihlářská 781 a 782;Found;03056775;Společenství vlastníků jednotek Cihlářská 781 a 782;;145;Praha;Cihlářská 782/10a, Prosek, 19000 Praha 9;True;1;;2026-09-11T07:25:51.1179007Z;4;Společenství vlastníků jednotek Cihlářská 781 a 782, IČO 03056775;03056775 Společenství vlastníků jednotek Cihlářská 781 a 782
syrovatka s r o;Name;Syrovátka s.r.o.;NotFound;;;;;;;;2;2 candidate(s), none an exact name match;2026-09-11T07:25:51.3840354Z;5;Fw: Korporátní souhlas - Syrovátka s.r.o. - IČO 46993673;46993673 BROKIS WOOD s.r.o
kl special reality s r o;Name;KL Special Reality s.r.o.;Found;05938422;KL Special Reality s.r.o.;SpoleÄŤnost s ruÄŤenĂ­m omezenĂ˝m;112;Havířov;Dělnická 752/78, Prostřední Suchá, 73564 Havířov;True;1;;2026-09-11T07:25:51.6392020Z;13;Fw: KL Special Reality s.r.o., IČ: 05938422, č v CPS 2065384529;05938422 KL Special Reality s.r.o
24682349;Ico;24682349;Found;24682349;Lucky film production, s.r.o.;SpoleÄŤnost s ruÄŤenĂ­m omezenĂ˝m;112;Praha;Čajkovského 1684/29, Žižkov, 13000 Praha 3;True;0;;2026-09-11T07:25:51.8402917Z;4;Fw: Kontrola dokumentů;24682349 s.r.o
cubic development s r o;Name;Cubic Development s.r.o.;Found;10844813;Cubic Development s.r.o.;SpoleÄŤnost s ruÄŤenĂ­m omezenĂ˝m;112;Brno;Havlíčkova 166/68, Stránice, 60200 Brno;True;1;;2026-09-11T07:25:52.1909099Z;1;Fw: Cubic Development s.r.o. IČ 10844813 - DPH;10844813 Cubic Development s.r.o
shark europe s r o;Name;Shark Europe s.r.o.;Found;02499371;Conrad & Shark Europe s.r.o.;SpoleÄŤnost s ruÄŤenĂ­m omezenĂ˝m;112;Praha;Na usedlosti 1837/10, Braník, 14700 Praha 4;True;1;;2026-09-11T07:25:52.4175876Z;4;Fw: informace k zástavě na LV Conrad & Shark Europe s.r.o. IČ 02499371;02499371 Conrad & Shark Europe s.r.o
ludacka machine tools s r o;Name;Ludačka Machine Tools s.r.o.;NotFound;;;;;;;;0;no candidate in the register;2026-09-11T07:25:52.6957508Z;5;Fw: Ludačka Machine Tools s.r.o., IČ 03553400 - posouzení návrhu obchodního případu - Bankovní záruka;03553400 LMTS s.r.o
svj mezibori zadost o kontrolu zapisu;Name;SVJ Meziboří- žádost o kontrolu zápisu;NotFound;;;;;;;;0;no candidate in the register;2026-09-11T07:25:52.9324603Z;7;RE: Žádost o zpracování Fw: Společenství vlastníků jednotek B-24 Meziboří-Fw: SVJ Meziboří- žádost o kontrolu zápisu;07661029 Společenství vlastníků jednotek B-24 Meziboří
podlahy kutil s r o;Name;Podlahy Kutil s.r.o.;Found;04357345;Podlahy Kutil s.r.o.;SpoleÄŤnost s ruÄŤenĂ­m omezenĂ˝m;112;Milovice;Na pahorku 84/42, 28924 Milovice;True;1;;2026-09-11T07:25:53.2142088Z;4;Re: 04357345, Podlahy Kutil s.r.o.;04357345 Podlahy Kutil s.r.o
projektovemu financovani roh podebrady s r o;Name;Projektovému financování ROH Poděbrady s.r.o.;NotFound;;;;;;;;0;no candidate in the register;2026-09-11T07:25:53.4599604Z;7;Re: LCD posouzení podkladů k Projektovému financování ROH Poděbrady s.r.o. IČO: 09960350;09960350 ROH Poděbrady s.r.o
ecosun investment s r o;Name;EcoSun Investment s.r.o.;Found;29382203;EcoSun Investment s.r.o.;SpoleÄŤnost s ruÄŤenĂ­m omezenĂ˝m;112;Ostrava;Teslova 1129/2b, Přívoz, 70200 Ostrava;True;1;;2026-09-11T07:25:53.7331781Z;5;Fw: Rozhodnutí valné hromady k zajištění úvěru (EcoSun Investment s.r.o., IČ: 29382203);29382203 EcoSun Investment s.r.o
hyxpo projektove small property invest s r o;Name;Hyxpo projektové Small Property Invest s.r.o.;NotFound;;;;;;;;0;no candidate in the register;2026-09-11T07:25:53.9683640Z;4;Smlouva o dílo + SOBKS - posouzení Hyxpo projektové Small Property Invest s.r.o. 21708673	ID 2074121194 č.ú. 0627439199;21708673 Small Property Invest s.r.o
vg intermedia s r o;Name;VG Intermedia s.r.o.;Found;28442466;VG Intermedia s.r.o.;SpoleÄŤnost s ruÄŤenĂ­m omezenĂ˝m;112;Vysoký Újezd;Pod Ovčínem 395, 26716 Vysoký Újezd;True;1;;2026-09-11T07:25:54.2661152Z;4;FW: VG Intermedia s.r.o.	28442466 - návrh jak řešit;28442466 VG Intermedia s.r.o
riverich s r o;Name;RIVERICH s.r.o.;Found;27211452;RIVERICH s.r.o.;SpoleÄŤnost s ruÄŤenĂ­m omezenĂ˝m;112;Březová-Oleško;Pařízkova 681, Březová, 25245 Březová-Oleško;True;2;;2026-09-11T07:25:54.5198344Z;5;Fw: RIVERICH s.r.o. IČ: 27211452;27211452 RIVERICH s.r.o
spolecenstvi vlastniku nerudova 939 44;Name;Společenství vlastníků Nerudova 939/44;Found;28111150;Společenství vlastníků Nerudova 939/44, České Budějovice;;145;České Budějovice;Nerudova 939/44, České Budějovice 3, 37004 České Budějovice;True;1;;2026-09-11T07:25:54.7857814Z;5;Společenství vlastníků Nerudova 939/44, České Budějovice, IČ 28111150 - zápis ze schůze;28111150 Společenství vlastníků Nerudova 939-44, České Budějovice
final kom s r o;Name;FINAL KOM s.r.o.;Found;02877155;FINAL KOM s.r.o.;SpoleÄŤnost s ruÄŤenĂ­m omezenĂ˝m;112;Klatovy;Havlíčkova 947, Klatovy IV, 33901 Klatovy;True;1;;2026-09-11T07:25:55.0593686Z;4;Fw: FINAL KOM s.r.o. IČ: 02877155,   CPS 2044960754;02877155 FINAL KOM s.r.o
setekocar s r o;Name;SeTeKoCAR s.r.o.;Found;24786781;SeTeKoCAR s.r.o.;SpoleÄŤnost s ruÄŤenĂ­m omezenĂ˝m;112;Příbram;Písecká 190, Příbram V-Zdaboř, 26101 Příbram;True;1;;2026-09-11T07:25:55.3050491Z;1;dotaz k podpisu dokumentace spol. SeTeKoCAR s.r.o. ičo 24786781;24786781 SeTeKoCAR s.r.o
renome clinic s r o;Name;Renomé clinic s.r.o.;Found;08005796;Renomé clinic s.r.o.;SpoleÄŤnost s ruÄŤenĂ­m omezenĂ˝m;112;Praha;Radlická 365/154, Radlice, 15800 Praha 5;True;1;;2026-09-11T07:25:55.5960730Z;6;"Renomé clinic s.r.o.; IČ 08005796";08005796 Renomé clinic s.r.o
sm doublehouse s r o;Name;SM doublehouse s.r.o.;Found;17174562;SM doublehouse s.r.o.;SpoleÄŤnost s ruÄŤenĂ­m omezenĂ˝m;112;Praha;Podskalská 1512/22, Nové Město, 12800 Praha 2;True;1;;2026-09-11T07:25:55.8554010Z;21;SM doublehouse s.r.o., IČ 17174562;17174562 SM doublehouse s.r.o
suiteforce s r o;Name;SuiteForce s.r.o.;Found;25544969;SuiteForce s.r.o.;SpoleÄŤnost s ruÄŤenĂ­m omezenĂ˝m;112;Brno;Šámalova 3280/24, Židenice, 61500 Brno;True;1;;2026-09-11T07:25:56.0895743Z;7;Re: IČ 25544969, SuiteForce s.r.o./akceptace;25544969 SuiteForce s.r.o
novydomovreall s r o;Name;NovýDomovReALL s.r.o.;NotFound;;;;;;;;0;no candidate in the register;2026-09-11T07:25:56.3661831Z;2;Fw: kupní smlouva + úschovní smlouva + NVK. Budjav;17335141 NovýDomovReALL s.r.o
tyrlanstav s r o;Name;TYRLANSTAV s.r.o.;Found;06353720;TYRLANSTAV s.r.o.;SpoleÄŤnost s ruÄŤenĂ­m omezenĂ˝m;112;Praha;Mladoboleslavská 258, Kbely, 19700 Praha 9;True;1;;2026-09-11T07:25:56.6264720Z;5;Re: Žádost o kontrolu kupní smlouvy + smlouvy o advokátní úschově - TYRLANSTAV s.r.o.;06353720 TYRLANSTAV s.r.o
wood4you s r o;Name;WOOD4YOU s.r.o.;Found;24187798;WOOD4YOU s.r.o.;SpoleÄŤnost s ruÄŤenĂ­m omezenĂ˝m;112;Ústí nad Labem;Fibichova 3644/1a, Ústí nad Labem-centrum, 40001 Ústí nad Labem;True;1;;2026-09-11T07:25:56.8862836Z;2;Re: Fw: WOOD4YOU s.r.o. ič: 24187798, žádost č.: 2043025036;24187798 WOOD4YOU s.r.o
moravia proinvest s r o;Name;MORÁVIA-PROINVEST s.r.o.;Found;25560514;MORÁVIA-PROINVEST s.r.o.;SpoleÄŤnost s ruÄŤenĂ­m omezenĂ˝m;112;Hrobice;č.p. 145, 76315 Hrobice;True;1;;2026-09-11T07:25:57.1586342Z;4;Fw: MORÁVIA-PROINVEST s.r.o., IČ: 25560514;25560514 MORÁVIA-PROINVEST s.r.o
pm k firme efect facility s r o;Name;PM k firmě Efect Facility s.r.o.;NotFound;;;;;;;;0;no candidate in the register;2026-09-11T07:25:57.4218281Z;2;Fw: PM k firmě Efect Facility s.r.o. , IČO 17620147;17620147 Efect Facility s.r.o
spolecenstvi vlastniku jednotek belcicka 2825 ico 28949536;Name;SPOLEČENSTVÍ VLASTNÍKŮ JEDNOTEK BĚLČICKÁ 2825 ičo 28949536:;NotFound;;;;;;;;0;no candidate in the register;2026-09-11T07:25:57.6741900Z;3;urgentní dotaz SPOLEČENSTVÍ VLASTNÍKŮ JEDNOTEK BĚLČICKÁ 2825 ičo 28949536:;28949536 Společenství vlastníků jednotek Bělčická 2825
op komunita s r o;Name;OP Komunita s.r.o.;Found;06256759;OP Komunita s.r.o.;SpoleÄŤnost s ruÄŤenĂ­m omezenĂ˝m;112;Čáslav;Jana Roháče z Dubé 221/11, Čáslav-Staré Město, 28601 Čáslav;True;1;;2026-09-11T07:25:57.9932270Z;15;OP Komunita s.r.o. ICˇ:06256759;06256759 OP Komunita s.r.o
spolecenstvi vlastniku jednotek pro dum komenskeho 342 30;Name;Společenství vlastníků jednotek pro dům Komenského 342/30;Found;28573889;Společenství vlastníků jednotek pro dům Komenského 342/30, Šternberk;;145;Šternberk;Komenského 342/30, 78501 Šternberk;True;1;;2026-09-11T07:25:58.2512509Z;2;Fw: CPS: CPS - MSE: výsledek schvalování;28573889 Společenství vlastníků jednotek pro dům Komenského 342-30, Šternberk
17184371;Ico;17184371;Found;17184371;Brick Houses Developer s.r.o.;SpoleÄŤnost s ruÄŤenĂ­m omezenĂ˝m;112;Holice;Ottmarova 1188, 53401 Holice;True;0;;2026-09-11T07:25:58.4041339Z;2;Brick Houses Developer - zápis z VH, smlouva o půjčce;17184371 Brick Houses Developer s.r.o
naevia invest s r o;Name;Naevia Invest s.r.o.;Found;04929519;Naevia Invest s.r.o.;SpoleÄŤnost s ruÄŤenĂ­m omezenĂ˝m;112;Praha;Lublaňská 267/12, Vinohrady, 12000 Praha 2;True;1;;2026-09-11T07:25:58.7894577Z;13;Naevia Invest s.r.o., IČ: 04929519;04929519 Naevia Invest s.r.o
dimco property s r o;Name;Dimco Property s.r.o.;Found;19789700;Dimco Property s.r.o.;SpoleÄŤnost s ruÄŤenĂ­m omezenĂ˝m;112;Praha;Navrátilova 1527/14, Nové Město, 11000 Praha 1;True;1;;2026-09-11T07:25:58.9924445Z;6;Re: Dimco Property s.r.o. ič 19789700;19789700 Dimco Property s.r.o
wecoo production s r o;Name;WECOO PRODUCTION s.r.o.;Found;04772466;WECOO PRODUCTION s.r.o.;SpoleÄŤnost s ruÄŤenĂ­m omezenĂ˝m;112;Jinín;č.p. 78, 38601 Jinín;True;1;;2026-09-11T07:25:59.2653100Z;6;RE: Konzultace Kupní smlouva WECOO PRODUCTION s.r.o. ič 04772466;04772466 WECOO PRODUCTION s.r.o
b m beta s r o;Name;B-M-Beta s.r.o.;Found;27352153;B-M-BETA s.r.o.;SpoleÄŤnost s ruÄŤenĂ­m omezenĂ˝m;112;Dobříň;č.p. 215, 41301 Dobříň;True;1;;2026-09-11T07:25:59.5960821Z;11;B-M-Beta s.r.o., IČ 27352153;27352153 B-M-BETA s.r.o
auto fk s r o;Name;Auto FK s.r.o.;Found;24754323;Auto FK s.r.o.;SpoleÄŤnost s ruÄŤenĂ­m omezenĂ˝m;112;Strančice;Všechromy 94, 25163 Strančice;True;2;;2026-09-11T07:25:59.8300514Z;8;FW: URGENT Plná moc k prověření - klient  Auto FK s.r.o., IČ 24754323;24754323 Auto FK s.r.o
stanislava stankova s r o;Name;Stanislava Staňková s.r.o.;Found;17608848;Stanislava Staňková s.r.o.;SpoleÄŤnost s ruÄŤenĂ­m omezenĂ˝m;112;Rohatec;Tovární 878/25, 69601 Rohatec;True;1;;2026-09-11T07:26:00.0863722Z;6;Stanislava Staňková s.r.o. ičo: 47374543 - koupě RD a pozemků;47374543 Stanislava Staňková
roturk s r o;Name;ROTURK s.r.o.;Found;25570196;ROTURK s.r.o.;SpoleÄŤnost s ruÄŤenĂ­m omezenĂ˝m;112;Bučovice;Urbáškova 80, Vícemilice, 68501 Bučovice;True;2;;2026-09-11T07:26:00.3335296Z;5;RE: ROTURK s.r.o., IČ 25570196, projektové financování - prodej, v CPS č. 2049460569;25570196 ROTURK s.r.o
kasten spol s r o;Name;KASTEN spol. s r.o.;Found;62954890;KASTEN spol. s r.o.;SpoleÄŤnost s ruÄŤenĂ­m omezenĂ˝m;112;Neratovice;Větrná 145, Byškovice, 27711 Neratovice;True;1;;2026-09-11T07:26:00.5990581Z;4;Re: KASTEN - Navrh SOD Novostavba BD Za Arielem Praha 4 - Michle;KASTEN spol. s r.o
surpap trans s r o;Name;SURPAP TRANS s.r.o.;Found;02009684;SURPAP TRANS s.r.o.;SpoleÄŤnost s ruÄŤenĂ­m omezenĂ˝m;112;Tuklaty;č.p. 265, 25082 Tuklaty;True;1;;2026-09-11T07:26:00.8387086Z;6;Re: ID případu 2051143393, společnost SURPAP TRANS s.r.o. ;02009684 SURPAP TRANS s.r.o
alegrum invest s r o;Name;alegrum invest s.r.o.;Found;10852433;alegrum invest, s.r.o.;SpoleÄŤnost s ruÄŤenĂ­m omezenĂ˝m;112;Brno;Ladova 1831/2, Řečkovice, 62100 Brno;True;1;;2026-09-11T07:26:01.1015039Z;6;Fw: alegrum invest s.r.o. - kupní smlouvy;07359250 Ing. Lukáš Koudela, BA
karamelovy sen s r o;Name;Karamelový sen s.r.o.;Found;03252302;Karamelový sen s.r.o.;SpoleÄŤnost s ruÄŤenĂ­m omezenĂ˝m;112;Český Krumlov;U Poráků 512, Horní Brána, 38101 Český Krumlov;True;1;;2026-09-11T07:26:01.3638420Z;5;Fw: Karamelový sen s.r.o.  ičo 03252302 - úvěr č. 671916159;03252302 Karamelový sen s.r.o
rentario s r o;Name;Rentario s.r.o.;Found;04905628;Rentario s.r.o.;SpoleÄŤnost s ruÄŤenĂ­m omezenĂ˝m;112;Vestec;Ve Stromkách 466, 25250 Vestec;True;1;;2026-09-11T07:26:01.6290140Z;4;Re: Rentario s.r.o., IĆ 04905628;04905628 Rentario s.r.o
industriale food s r o;Name;Industriale food s.r.o.;Found;01773046;Industriale food s.r.o.;SpoleÄŤnost s ruÄŤenĂ­m omezenĂ˝m;112;Brno;Skryjova 1606/8, Husovice, 61400 Brno;True;1;;2026-09-11T07:26:01.8916221Z;9;Industriale food s.r.o. 01773046;01773046 Industriale food s.r.o
eu protruck s r o;Name;EU PROTRUCK s.r.o.;Found;21344558;EU PROTRUCK s.r.o.;SpoleÄŤnost s ruÄŤenĂ­m omezenĂ˝m;112;Liberec;České mládeže 138/90, Liberec VI-Rochlice, 46006 Liberec;True;1;;2026-09-11T07:26:02.1708557Z;7;Re: Žádost o Vzor dokumentu Rozhodnutí jediného společníka Re: č. CPS 2070771871 - T: ideálně do 22.3.;21344558 EU PROTRUCK s.r.o
chem weld roudnice s r o;Name;CHEM-WELD ROUDNICE s.r.o.;Found;47783303;CHEM-WELD ROUDNICE s.r.o.;SpoleÄŤnost s ruÄŤenĂ­m omezenĂ˝m;112;Roudnice nad Labem;Žižkova 710, 41301 Roudnice nad Labem;True;1;;2026-09-11T07:26:02.4313590Z;4;CHemWeld Roudnice - dotaz ;47783303 CHEM-WELD ROUDNICE s.r.o
cbcb klienta burgr jako krava s r o;Name;CBCB klienta BURGR JAKO KRÁVA s.r.o.;NotFound;;;;;;;;0;no candidate in the register;2026-09-11T07:26:02.7015050Z;2;Cluid klienta: 9013-11-06-13.57.11.870663  ;02110822 BURGR JAKO KRÁVA s.r.o
karla englise a s;Name;Karla Engliše a.s.;Found;29010403;Karla Engliše a.s.;AkciovĂˇ spoleÄŤnost;121;Praha;Karla Engliše 3221/2, Smíchov, 15000 Praha 5;True;1;;2026-09-11T07:26:02.9620075Z;3;Re: Prosba Rozhodnutí akcionáře - klient Karla Engliše ID	2059206007 0626979169;29010403 Karla Engliše a.s
sveda quality s r o;Name;Švéda-Quality s.r.o.;NotFound;;;;;;;;0;no candidate in the register;2026-09-11T07:26:03.2361838Z;2;Dotaz k dispozicím na účtech;25591371 ŠVÉDA - QUALITY s.r.o
empleada s r o;Name;Empleada s.r.o.;Found;28509331;Empleada s.r.o.;SpoleÄŤnost s ruÄŤenĂ­m omezenĂ˝m;112;Praha;K Beranovu 1181/5, Dolní Chabry, 18400 Praha 8;True;1;;2026-09-11T07:26:03.4998124Z;13;Fw: Empleada s.r.o. 28509331;28509331 Empleada s.r.o
ontel s r o;Name;Ontel s.r.o.;Found;28474660;Ontel s.r.o.;SpoleÄŤnost s ruÄŤenĂ­m omezenĂ˝m;112;Praha;Světova 523/1, Libeň, 18000 Praha 8;True;1;;2026-09-11T07:26:03.7468873Z;4;Fw: kontrola kupní smlouvy Ontel s.r.o. 28474660;28474660 Ontel s.r.o
taborsky ph komplex s r o;Name;Táborský PH komplex s.r.o.;Found;06761755;Táborský PH komplex s.r.o.;SpoleÄŤnost s ruÄŤenĂ­m omezenĂ˝m;112;Tábor;Světlogorská 2767, 39005 Tábor;True;1;;2026-09-11T07:26:04.0587435Z;4;Re: dopad jednání ve shodě na žádost o úvěr;06761755 Táborský PH komplex s.r.o
warspite s r o;Name;Warspite s.r.o.;Found;03490742;WARSPITE s.r.o.;SpoleÄŤnost s ruÄŤenĂ­m omezenĂ˝m;112;Trutnov;Horská 288, Horní Staré Město, 54102 Trutnov;True;1;;2026-09-11T07:26:04.3566641Z;7;Warspite s.r.o.  	03490742 ;03490742 WARSPITE s.r.o
dentalis bohemia s r o;Name;DENTALIS Bohemia s.r.o.;Found;29295815;DENTALIS Bohemia s.r.o.;SpoleÄŤnost s ruÄŤenĂ­m omezenĂ˝m;112;Brno;Botanická 606/24, Veveří, 60200 Brno;True;1;;2026-09-11T07:26:04.5396059Z;3;FW: změna jednatele firmy DENTALIS Bohemia s.r.o. ( 29295815);29295815 DENTALIS Bohemia s.r.o
kalika s r o;Name;Kalika s.r.o.;Found;06609830;Kalika s.r.o.;SpoleÄŤnost s ruÄŤenĂ­m omezenĂ˝m;112;Ústí nad Labem;Opletalova 294, Neštěmice, 40331 Ústí nad Labem;True;1;;2026-09-11T07:26:04.8006684Z;14;klient Kalika s.r.o., iČ 06609830 - koupě restaurace v insolvenci - předpokládaný postup kroků;06609830 Kalika s.r.o
svj na odbornika poskytujiciho poradenstvi v teto obla;Name;SVJ na odborníka poskytujícího poradenství v této obla;NotFound;;;;;;;;0;no candidate in the register;2026-09-11T07:26:05.0473413Z;2;RE: Bytové družstvo SOPO cluid 8013-07-16-16.00.32.436247;SVJ na odborníka poskytujícího poradenství v této obla
d i l an s r o;Name;D.I.L.An s.r.o.;Found;26187019;D.I.L.An, s.r.o.;SpoleÄŤnost s ruÄŤenĂ­m omezenĂ˝m;112;Doksy;Pražská 954, 47201 Doksy;True;1;;2026-09-11T07:26:05.3326953Z;2;D.I.L.An s.r.o.-Fw: Souhlas Banky ;26187019 D.I.L.An, s.r.o
pet farm family s r o;Name;Pet Farm Family s.r.o.;Found;04236521;Pet Farm Family s.r.o.;SpoleÄŤnost s ruÄŤenĂ­m omezenĂ˝m;112;Praha;Rybná 716/24, Staré Město, 11000 Praha 1;True;1;;2026-09-11T07:26:05.6024931Z;13;Re: klient Pet Farm Family s.r.o.., IČ 04236521 Smlouva o zastavení movitého majetku formou NZ;04236521 Pet Farm Family s.r.o
n148 s r o;Name;N148 s.r.o.;Found;09727345;N148 s.r.o.;SpoleÄŤnost s ruÄŤenĂ­m omezenĂ˝m;112;Hostivice;Nerudova 148, 25301 Hostivice;True;1;;2026-09-11T07:26:05.8257569Z;5;Re: Nájemní smlouvy/Dodatky - CPS 2071056068, N148 s.r.o., IČ 09727345 - Zástavní smlouva k nájmům. ;09727345 N148 s.r.o
svj u pruhonu;Name;SVJ U Průhonu;NotFound;;;;;;;;0;no candidate in the register;2026-09-11T07:26:06.0900330Z;5;Re: Společenství vlastníků jednotek v domě U Průhonu 1493/11-Fw: SVJ U Průhonu;SVJ U Průhonu
jc base s r o;Name;JC BASE s.r.o.;Found;27799743;JC BASE s.r.o.;SpoleÄŤnost s ruÄŤenĂ­m omezenĂ˝m;112;Olomouc;Na Šibeníku 914/1, Nová Ulice, 77900 Olomouc;True;1;;2026-09-11T07:26:06.3451518Z;5;Fw: Posouzení smlouvy, klient: JC BASE s.r.o., IČ: 27799743;27799743 JC BASE s.r.o
wali cz s r o;Name;WALI CZ s.r.o.;Found;25042238;WALI CZ s.r.o.;SpoleÄŤnost s ruÄŤenĂ­m omezenĂ˝m;112;Děčín;Oldřichovská 15/7, Děčín VIII-Dolní Oldřichov, 40502 Děčín;True;1;;2026-09-11T07:26:06.6161111Z;2;Fw:  2073618666, klient: WALI CZ s.r.o., IČ/RČ: 25042238, produkt: Bankovní záruka standard,;25042238 WALI CZ s.r.o
busek p t voda plyn topeni s r o;Name;Bušek P&T Voda Plyn Topení s.r.o.;Found;04637526;Bušek P&T Voda Plyn Topení s.r.o.;SpoleÄŤnost s ruÄŤenĂ­m omezenĂ˝m;112;Újezdec;č.p. 29, 38422 Újezdec;True;1;;2026-09-11T07:26:06.8856076Z;14;Bušek P&T Voda Plyn Topení s.r.o. 04637526 - právní konzultace;04637526 Bušek P&T Voda Plyn Topení s.r.o
pvv413 s r o;Name;PVV413 s.r.o.;Found;21413827;PVV413 s.r.o.;SpoleÄŤnost s ruÄŤenĂ­m omezenĂ˝m;112;Praha;Kloboučnická 1735/26, Nusle, 14000 Praha 4;True;1;;2026-09-11T07:26:07.1586583Z;9;Fw: Kontrola smluv klient PVV413 s.r.o., IČ 21413827;21413827 PVV413 s.r.o
almont group s r o;Name;Almont Group s.r.o.;Found;03074757;ALMONT GROUP s.r.o.;SpoleÄŤnost s ruÄŤenĂ­m omezenĂ˝m;112;Tábor;Husovo nám. 529/6, 39002 Tábor;True;1;;2026-09-11T07:26:07.4200364Z;7;Re: Almont Group s.r.o., IČ: 03074757, č. žádosti v CPS: 0672074109;03074757 ALMONT GROUP s.r.o
bra3 jcdc s r o;Name;BRA3 JCDC s.r.o.;Found;06172601;BRA3 JCDC s.r.o.;SpoleÄŤnost s ruÄŤenĂ­m omezenĂ˝m;112;Frýdštejn;č.p. 47, 46342 Frýdštejn;True;1;;2026-09-11T07:26:07.6821718Z;8;Re: Převod nemovitostí a úvěrů do s.r.o. - transformace BRA3 JCDC s.r.o. IČO: 06172601;06172601 BRA3 JCDC s.r.o
bytova jednotka byla nasledne majetkovym s r o;Name;Bytová jednotka byla následně majetkovým s.r.o.;NotFound;;;;;;;;0;no candidate in the register;2026-09-11T07:26:07.9020551Z;10;Fw: Posouzení poskytnutí úvěrového financování;Bytová jednotka byla následně majetkovým s.r.o
siniko profi a s;Name;SINIKO PROFI a.s.;Found;09563733;SINIKO PROFI a.s.;AkciovĂˇ spoleÄŤnost;121;Orlová;Zátiší 1001, Poruba, 73514 Orlová;True;1;;2026-09-11T07:26:08.1927407Z;24;Fw: Siniko Profi údaje k 31.10.2024;SINIKO PROFI a.s
dkd invest s r o;Name;DKD-invest s.r.o.;Found;08471495;DKD-invest s.r.o.;SpoleÄŤnost s ruÄŤenĂ­m omezenĂ˝m;112;Mikulčice;č.p. 701, 69619 Mikulčice;True;1;;2026-09-11T07:26:08.4367392Z;3;DKD-invest s.r.o. ičo: 08471495 - projektové financování;08471495 DKD-invest s.r.o
freehold central s r o;Name;FREEHOLD CENTRAL s.r.o.;Found;28314611;FREEHOLD CENTRAL s.r.o.;SpoleÄŤnost s ruÄŤenĂ­m omezenĂ˝m;112;Brno;Zemědělská 89/17, Černá Pole, 61300 Brno;True;1;;2026-09-11T07:26:08.6896050Z;3;FW: fúze společností ;28314611 FREEHOLD CENTRAL s.r.o
sonoma estate s r o;Name;SONOMA Estate s.r.o.;Found;17925568;SONOMA Estate s.r.o.;SpoleÄŤnost s ruÄŤenĂ­m omezenĂ˝m;112;Praha;Nedokončená 1609, Kyje, 19800 Praha 9;True;1;;2026-09-11T07:26:08.9554582Z;8;SONOMA Estate s.r.o., IČ 17925568 -  Kupní smlouva na stavební pozemek, k.ú. Mělník;17925568 SONOMA Estate s.r.o
05571375;Ico;05571375;Found;05571375;mbcomp IT  s.r.o.;SpoleÄŤnost s ruÄŤenĂ­m omezenĂ˝m;112;Praha;U schodů 122/5, Hrdlořezy, 19000 Praha 9;True;0;;2026-09-11T07:26:09.1616541Z;3;RE: mbcomp IT s.r.o., CPS+ ID 2054176350;05571375 IT s.r.o
trivin invest s r o na maxik market s r o;Name;TRIVIN INVEST s.r.o. na Maxik Market s.r.o.;NotFound;;;;;;;;0;no candidate in the register;2026-09-11T07:26:09.5158757Z;1;Re: Maxik invest - nákup obchodního podílu na Maxík Market;05060737 MVD market s.r.o
fikko market s r o;Name;FIKKO market s.r.o.;Found;25744461;FIKKO market s.r.o.;SpoleÄŤnost s ruÄŤenĂ­m omezenĂ˝m;112;Praha;Hermanická 163/7, Horní Počernice, 19300 Praha 9;True;1;;2026-09-11T07:26:09.7278364Z;5;9004-04-24-13.29.01.870037;28507428 LUCROS SICAV a.s
hvc media s r o;Name;HVC Media s.r.o.;Found;62028669;HVC Media s.r.o.;SpoleÄŤnost s ruÄŤenĂ­m omezenĂ˝m;112;Praha;Paťanka 2687/1a, Dejvice, 16000 Praha 6;True;1;;2026-09-11T07:26:10.0384834Z;3;Prosba o konzultaci - Firemní hypotéka pro HVC Media s.r.o., IČ 62028669 - obchodní podíl je vyčleněn do svěřeneckého fondu;62028669 HVC Media s.r.o
swami and son s s r o;Name;SWAMI AND SON'S s.r.o.;Found;02304368;SWAMI AND SON'S s.r.o.;SpoleÄŤnost s ruÄŤenĂ­m omezenĂ˝m;112;Libušín;Důl Max 160, 27306 Libušín;True;1;;2026-09-11T07:26:10.3032876Z;12;Fw: SWAMI AND SON'S s.r.o. - 02304368 - návrh kupní smlouvy;02304368 SWAMI AND SON'S s.r.o
svj na pozemek ico 27329615;Name;SVJ na pozemek IČO: 27329615;NotFound;;;;;;;;0;no candidate in the register;2026-09-11T07:26:10.5403114Z;4;Posytnutí úvěru pro SVJ na pozemek IČO: 27329615, pozemky kupují vlastníci domu;27329615 Společenství vlastníků Josefův Důl 343, 344
11111111;Ico;11111111;ChecksumInvalid;11111111;;;;;;;0;modulo-11 check digit does not match;2026-09-11T07:26:10.5453094Z;1;Re: TLV s.r.o. - zápis z valné hromady - prosím o kontrolu;11111111 TLV s.r.o
rodinny pivovar svihov s r o;Name;Rodinný pivovar Švihov s.r.o.;Found;05218608;Rodinný pivovar Švihov s.r.o.;SpoleÄŤnost s ruÄŤenĂ­m omezenĂ˝m;112;Praha;Korunní 1209/76, Vinohrady, 10100 Praha 10;True;1;;2026-09-11T07:26:10.7955434Z;7;Re: Rodinný pivovar Švihov s.r.o. - IC: 05218608   Převod - prodej Pivovaru;05218608 Rodinný pivovar Švihov s.r.o
jenze u skoda auto a s;Name;Jenže u Škoda auto a.s.;NotFound;;;;;;;;0;no candidate in the register;2026-09-11T07:26:11.0439277Z;4;Fw: účty úschov;Jenže u Škoda auto a.s
kupujici s r o;Name;kupující s.r.o.;NotFound;;;;;;;;0;no candidate in the register;2026-09-11T07:26:11.2892227Z;6;Dotaz k poskytnutí hypotečního úvěru - projektové financování (pronájem) - rodinná vazba;kupující s.r.o
fagofarma s r o;Name;FAGOFARMA s.r.o.;Found;02132559;FAGOFARMA s.r.o.;SpoleÄŤnost s ruÄŤenĂ­m omezenĂ˝m;112;Praha;Londýnská 730/59, Vinohrady, 12000 Praha 2;True;1;;2026-09-11T07:26:11.5671628Z;6;ID 2050441156, klient: FAGOFARMA s.r.o., IČ/RČ: 02132559 - kontrola plné moci;02132559 FAGOFARMA s.r.o
svj sladkova;Name;SVJ Sládkova;NotFound;;;;;;;;0;no candidate in the register;2026-09-11T07:26:11.8346344Z;3;Společenství vlastníků jednotek domu č.p. 457, Sládkova PSČ 405 01 Děčín I-Fw: SVJ Sládkova, IČ 25476637- stanovy;25476637 Společenství vlastníků jednotek domu č.p. 457, Sládkova PSČ 405 01 Děčín I
svj 1897 pisek;Name;SVJ 1897 Písek;NotFound;;;;;;;;0;no candidate in the register;2026-09-11T07:26:12.0658000Z;5;Re: Společenství vlastníků jednotek pro domy čp. 1897, 1898, 1899 v Písku-Kontrola zápisu SVJ 1897 Písek, IČ 01889648;01889648 Společenství vlastníků jednotek pro domy čp. 1897, 1898, 1899 v Písku
tandemd81 s r o;Name;TandemD81 s.r.o.;NotFound;;;;;;;;0;no candidate in the register;2026-09-11T07:26:12.3501934Z;10;TandemD81 s.r.o., IČ: 07630999;07630999 TandemD81 s.r.o
juliver s r o;Name;Juliver s.r.o.;Found;06173799;Juliver s.r.o.;SpoleÄŤnost s ruÄŤenĂ­m omezenĂ˝m;112;Brno;Králova 395/1, Žabovřesky, 61600 Brno;True;1;;2026-09-11T07:26:12.6153631Z;2;Juliver s.r.o., IČ 06173799;06173799 Juliver s.r.o
svj denisovo namesti 585;Name;SVJ Denisovo náměstí 585;NotFound;;;;;;;;0;no candidate in the register;2026-09-11T07:26:12.8694790Z;12;Fw: Nabídka - SVJ Denisovo náměstí 585, IČ 25992309;25992309 Společenství vlastníků jednotek Denisovo náměstí 585, Hradec Králové
prosperita kv s r o;Name;Prosperita KV s.r.o.;Found;05344271;Prosperita KV s.r.o.;SpoleÄŤnost s ruÄŤenĂ­m omezenĂ˝m;112;Staňkovice;č.p. 59, 43949 Staňkovice;True;1;;2026-09-11T07:26:13.1487728Z;16;Re: Prosperita KV - kupní smlouva + podřízení pohledávek;02687178 PROJEKT-CONSTRUCT s.r.o
nvk s r o;Name;NVK s.r.o.;Found;10864261;NVK s.r.o.;SpoleÄŤnost s ruÄŤenĂ­m omezenĂ˝m;112;Cheb;17. listopadu 137/28, 35002 Cheb;True;4;;2026-09-11T07:26:13.4469751Z;11;Re: NVK s.r.o.-Fw: Kontrola Plné moci;10864261 NVK s.r.o
orbitax cz s r o;Name;ORBITAX CZ s.r.o.;Found;17234387;ORBITAX CZ s.r.o.;SpoleÄŤnost s ruÄŤenĂ­m omezenĂ˝m;112;Bystřice;č.p. 20, 73995 Bystřice;True;1;;2026-09-11T07:26:13.7247170Z;6;Re: ORBITAX CZ s.r.o. ičo: 17234387;17234387 ORBITAX CZ s.r.o
kupujici elektro marousek s r o;Name;Kupující Elektro Maroušek s.r.o.;NotFound;;;;;;;;0;no candidate in the register;2026-09-11T07:26:13.9284252Z;2;Fw: Posouzení kupní smlouvy;28093453 ELEKTRO MAROUŠEK s.r.o
svj novy uver;Name;SVJ - nový úvěr;NotFound;;;;;;;;0;no candidate in the register;2026-09-11T07:26:14.1984469Z;3;SVJ - nový úvěr;08727007 Společenství vlastníků Mechová 3621, Jablonec nad Nisou
itesa one a s;Name;Itesa one a.s.;Found;24189332;Itesa one a.s.;AkciovĂˇ spoleÄŤnost;121;Ostrava;Horní 288/67, Dubina, 70030 Ostrava;True;1;;2026-09-11T07:26:14.4799254Z;2;Fw: Itesa one a.s., ič 24189332, id 2076304421 - statut nadačního fondu;24189332 Itesa one a.s
tech s r o;Name;Tech s.r.o.;Failed;;;;;;;;0;HTTP 400 - The remote server returned an error: (400) Bad Request.;2026-09-11T07:26:14.6750888Z;14;Automatická odpověď: Plná moc Ferrite - Tech s.r.o., IČ 29444144;29444144 Ferrite - Tech s.r.o
ravafol cz s r o;Name;RAVAFOL CZ s.r.o.;Found;06154069;RAVAFOL CZ s.r.o.;SpoleÄŤnost s ruÄŤenĂ­m omezenĂ˝m;112;Tuklaty;Hlavní 227, 25082 Tuklaty;True;1;;2026-09-11T07:26:15.0002356Z;2;Fw: Dotaz za úpravu textace smlouvy;06154069 RAVAFOL CZ s.r.o
lusto s r o;Name;Lusto s.r.o.;Found;28978765;Lusto s.r.o.;SpoleÄŤnost s ruÄŤenĂ­m omezenĂ˝m;112;Praha;K zahrádkám 2605/5, Stodůlky, 15500 Praha 5;True;1;;2026-09-11T07:26:15.2646837Z;4;Fw: Lusto s.r.o. č.ž. 2077611160, ičo: 28978765;28978765 Lusto s.r.o
vascular s r o;Name;VASCULAR s.r.o.;Found;28359402;VASCULAR, s.r.o.;SpoleÄŤnost s ruÄŤenĂ­m omezenĂ˝m;112;Brno;Zahradníkova 494/2, Veveří, 60200 Brno;True;3;;2026-09-11T07:26:15.5868571Z;4;nákup obchodního podílu - konzultace smlouvy;28359402 VASCULAR, s.r.o
mafialgo s r o;Name;MaFiAlGo s.r.o.;Found;22315039;MaFiAlGo s.r.o.;SpoleÄŤnost s ruÄŤenĂ­m omezenĂ˝m;112;Karviná;Lešetínská 275/43, Fryštát, 73301 Karviná;True;1;;2026-09-11T07:26:15.7848926Z;9;MaFiAlGo s.r.o.-Fw: korporátní souhlas;25383884 MaFiAlGo s.r.o
rd uzicka s r o;Name;RD Úžická s.r.o.;NotFound;;;;;;;;0;no candidate in the register;2026-09-11T07:26:16.0283157Z;3;Fw: ID žádosti 2049450010, RD Úžická s.r.o., IČ 09860932 Projektové financování ;09860932 BAK A.M. s.r.o
daxo s r o;Name;DAXO s.r.o.;Found;29195136;DAXO s.r.o.;SpoleÄŤnost s ruÄŤenĂ­m omezenĂ˝m;112;Valašské Klobouky;Smolina 98, 76601 Valašské Klobouky;True;1;;2026-09-11T07:26:16.3405420Z;3;Změna vlastnické struktury úvěrovaného klienta firmy DAXO s.r.o. IČ: 29195136 _ DOTAZ k ručení;29195136 DAXO s.r.o
svj jz dotaz k hlasovacim listkum pr;Name;SVJ JŽ - dotaz k hlasovacím lístkům PR;NotFound;;;;;;;;0;no candidate in the register;2026-09-11T07:26:16.5650531Z;6;Re: Fwd: Re: SVJ JŽ - dotaz k hlasovacím lístkům PR;SVJ JŽ - dotaz k hlasovacím lístkům PR
kangaroo rail s r o;Name;Kangaroo RAIL s.r.o.;Found;06475477;Kangaroo RAIL s.r.o.;SpoleÄŤnost s ruÄŤenĂ­m omezenĂ˝m;112;Ostrava;Hlubinská 1378/36, Moravská Ostrava, 70200 Ostrava;True;1;;2026-09-11T07:26:16.9763019Z;5;RE: Kangaroo RAIL s.r.o. IC 06475477;06475477 Kangaroo RAIL s.r.o
spolecenstvi vlastniku jednotek domu n fryda c p 1246 2 ceske budejovice;Name;Společenství vlastníků jednotek domu N. Frýda č.p. 1246/2 České Budějovice;Found;26062461;Společenství vlastníků jednotek domu N.Frýda č.p. 1246/2 České Budějovice;;145;České Budějovice;N. Frýda 1246/2, České Budějovice 2, 37005 České Budějovice;True;1;;2026-09-11T07:26:17.1470005Z;1;Společenství vlastníků jednotek domu N.Frýda č.p. 1246/2 České Budějovice - zápis shromáždění ke kontrole;26074443 ASARKO s.r.o
mediflat s r o;Name;MEDIFLAT s.r.o.;Found;08707464;MEDIFLAT s.r.o.;SpoleÄŤnost s ruÄŤenĂ­m omezenĂ˝m;112;Praha;Čimická 557/52, Kobylisy, 18200 Praha 8;True;1;;2026-09-11T07:26:17.3808043Z;2;Klient: MEDIFLAT s.r.o., IČ 08707464;08707464 MEDIFLAT s.r.o
jd residential s r o;Name;JD Residential s.r.o.;NotFound;;;;;;;;0;no candidate in the register;2026-09-11T07:26:17.6389669Z;2;Fw:  Projekt Nové Jirny / konzultace LCD;09043586 Jakes Development s.r.o
ceska zula s r o;Name;ČESKÁ ŽULA s.r.o.;NotFound;;;;;;;;5;5 candidate(s), none an exact name match;2026-09-11T07:26:17.9675228Z;3;Fw: ČESKÁ ŽULA s.r.o., IČ: 47238518;47238518 ČESKÁ ŽULA s.r.o
prague fad inn s r o;Name;Prague FAD INN s.r.o.;Found;28189558;Prague FAD INN s.r.o.;SpoleÄŤnost s ruÄŤenĂ­m omezenĂ˝m;112;Praha;U Viktorie 2919/4, Žižkov, 13000 Praha 3;True;1;;2026-09-11T07:26:18.1957335Z;8;Fw: Prague Fad Inn Zapis z mimoradne valne hromady a Prezencni listina;28189558 Prague FAD INN s.r.o
energo assistance s r o;Name;Energo-Assistance s.r.o.;Found;17742404;Energo-Assistance s.r.o.;SpoleÄŤnost s ruÄŤenĂ­m omezenĂ˝m;112;Praha;Makedonská 599/3, Střížkov, 19000 Praha 9;True;1;;2026-09-11T07:26:18.4587762Z;15;FW: URGENTNÍ - Energo-Assistance s.r.o. ičo 17742404, Případ ID 2078037308,  Harmonizace smluvní dokumentace, koupě komerčních prostor;17742404 Energo-Assistance s.r.o
kupujici jsou kancelare simkova s r o;Name;Kupující jsou Kanceláře Šimkova s.r.o.;NotFound;;;;;;;;0;no candidate in the register;2026-09-11T07:26:18.7262137Z;3;FW:  Kanceláře Šimkova - žádost o dodání Smlouvy o JÚ;24778397 Kanceláře Šimkova s.r.o
svj bytove druzstvo horni 191 ico 22796045;Name;SVJ - Bytové družstvo Horní 191 IČO: 22796045;NotFound;;;;;;;;0;no candidate in the register;2026-09-11T07:26:18.9718340Z;6;Re: Dotaz převod BD na SVJ - Bytové družstvo Horní 191 IČO: 22796045;22796045 SVJ - Bytové družstvo Horní 191 IČO- 22796045
pnl s r o;Name;PNL s.r.o.;Found;03966984;PNL, s.r.o.;SpoleÄŤnost s ruÄŤenĂ­m omezenĂ˝m;112;Planá nad Lužnicí;ČSLA 94, 39111 Planá nad Lužnicí;True;2;;2026-09-11T07:26:19.2684879Z;7;Fw: PNL s.r.o. - IČO: 03966984, Smlouva o úvěru č. 0671893129, ;03966984 PNL, s.r.o
worklife agency s r o;Name;Worklife Agency s.r.o.;NotFound;;;;;;;;0;no candidate in the register;2026-09-11T07:26:19.4935242Z;8;Re: Worklife Agency s.r.o. - 03059472,  SBERBANK migrace;03059472 Vše pro dětské skupiny - dotace s.r.o
marcel godzik bude tedy poskytovat souhlas s r o;Name;Marcel Godzik. Bude tedy poskytovat souhlas s.r.o.;NotFound;;;;;;;;0;no candidate in the register;2026-09-11T07:26:19.7818785Z;4;Fw: korporátní souhlas;25383884 Marcel Godzik. Bude tedy poskytovat souhlas s.r.o
bytydrahanovice s r o;Name;BYTYDRAHANOVICE s.r.o.;Found;19114273;BYTYDRAHANOVICE s.r.o.;SpoleÄŤnost s ruÄŤenĂ­m omezenĂ˝m;112;Těšetice;Rataje 88, 78346 Těšetice;True;1;;2026-09-11T07:26:20.0531772Z;4;Re: BYTYDRAHANOVICE s.r.o.-Fw: Souhlas s úvěrem a smlouvou o podřízenosti pohledávek;03985431 RENEMAX s.r.o
spolecenstvi vlastniku bolotova 1780 23 fw ic 28574389 plna moc;Name;Společenství vlastníků Bolotova 1780/23-Fw: ič 28574389 plná moc;NotFound;;;;;;;;0;no candidate in the register;2026-09-11T07:26:20.3183702Z;3;Společenství vlastníků Bolotova 1780/23-Fw: ič 28574389 plná moc;28574389 Společenství vlastníků Bolotova 1780-23
oculeus s r o;Name;Oculeus s.r.o.;Found;27149943;Oculeus s.r.o.;SpoleÄŤnost s ruÄŤenĂ­m omezenĂ˝m;112;Praha;Wuchterlova 1607/12, Dejvice, 16000 Praha 6;True;1;;2026-09-11T07:26:20.5953586Z;2;Urgence   ID žádosti 2068462562 Oculeus s.r.o. (27149943);27149943 Oculeus s.r.o
individual fitness s r o;Name;Individual.Fitness s.r.o.;Found;05478065;Individual.Fitness s.r.o.;SpoleÄŤnost s ruÄŤenĂ­m omezenĂ˝m;112;Ostrava;Bachmačská 2474/1, Moravská Ostrava, 70200 Ostrava;True;1;;2026-09-11T07:26:20.8375450Z;3;RE: Individual.Fitness s.r.o. - 05478065;05478065 Individual.Fitness s.r.o
eneredge international consulting s r o;Name;EnerEdge International Consulting s.r.o.;Found;21135941;EnerEdge International Consulting s.r.o.;SpoleÄŤnost s ruÄŤenĂ­m omezenĂ˝m;112;Daskabát;č.p. 211, 77900 Daskabát;True;1;;2026-09-11T07:26:21.1073198Z;7;Re: EnerEdge International Consulting s.r.o. / IČ 21135941 / CPS ID 2080753527;21135941 EnerEdge International Consulting s.r.o
spolehlivaucetni s r o;Name;Spolehliváúčetní s.r.o.;Found;04425421;SpolehliváÚčetní.cz, s. r. o.;SpoleÄŤnost s ruÄŤenĂ­m omezenĂ˝m;112;Mladá Boleslav;Vodkova 134/4, Mladá Boleslav I, 29301 Mladá Boleslav;True;1;;2026-09-11T07:26:21.3464571Z;6;Re: Spolehliváúčetní s.r.o. IČ: 04425421;04425421 SpolehliváÚčetní.cz, s. r. o
jb office s r o;Name;JB Office s.r.o.;Found;07467559;JB Office s. r. o.;SpoleÄŤnost s ruÄŤenĂ­m omezenĂ˝m;112;Kladno;Váňova 683, 27201 Kladno;True;1;;2026-09-11T07:26:21.6216889Z;8;Fw: Prosba o úpravu smluvní dokumentace - JB Office s.r.o., IČ: 07467559, případ č. 2079344782;07467559 JB Office s. r. o
emilia kv s r o;Name;Emilia KV s.r.o.;Found;11658061;Emilia KV s.r.o.;SpoleÄŤnost s ruÄŤenĂ­m omezenĂ˝m;112;Karlovy Vary;Východní 473/1, Drahovice, 36001 Karlovy Vary;True;1;;2026-09-11T07:26:21.8922389Z;9;Fw: dohoda o protiplnění Emilia KV s.r.o., ič 11658061, k žádosti č 2058802978;11658061 Emilia KV s.r.o
rd developers group s r o;Name;RD Developers Group s.r.o.;Found;10871641;RD Developers Group s.r.o.;SpoleÄŤnost s ruÄŤenĂ­m omezenĂ˝m;112;Brno;Škroupova 4256/1, Židenice, 63600 Brno;True;1;;2026-09-11T07:26:22.1487243Z;7;FW: RD Developers Group s.r.o., IČ: 10871641;10871641 RD Developers Group s.r.o
e q invest s r o;Name;E&Q-invest s.r.o.;Found;03021254;E&Q-invest s.r.o.;SpoleÄŤnost s ruÄŤenĂ­m omezenĂ˝m;112;Liberec;České mládeže 1096, Liberec VI-Rochlice, 46006 Liberec;True;1;;2026-09-11T07:26:22.4293512Z;5;Fw: dotaz k projednání změn/postupu kroků u produktu PBH klienta p. Daniela Tomeše ;03021254 E&Q-invest s.r.o
lexandra int s r o;Name;LEXANDRA INT. s.r.o.;Found;43870058;LEXANDRA INT. s.r.o.;SpoleÄŤnost s ruÄŤenĂ­m omezenĂ˝m;112;Praha;Thunovská 196/19, Malá Strana, 11800 Praha 1;True;1;;2026-09-11T07:26:22.7112633Z;7;Následná podmínka úvěru - zrušení - LEXANDRA INT. s.r.o., IČ: 43870058, CLUID: 8019-10-16-04.18.01.443472;43870058 LEXANDRA INT. s.r.o
m sprava staveb s r o;Name;M správa staveb s.r.o.;Found;06498540;K & M správa staveb s.r.o.;SpoleÄŤnost s ruÄŤenĂ­m omezenĂ˝m;112;Praha;Kaprova 42/14, Staré Město, 11000 Praha 1;True;1;;2026-09-11T07:26:22.9466254Z;3;Re: K & M správa staveb s.r.o., IČ: 06498540  ---  žádost o právní stanovisko v souvislosti s projednávanou žádostí klienta o poskytnutí financování;06498540 K & M správa staveb s.r.o
svj vetrna ic 28142501 dotaz k platnosti hlasovaci;Name;SVJ Větrná - IČ 28142501 - dotaz k platnosti Hlasovací;NotFound;;;;;;;;0;no candidate in the register;2026-09-11T07:26:23.1738727Z;3;SVJ Větrná - IČ 28142501 - dotaz k platnosti Hlasovacích lístků;28142501 Společenství vlastníků Větrná 2-4-6 České Budějovice
svj okruzni 457;Name;SVJ Okružní 457;NotFound;;;;;;;;0;no candidate in the register;2026-09-11T07:26:23.5075663Z;8;Fw: SVJ Okružní 457, Komárov ič 26486423;26486423 Společenství vlastníků bytových jednotek v obytném domě Okružní ul. číslo popisné 457, číslo popisné 458 v Komárově
adam rujbr architects s r o;Name;Adam Rujbr Architects s.r.o.;Found;26920522;Adam Rujbr Architects s.r.o.;SpoleÄŤnost s ruÄŤenĂ­m omezenĂ˝m;112;Brno;Botanická 598/10, Veveří, 60200 Brno;True;1;;2026-09-11T07:26:23.7151468Z;22;JÚ-Fw: Adam Rujbr Architects s.r.o., IČ 26920522, koupě nemovitosti ;26920522 Adam Rujbr Architects s.r.o
uchytilcz s r o;Name;UCHYTILCZ s.r.o.;Found;29211492;UCHYTILCZ, s.r.o.;SpoleÄŤnost s ruÄŤenĂ­m omezenĂ˝m;112;Rudíkov;č.p. 263, 67505 Rudíkov;True;1;;2026-09-11T07:26:23.9591449Z;3;Fw: UCHYTILCZ s.r.o.   IČ 29211492;29211492 UCHYTILCZ, s.r.o
jan bastl s r o;Name;Jan Bastl s.r.o.;Found;14419017;Jan Bastl s.r.o.;SpoleÄŤnost s ruÄŤenĂ­m omezenĂ˝m;112;;;True;1;;2026-09-11T07:26:24.2540962Z;12;Registr smluv;14419017 Jan Bastl s.r.o
svj frimlova 342;Name;SVJ Frimlova 342;NotFound;;;;;;;;0;no candidate in the register;2026-09-11T07:26:24.5376915Z;7;Fw: Dotaz Zápis z jednání SVJ Frimlova 342, IČ 25435965;25435965 Společenství vlastníků jednotek domu Frimlova 342
sedldekor candelabra s r o;Name;Sedldekor Candelabra s.r.o.;Found;07902468;SEDLDEKOR Candelabra s.r.o.;SpoleÄŤnost s ruÄŤenĂ­m omezenĂ˝m;112;Hořátev;č.p. 276, 28913 Hořátev;True;1;;2026-09-11T07:26:24.7714075Z;6;Fw: Sedldekor Candelabra s.r.o. IČ:07902468;07902468 SEDLDEKOR Candelabra s.r.o
litorepro s r o;Name;Litorepro s.r.o.;Found;21170045;Litorepro s.r.o.;SpoleÄŤnost s ruÄŤenĂ­m omezenĂ˝m;112;Praha;Kazimírova 499/11, Háje, 14900 Praha 4;True;1;;2026-09-11T07:26:25.0249524Z;8;Litorepro s.r.o., IČ: 21170045, žádost č. 2070023859;21170045 Litorepro s.r.o
zadatel green property s r o;Name;Žadatel Green Property s.r.o.;NotFound;;;;;;;;0;no candidate in the register;2026-09-11T07:26:25.2868321Z;1;Re: Fw: Prosba ID žádosti 2043202905 Stav žádosti Konzultace LCD Distribuční kanál Pobočka OP Praha Číslo účtu 000000-0497139189/0800 Žadatel Green Property s.r.o. RČ/IČ 29055253;29055253 Green Property s.r.o
pinka s r o;Name;PINKA s.r.o.;NotFound;;;;;;;;0;no candidate in the register;2026-09-11T07:26:25.5320602Z;6;Re: prověření 2x KS;PINKA s.r.o
mesir s r o;Name;Mešír s.r.o.;Found;26359642;Mešír s.r.o.;SpoleÄŤnost s ruÄŤenĂ­m omezenĂ˝m;112;Karlovy Vary;Česká 233, Tašovice, 36018 Karlovy Vary;True;2;;2026-09-11T07:26:25.8297067Z;3;FW: Mešír s.r.o. IČO 26359642 - komerční hypotéka žádost 2070909375;26359642 Mešír s.r.o
kupujici mala a s;Name;kupující mala a.s.;NotFound;;;;;;;;0;no candidate in the register;2026-09-11T07:26:26.0703042Z;3;Fw: Klient mala partners group a.s. IČ 07552751- koupě nemovitosti, úvěr bude řešen   Dokumenty koupě Starokolínská 327 kupující mala a.s.;07552751 mala partners group a.s
brolmik s r o;Name;BROLMIK s.r.o.;Found;06037887;BROLMIK s.r.o.;SpoleÄŤnost s ruÄŤenĂ­m omezenĂ˝m;112;Brno;Pražákova 1008/69, Štýřice, 63900 Brno;True;1;;2026-09-11T07:26:26.3599769Z;3;vysvětlení ustanovení v zástavní smlouvě;06037887 BROLMIK s.r.o
veala tech s r o;Name;VEALA Tech s.r.o.;Found;08454931;VEALA Tech s.r.o.;SpoleÄŤnost s ruÄŤenĂ­m omezenĂ˝m;112;Kravaře;Bezručova 3256/27, 74721 Kravaře;True;1;;2026-09-11T07:26:26.6513978Z;1;Fw: dotaz k uzavírání úvěrových smluv dle smlouvy o george business  - nehoří, nespěchá :-);08454931 VEALA Tech s.r.o
invest a s;Name;Invest a.s.;NotFound;;;;;;;;5;5 candidate(s), none an exact name match;2026-09-11T07:26:26.9205985Z;5;Fw: ID 2049315558, Klient DOB - Invest a.s., IČO 25101901;25101901 DOB - Invest a.s
paleli s r o;Name;PALELI s.r.o.;Found;11966475;PALELI s.r.o.;SpoleÄŤnost s ruÄŤenĂ­m omezenĂ˝m;112;Plzeň;Nad Týncem 1177/16, Doubravka, 31200 Plzeň;True;1;;2026-09-11T07:26:27.1428997Z;6;PALELI s.r.o.-Fw: kontrola kupní smlouvy IČO : 11966475;11966475 PALELI s.r.o
svj horecka 698;Name;SVJ Horecká 698;NotFound;;;;;;;;0;no candidate in the register;2026-09-11T07:26:27.3899590Z;2;Re: SVJ Horecká 698, Železný Brod, IČ 08748586, ID 2081156386;08748586 Společenství vlastníků Horecká 698
pivo cestmir s r o;Name;PIVO ČESTMÍR s.r.o.;Found;06707696;Pivo ČESTMÍR, s.r.o.;SpoleÄŤnost s ruÄŤenĂ­m omezenĂ˝m;112;Brandýs nad Labem-Stará Boleslav;Sídliště BSS 1335/8, Brandýs nad Labem, 25001 Brandýs nad Labem-Stará Boleslav;True;1;;2026-09-11T07:26:27.6884847Z;3;Fw: PIVO ČESTMÍR s.r.o., IČ 06707696 - kontrola kupní smlouvy;06707696 Pivo ČESTMÍR, s.r.o
normal s r o;Name;NORMAL s.r.o.;NotFound;;;;;;;;5;5 candidate(s), none an exact name match;2026-09-11T07:26:27.9720958Z;10;Fw: AB - NORMAL s.r.o., IČ: 26027526;26027526 AB - NORMAL s.r.o
life system s r o;Name;Life System s.r.o.;Found;28598075;Life System s.r.o.;SpoleÄŤnost s ruÄŤenĂ­m omezenĂ˝m;112;Frýdek-Místek;Zátiší 3426, Frýdek, 73801 Frýdek-Místek;True;1;;2026-09-11T07:26:28.1803616Z;5;FW: Life System s.r.o., IČ/RČ: 28598075, CPS 2080065752, přiřazení úkolu ke smlouvě o zápůjčce;28598075 Life System s.r.o
prevod na s r o;Name;převod na s.r.o.;NotFound;;;;;;;;0;no candidate in the register;2026-09-11T07:26:28.4300810Z;1;Fw: převod na s.r.o. - MUDr. Markéta Fikarová  IČo 18013121;18013121 převod na s.r.o
davezto group s r o;Name;DAVEZTO Group s.r.o.;Found;09262369;DAVEZTO Group s.r.o.;SpoleÄŤnost s ruÄŤenĂ­m omezenĂ˝m;112;Praha;Rybná 716/24, Staré Město, 11000 Praha 1;True;1;;2026-09-11T07:26:28.7851004Z;2;Migrace klienta ze služby B24 do George Bussines;09262369 DAVEZTO Group s.r.o
p cafe s r o;Name;P-Cafe s.r.o.;Found;03768937;P-Cafe s.r.o.;SpoleÄŤnost s ruÄŤenĂ­m omezenĂ˝m;112;Žďár nad Sázavou;nám. Republiky 72/4, Žďár nad Sázavou 1, 59101 Žďár nad Sázavou;True;2;;2026-09-11T07:26:28.9696789Z;4;Fw: P-Cafe, trojstranná zástavní smlouva;03768937 P-Cafe s.r.o
svj 17829356;Name;SVJ 17829356;NotFound;;;;;;;;0;no candidate in the register;2026-09-11T07:26:29.1987589Z;3;FW: SVJ 17829356;17829356 Společenství vlastníků Benešovo nábř. 1068, Dvůr Králové nad Labem
slezsky vyzkum s r o;Name;SLEZSKÝ VÝZKUM s.r.o.;Found;26815346;SLEZSKÝ VÝZKUM s.r.o.;SpoleÄŤnost s ruÄŤenĂ­m omezenĂ˝m;112;Ostrava;Havlíčkovo nábřeží 2728/38, Moravská Ostrava, 70200 Ostrava;True;1;;2026-09-11T07:26:29.5022116Z;1;Právní stanovisko k připravované dopředné fúzi;26815346 SLEZSKÝ VÝZKUM s.r.o
tia services s r o;Name;Tia Services s.r.o.;Found;19566603;Tia Services s.r.o.;SpoleÄŤnost s ruÄŤenĂ­m omezenĂ˝m;112;Čáslav;Chrudimská 910, Čáslav-Nové Město, 28601 Čáslav;True;1;;2026-09-11T07:26:29.8179442Z;11;FW: návrh dodatku č. 1 protokolu o notářské úschově peněz, Tia Services s.r.o., IČ: 19566603;19566603 Tia Services s.r.o
cisternova preprava cz s r o;Name;CISTERNOVÁ PŘEPRAVA CZ s.r.o.;Found;28851226;CISTERNOVÁ PŘEPRAVA CZ s.r.o.;SpoleÄŤnost s ruÄŤenĂ­m omezenĂ˝m;112;Pardubice;Přeloučská 252, Staré Čívice, 53006 Pardubice;True;1;;2026-09-11T07:26:30.0398021Z;14;Re: Doplnění info -  Prosba urgentní - CISTERNOVÁ PŘEPRAVA CZ s.r.o., IČ: 28851226 - upřesnění pozemku na LV 396 Staré Čívice x kupní smlouva;28851226 CISTERNOVÁ PŘEPRAVA CZ s.r.o
nava interier s r o;Name;NAVA INTERIER s.r.o.;Found;06899536;NAVA INTERIER s.r.o.;SpoleÄŤnost s ruÄŤenĂ­m omezenĂ˝m;112;Suchonice;č.p. 78, 78357 Suchonice;True;1;;2026-09-11T07:26:30.3784144Z;8;Re: NAVA INTERIER s.r.o. / IČ 06899536 / CPS+ ID 2068161107;06899536 NAVA INTERIER s.r.o
java machinery spol s r o;Name;JAVA Machinery spol. s r.o.;Found;26360292;JAVA Machinery spol. s r.o.;SpoleÄŤnost s ruÄŤenĂ­m omezenĂ˝m;112;Dýšina;Plzeňská 348, 33002 Dýšina;True;1;;2026-09-11T07:26:30.5494155Z;5;RE: SBERBANK-Fw: JAVA Machinery spol. s r.o. - KA1601993;25083325 Sberbank CZ, a.s. v likvidaci
pokud by nove s r o;Name;pokud by nové s.r.o.;NotFound;;;;;;;;0;no candidate in the register;2026-09-11T07:26:30.7817831Z;3;RE: svěřenský fond x kupující ;17810761 Svěřenský fond ke správě a údržbě nemovitostí
05228077;Ico;05228077;Found;05228077;MIBEX retail s.r.o.;SpoleÄŤnost s ruÄŤenĂ­m omezenĂ˝m;112;Velká Bystřice;Nádražní I 991, 78353 Velká Bystřice;True;0;;2026-09-11T07:26:30.9891409Z;2;FW: Posouzení LCD;05228077 a.s
spolecenstvi vlastniku jednotek j v sladka 700;Name;Společenství vlastníků jednotek J. V. Sládka 700;Found;28088140;Společenství vlastníků jednotek J. V. Sládka 700, Veselí nad Lužnicí;;145;Veselí nad Lužnicí;J. V. Sládka 700, Veselí nad Lužnicí II, 39181 Veselí nad Lužnicí;True;1;;2026-09-11T07:26:31.3911718Z;6;Re: Společenství vlastníků jednotek J. V. Sládka 700, Veselí nad Lužnicí, 28088140 - Zápis ze schůze;28088140 Společenství vlastníků jednotek J. V. Sládka 700, Veselí nad Lužnicí
hydrotechnik praha premena hydrotechnik praha spol s r o;Name;HYDROTECHNIK PRAHA_přeměna -HYDROTECHNIK PRAHA spol. s r.o.;NotFound;;;;;;;;0;no candidate in the register;2026-09-11T07:26:31.5897042Z;8;FW: GR - HYDROTECHNIK PRAHA_přeměna -HYDROTECHNIK PRAHA spol. s r.o. ič:61062618;61062618 HYDROTECHNIK PRAHA spol. s r.o
inex moravske budejovice s r o;Name;INEX Moravské Budějovice s.r.o.;Found;48531235;INEX Moravské Budějovice, s.r.o.;SpoleÄŤnost s ruÄŤenĂ­m omezenĂ˝m;112;Moravské Budějovice;Husova 890, 67602 Moravské Budějovice;True;1;;2026-09-11T07:26:31.8693057Z;4;Fw: INEX Moravské Budějovice s.r.o.   IČO 48531235;48531235 INEX Moravské Budějovice, s.r.o
cestovni kancelar nykar s r o;Name;CESTOVNÍ KANCELÁŘ NYKAR s.r.o.;Found;25707833;CESTOVNÍ KANCELÁŘ NYKAR s.r.o.;SpoleÄŤnost s ruÄŤenĂ­m omezenĂ˝m;112;Praha;Kubánské náměstí 1391/11, Vršovice, 10000 Praha 10;True;1;;2026-09-11T07:26:32.1182198Z;5;Re: URGENT : Treasury limit -   CESTOVNÍ KANCELÁŘ NYKAR s.r.o.;25707833 CESTOVNÍ KANCELÁŘ NYKAR s.r.o
svj benesovo nabr dvur kralove nad labem ic 17829356;Name;SVJ Benešovo nábř. Dvůr Králové nad Labem IČ 17829356;NotFound;;;;;;;;0;no candidate in the register;2026-09-11T07:26:32.3654764Z;4;Fw: URGENTNÍ dotaz z risku - SVJ Benešovo nábř. Dvůr Králové nad Labem IČ 17829356;17829356 Společenství vlastníků Benešovo nábř. 1068, Dvůr Králové nad Labem
n proinvest holding s r o;Name;N ProInvest Holding s.r.o.;Found;07822821;N & N ProInvest Holding s.r.o.;SpoleÄŤnost s ruÄŤenĂ­m omezenĂ˝m;112;Světlá nad Sázavou;Dolní Bohušice 877, 58291 Světlá nad Sázavou;True;1;;2026-09-11T07:26:32.6285296Z;15;RE: N & N ProInvest Holding s.r.o. IČ: 07822821;07822821 N & N ProInvest Holding s.r.o
skitech s r o;Name;SKITECH s.r.o.;Found;26827182;SKITECH s.r.o.;SpoleÄŤnost s ruÄŤenĂ­m omezenĂ˝m;112;Staré Město;Kunčice 123, 78832 Staré Město;True;2;;2026-09-11T07:26:32.9082444Z;2;Re: 2054213631 - SKITECH s.r.o., úvěr 0711710199/0800;SKITECH s.r.o
sochor trade s r o;Name;Sochor Trade s.r.o.;Found;01774344;Sochor Trade s.r.o.;SpoleÄŤnost s ruÄŤenĂ­m omezenĂ˝m;112;Vatín;č.p. 49, 59101 Vatín;True;1;;2026-09-11T07:26:33.1787238Z;4;Fw: Sochor Trade s.r.o., IČ 01774344, písařská chyba;01774344 Sochor Trade s.r.o
sonolab s r o;Name;Sonolab s.r.o.;Found;04656385;Sonolab s.r.o.;SpoleÄŤnost s ruÄŤenĂ­m omezenĂ˝m;112;Praha;Revoluční 1202/20, Nové Město, 11000 Praha 1;True;4;;2026-09-11T07:26:33.4645717Z;2;Fw: Informace k přeměně firmy Sonolab;04656385 Sonolab s.r.o
toman invest s r o;Name;Toman Invest s.r.o.;Found;07116977;Toman Invest s.r.o.;SpoleÄŤnost s ruÄŤenĂ­m omezenĂ˝m;112;Hluboká nad Vltavou;Mánesova 829, 37341 Hluboká nad Vltavou;True;1;;2026-09-11T07:26:33.6800583Z;18;Toman Invest s.r.o., IČ 07116977;07116977 Toman Invest s.r.o
prague laundry s r o;Name;Prague Laundry s.r.o.;Found;03853161;Prague Laundry s.r.o.;SpoleÄŤnost s ruÄŤenĂ­m omezenĂ˝m;112;Praha;Nad Smetankou 228/6, Hrdlořezy, 19000 Praha 9;True;2;;2026-09-11T07:26:33.9572346Z;7;Prague Laundry s.r.o., IČ: 03853161 - čú: 03853161;03853161 Prague Laundry s.r.o
moreti s r o;Name;MORETI s.r.o.;Found;26743329;MORETI s.r.o.;SpoleÄŤnost s ruÄŤenĂ­m omezenĂ˝m;112;Praha;Žufanova 1096/8, Řepy, 16300 Praha 6;True;1;;2026-09-11T07:26:34.2151194Z;2;Re: MORETI s.r.o. - IČO 26743329 - SC0000000043337040;26743329 MORETI s.r.o
a b doz s r o;Name;A. B. DOZ s.r.o.;Found;09202846;A. B. DOZ s.r.o.;SpoleÄŤnost s ruÄŤenĂ­m omezenĂ˝m;112;Třinec;1. máje 500, Staré Město, 73961 Třinec;True;1;;2026-09-11T07:26:34.4686385Z;5;Re: ID 2081268333 A. B. DOZ s.r.o. IČ 09202846;09202846 A. B. DOZ s.r.o
spolecenstvi vlastniku jednotek domu vodickova 9 cp 730 praha 1;Name;Společenství vlastníků jednotek domu Vodičkova 9 čp 730 Praha 1;Found;01743597;Společenství vlastníků jednotek domu Vodičkova 9 čp. 730 Praha 1;;145;Praha;Vodičkova 730/9, Nové Město, 11000 Praha 1;True;1;;2026-09-11T07:26:34.7897035Z;23;Re: Vyjádření ke stížnosti SC0000000040811221, Společenství vlastníků jednotek domu Vodičkova 9 čp 730 Praha 1;01743597 Společenství vlastníků jednotek domu Vodičkova 9 čp. 730 Praha 1
47468637;Ico;47468637;Found;47468637;Zemědělské družstvo Březiny;DruĹľstvo;205;Březiny;č.p. 32, 57201 Březiny;True;0;;2026-09-11T07:26:34.9365785Z;2;Re: Zemědělského družstva Březiny-Fw: Žádost o vyjádření;47468637 a.s
sig invest s r o;Name;SIG invest s.r.o.;Found;24225771;SIG invest s.r.o.;SpoleÄŤnost s ruÄŤenĂ­m omezenĂ˝m;112;Radějov;č.p. 353, 69667 Radějov;True;1;;2026-09-11T07:26:35.2900908Z;8;SIG invest s.r.o. ičo: 24225771, valná hromada;24225771 SIG invest s.r.o
svj dlouha 652 20 horni slavkov;Name;SVJ Dlouhá 652/20 Horní Slavkov;NotFound;;;;;;;;0;no candidate in the register;2026-09-11T07:26:35.4986590Z;3;Ke kontrole Zápis ze schůze SVJ Dlouhá 652/20 Horní Slavkov;28281101 AZ - fruit, s.r.o
kajami s r o;Name;KAJAMI s.r.o.;Found;17176964;Kajami s.r.o.;SpoleÄŤnost s ruÄŤenĂ­m omezenĂ˝m;112;Roudnice nad Labem;třída T. G. Masaryka 1452, 41301 Roudnice nad Labem;True;1;;2026-09-11T07:26:35.7637078Z;2;SC0000000071993892 - KAJAMI s.r.o. (44125569)  034139-001;44125569 KAJAMI s.r.o
svj nabyvat pozemek;Name;SVJ nabývat pozemek;NotFound;;;;;;;;0;no candidate in the register;2026-09-11T07:26:36.0640303Z;2;FW: Dotaz na možnost financování koupě pozemku SVJ;SVJ nabývat pozemek
nove domy na rovince s r o;Name;NOVÉ DOMY NA ROVINCE s.r.o.;Found;07733879;NOVÉ DOMY NA ROVINCE s.r.o.;SpoleÄŤnost s ruÄŤenĂ­m omezenĂ˝m;112;Ostrava;Mlýnská 317/10, Moravská Ostrava, 70200 Ostrava;True;1;;2026-09-11T07:26:36.2950455Z;3;NOVÉ DOMY NA ROVINCE s.r.o. ič 07733879, doplňující info: Postup prodeje konečnému klientovi;07733879 NOVÉ DOMY NA ROVINCE s.r.o
kurkuma office s r o;Name;KURKUMA OFFICE s.r.o.;Found;09400621;KURKUMA OFFICE s.r.o.;SpoleÄŤnost s ruÄŤenĂ­m omezenĂ˝m;112;Brno;Lidická 700/19, Veveří, 60200 Brno;True;1;;2026-09-11T07:26:36.5576794Z;6;KURKUMA OFFICE s.r.o., IČ: 09400621;09400621 KURKUMA OFFICE s.r.o
spolecenstvi vlastniku jednotek domu blatske sidliste 563;Name;Společenství vlastníků jednotek domu Blatské sídliště 563;Found;28099788;Společenství vlastníků jednotek domu Blatské sídliště 563, Veselí nad Lužnicí;;145;Veselí nad Lužnicí;Blatské sídliště 563, Veselí nad Lužnicí I, 39181 Veselí nad Lužnicí;True;1;;2026-09-11T07:26:36.8310356Z;3;FW: Společenství vlastníků jednotek domu Blatské sídliště 563, Veselí nad Lužnicí, IČ 28099788 - kontrola zápisu;28099788 Společenství vlastníků jednotek domu Blatské sídliště 563, Veselí nad Lužnicí
svj j suka ic 28739001;Name;SVJ J Suka IČ 28739001;NotFound;;;;;;;;0;no candidate in the register;2026-09-11T07:26:37.0607176Z;3;Fw: Stížnost klienta k nastavení období úrokové sazby - SVJ J Suka IČ 28739001;28739001 Společenství vlastníků, Josefa Suka 1592, Most
atrium tyniste s r o;Name;Atrium Týniště s.r.o.;Found;06539653;Atrium Týniště s.r.o.;SpoleÄŤnost s ruÄŤenĂ­m omezenĂ˝m;112;Hradec Králové;Eliščino nábřeží 298/15, 50003 Hradec Králové;True;1;;2026-09-11T07:26:37.3532606Z;4;Fw: Klient: Atrium Týniště s.r.o., IČ 06539653;06539653 Atrium Týniště s.r.o
spolecenstvi vlastniku husova 2230;Name;Společenství vlastníků Husova 2230;Found;71220771;Společenství vlastníků Husova 2230, 2231 Cheb;;145;Cheb;Husova 2230/1, 35002 Cheb;True;1;;2026-09-11T07:26:37.6146341Z;8;RE: Společenství vlastníků Husova 2230, 2231 Cheb;71220771 Společenství vlastníků Husova 2230, 2231 Cheb
realit spektrum s r o;Name;REALIT SPEKTRUM s.r.o.;Found;28803884;REALIT SPEKTRUM s.r.o.;SpoleÄŤnost s ruÄŤenĂ­m omezenĂ˝m;112;Letohrad;Mírová 891, 56151 Letohrad;True;1;;2026-09-11T07:26:37.8805288Z;3;Re: REALIT SPEKTRUM ;25268368 GOLEM GROUP s.r.o
svj 635 blok 524 poskytnuti kopie podpisovych listin;Name;SVJ 635 blok 524 - poskytnutí kopie podpisových listin;NotFound;;;;;;;;0;no candidate in the register;2026-09-11T07:26:38.1289980Z;3;SVJ 635 blok 524 - poskytnutí kopie podpisových listin u schválení úvěru;28741374 Společenství vlastníků jednotek bl. 524, č.p. 3085,3086,3087,3088,3089,3090,3091,3092,3093,3094,3095, ulice Růžová, Most
maxparts s r o;Name;Maxparts s.r.o.;Found;04224205;Maxparts s.r.o.;SpoleÄŤnost s ruÄŤenĂ­m omezenĂ˝m;112;Poříčí nad Sázavou;U Vrby 335, 25721 Poříčí nad Sázavou;True;1;;2026-09-11T07:26:38.3884289Z;6;Fw: Dotaz individuálně schvalovaný KTK;04224205 Maxparts s.r.o
dubna a s;Name;dubna a.s.;Found;19842970;Rezidence 24. dubna, a.s.;AkciovĂˇ spoleÄŤnost;121;Želešice;24. dubna 26, 66443 Želešice;True;1;;2026-09-11T07:26:38.6642070Z;3;Fw: CB Living IČ 09143858  - Sapienter - Rezidence 24. dubna a.s. ;09143858 CB Living s.r.o
grey em a s;Name;Grey em a.s.;Found;29245761;GREY em a.s.;AkciovĂˇ spoleÄŤnost;121;Brno;Jundrovská 1303/43, Komín, 62400 Brno;True;1;;2026-09-11T07:26:38.9350054Z;3;Fw: Grey em a.s., IČO: 29245761;29245761 GREY em a.s
siberia export s r o;Name;Siberia export s.r.o.;Found;03580911;SIBERIA EXPORT s.r.o.;SpoleÄŤnost s ruÄŤenĂ­m omezenĂ˝m;112;Praha;Vosmíkových 930/12, Libeň, 18000 Praha 8;True;1;;2026-09-11T07:26:39.1975863Z;9;Re: Siberia Export - vzdálené ověření klienta;03580911 SIBERIA EXPORT s.r.o
spolecenstvi vlastniku jednotek domu c p 2645 a 2646 tabor;Name;Společenství vlastníků jednotek domu č.p. 2645 a 2646 Tábor;Found;28132891;Společenství vlastníků jednotek domu č.p. 2645 a 2646 Tábor;;145;Tábor;Husinecká 2646, 39002 Tábor;True;1;;2026-09-11T07:26:39.4808042Z;3;FW: Společenství vlastníků jednotek domu č.p. 2645 a 2646 Tábor, IČ 28132891 - kontrola zápisu;28132891 Společenství vlastníků jednotek domu č.p. 2645 a 2646 Tábor
unilad corporation s r o;Name;Unilad Corporation s.r.o.;NotFound;;;;;;;;0;no candidate in the register;2026-09-11T07:26:39.6901364Z;8;LEGAL OFFICE střed s.r.o., IČ: 05523478, Unilad Corporation s.r.o., IČ: 04822013;04822013 Unilad Corporation s.r.o
svj za chlumem 740 743 bilina ico 25471368;Name;SVJ  Za Chlumem 740-743 Bílina IČO 25471368;NotFound;;;;;;;;0;no candidate in the register;2026-09-11T07:26:39.9581042Z;4;Fw: Podklady SVJ  Za Chlumem 740-743 Bílina IČO 25471368;25471368 Společenství vlastníků jednotek domu č.p. 740 - 743 Za Chlumem, 418 01 Bílina
aparthotel na klenici s r o;Name;Aparthotel Na Klenici s.r.o.;Found;05012163;Aparthotel Na Klenici s.r.o.;SpoleÄŤnost s ruÄŤenĂ­m omezenĂ˝m;112;Praha;Kosatcová 1302/6, Záběhlice, 10600 Praha 10;True;1;;2026-09-11T07:26:40.2354296Z;23;Re: Aparthotel Na Klenici s.r.o.-Fw: Vyjádření LCD k výši protiplnění (péče řádného hospodáře, investice do majetku jiné osoby);05012163 Aparthotel Na Klenici s.r.o
spolecenstvi vlastniku jednotek riegrova 213;Name;Společenství vlastníků jednotek Riegrova 213;Found;26066785;Společenství vlastníků jednotek Riegrova 213, České Velenice;;145;České Velenice;Riegrova 213, 37810 České Velenice;True;1;;2026-09-11T07:26:40.4881368Z;6;Kontrola zápisu Společenství vlastníků jednotek Riegrova 213, České Velenice, IČ 26066785;26066785 Společenství vlastníků jednotek Riegrova 213, České Velenice
chranena dilna tozaridime s r o;Name;Chráněná dílna ToZařídíme s.r.o.;Found;07864116;Chráněná dílna ToZařídíme s.r.o.;SpoleÄŤnost s ruÄŤenĂ­m omezenĂ˝m;112;Praha;Hlavatého 618/1, Háje, 14900 Praha 4;True;1;;2026-09-11T07:26:40.8430832Z;5;urgence 3x požadavek v CPS+ , Chráněná dílna ToZařídíme s.r.o. ič:07864116 obnova do 30.11.2023;07864116 Chráněná dílna ToZařídíme s.r.o
rd stav plzen s r o;Name;RD Stav Plzeň s.r.o.;Found;06295380;RD Stav Plzeň s.r.o.;SpoleÄŤnost s ruÄŤenĂ­m omezenĂ˝m;112;Plzeň;K Cihelnám 123/17, Černice, 32600 Plzeň;True;1;;2026-09-11T07:26:41.0050382Z;4;Fw: Změna dlužníka - RD Stav Plzeň s.r.o.;06295380 RD Stav Plzeň s.r.o
ocelarska a s;Name;Ocelářská a.s.;Found;25693816;Ocelářská a.s.;AkciovĂˇ spoleÄŤnost;121;Praha;Ocelářská 1354/35, Libeň, 19000 Praha 9;True;3;;2026-09-11T07:26:41.2845645Z;9;FW: Ocelářská a.s.-Fw: Kontrola dokumentu.;25693816 Ocelářská a.s
rd vyrovice s r o;Name;RD Výrovice s.r.o.;Found;09825916;RD VÝROVICE s.r.o.;SpoleÄŤnost s ruÄŤenĂ­m omezenĂ˝m;112;Výrovice;č.p. 13, 67134 Výrovice;True;1;;2026-09-11T07:26:41.5301108Z;3;Fw: RD Výrovice s.r.o., IČ: 09825916 -PF;09825916 RD VÝROVICE s.r.o
slovakia s r o;Name;SLOVAKIA s.r.o.;NotFound;;;;;;;;5;5 candidate(s), none an exact name match;2026-09-11T07:26:41.7985810Z;2;RE: Tomáš Krystyník_Fw: FW: FW: Fw: Právní stanovisko k předložené kupní smlouvě na nemovitost;SLOVAKIA s.r.o
investia company s r o;Name;INVESTIA Company s.r.o.;Found;05655307;INVESTIA Company s.r.o.;SpoleÄŤnost s ruÄŤenĂ­m omezenĂ˝m;112;Praha;Rybná 716/24, Staré Město, 11000 Praha 1;True;1;;2026-09-11T07:26:42.0740165Z;3;Re: INVESTIA Company s.r.o., IČ 05655307 - změna vlastnické struktury;05655307 INVESTIA Company s.r.o
sl holding cz s r o;Name;SL HOLDING CZ s.r.o.;Found;28823001;SL HOLDING CZ s.r.o.;SpoleÄŤnost s ruÄŤenĂ­m omezenĂ˝m;112;Praha;Antala Staška 1859/34, Krč, 14000 Praha 4;True;1;;2026-09-11T07:26:42.3210890Z;4;Vzájemný zápočet pohledávek SL Holding;19882386 SL- I s.r.o
is dr svobody s r o;Name;IS dr. Svobody s.r.o.;Found;09504192;IS dr. Svobody s.r.o.;SpoleÄŤnost s ruÄŤenĂ­m omezenĂ˝m;112;Rabštejnská Lhota;Rabštejn 17, 53701 Rabštejnská Lhota;True;1;;2026-09-11T07:26:42.5582020Z;4;IS dr. Svobody s.r.o.  IČ 09504192;09504192 IS dr. Svobody s.r.o
antinu development s r o;Name;Antinu development s.r.o.;Found;14448599;Antinu development s.r.o.;SpoleÄŤnost s ruÄŤenĂ­m omezenĂ˝m;112;Líbeznice;Na hůrce 71, 25065 Líbeznice;True;2;;2026-09-11T07:26:42.8121127Z;18;Antinu development s.r.o. IČ: 14448599;14448599 Antinu development s.r.o
ic spol s r o;Name;IC spol. s r.o.;Found;23510595;IČ Spol s.r.o.;SpoleÄŤnost s ruÄŤenĂ­m omezenĂ˝m;112;Praha;Zenklova 24/54, Libeň, 18000 Praha 8;True;5;;2026-09-11T07:26:43.1569878Z;5;Fw: SC0000000015063716 - kvitance u postoupené pohledávky;IC spol. s r.o
spolecenstvi vlastniku domu c p 373 na ohrade;Name;Společenství vlastníků domu č.p. 373 Na Ohradě;Found;07431261;Společenství vlastníků domu č.p. 373, Na Ohradě, Soběslav II;;145;Soběslav;Na Ohradě 373/45, Soběslav II, 39201 Soběslav;True;1;;2026-09-11T07:26:43.3530085Z;3;Posouzení zápisu SVJ - Společenství vlastníků domu č.p. 373 Na Ohradě, Soběslav, IČO: 074 31 261 ;07431261 Společenství vlastníků domu č.p. 373, Na Ohradě, Soběslav II
i e t reality s r o;Name;I.E.T. reality s.r.o.;Found;25538942;I.E.T. Reality, s.r.o.;SpoleÄŤnost s ruÄŤenĂ­m omezenĂ˝m;112;Brno;náměstí Svobody 87/18, Brno-město, 60200 Brno;True;1;;2026-09-11T07:26:43.6364786Z;4;Re: I.E.T. reality s.r.o., IČ 25538942 - souhlas banky s přeměnou;25538942 I.E.T. Reality, s.r.o
2p investments s r o;Name;2P Investments s.r.o.;Found;24812765;2P Investments s.r.o.;SpoleÄŤnost s ruÄŤenĂ­m omezenĂ˝m;112;Ústí nad Labem;Masarykova 1585/81, Ústí nad Labem-centrum, 40001 Ústí nad Labem;True;1;;2026-09-11T07:26:43.8732316Z;4;Re: 2P Investments s.r.o. i.č. 24812765 - podpis prohlášení osoby pobývající v cizině poskytující zajištění na dodatku obnovy rvg. úvěru;24812765 2P Investments s.r.o
ekokalor s r o;Name;Ekokalor s.r.o.;Found;28275331;EKOKALOR s.r.o.;SpoleÄŤnost s ruÄŤenĂ­m omezenĂ˝m;112;Zlín;Březnická 5567, 76001 Zlín;True;1;;2026-09-11T07:26:44.1527787Z;4;klient Ekokalor s.r.o., IČ 282 75 331, úvěr č. 0279714149;28275331 EKOKALOR s.r.o
spolecenstvi vlastniku domu k zastavce 535;Name;Společenství vlastníků domu K Zastávce 535;Found;11881054;Společenství vlastníků domu K Zastávce 535, Veselí nad Lužnicí;;145;Veselí nad Lužnicí;K Zastávce 535, Veselí nad Lužnicí I, 39181 Veselí nad Lužnicí;True;1;;2026-09-11T07:26:44.4218024Z;3;Re: Společenství vlastníků domu K Zastávce 535, Veselí nad Lužnicí, IČ/RČ: 11881054;11881054 Společenství vlastníků domu K Zastávce 535, Veselí nad Lužnicí
cb living s r o;Name;CB Living s.r.o.;Found;09143858;CB Living s.r.o.;SpoleÄŤnost s ruÄŤenĂ­m omezenĂ˝m;112;Brno;Ctiradova 187/25, Chrlice, 64300 Brno;True;1;;2026-09-11T07:26:44.6650945Z;15;CB Living s.r.o.-Fw: revize - Smlouva o smlouvě budoucí kupní CB Living;09143858 CB Living s.r.o
svj husova 565;Name;SVJ Husova 565;NotFound;;;;;;;;0;no candidate in the register;2026-09-11T07:26:44.9279755Z;3;Fw: postoupení pohledávek - SVJ Husova 565, Dobrovice, IČ 27632687, číslo úvěru 729632109;27632687 Společenství vlastníků jednotek v budově čp. 565, 566, 567, 568 ulice Husova, Dobrovice
autoreno s r o;Name;AUTORENO s.r.o.;Found;43820093;AUTORENO s.r.o.;SpoleÄŤnost s ruÄŤenĂ­m omezenĂ˝m;112;Pelhřimov;Matějkova 2025, 39301 Pelhřimov;True;4;;2026-09-11T07:26:45.2537245Z;3;Fw: AUTORENO s.r.o. IČ: 43820093;43820093 AUTORENO s.r.o
magnum nachod s r o;Name;Magnum Náchod s.r.o.;Found;25949748;MAGNUM Náchod s.r.o.;SpoleÄŤnost s ruÄŤenĂ­m omezenĂ˝m;112;Náchod;Kamenice 113, 54701 Náchod;True;1;;2026-09-11T07:26:45.4784103Z;6;Re: 8025-05-27-10.33.16.176326;Magnum Náchod s.r.o
ordinace marada s r o;Name;ORDINACE MARADA s.r.o.;Found;02358883;ORDINACE MARADA  s.r.o.;SpoleÄŤnost s ruÄŤenĂ­m omezenĂ˝m;112;Tábor;Petra z Ústí 1363/11, 39002 Tábor;True;1;;2026-09-11T07:26:45.7500370Z;3;Fw: ID žádosti: 2053027311 ORDINACE MARADA s.r.o. ičo: 02358883;02358883 ORDINACE MARADA s.r.o
spolecenstvi vlastniku v mispulkach 427;Name;Společenství vlastníků V Mišpulkách 427;Found;27230210;Společenství vlastníků V Mišpulkách 427, 428;;145;Kutná Hora;V Mišpulkách 428, Žižkov, 28401 Kutná Hora;True;1;;2026-09-11T07:26:46.0307933Z;15;Re: Společenství vlastníků V Mišpulkách 427, 428, IČO: 27230210 - nesouhlas s úrokovou sazbou;27230210 Společenství vlastníků V Mišpulkách 427, 428
ag clima plus s r o;Name;AG Clima plus s.r.o.;Found;24734152;AG Clima plus s.r.o.;SpoleÄŤnost s ruÄŤenĂ­m omezenĂ˝m;112;Mladá Boleslav;Vinecká 1, Čejetičky, 29301 Mladá Boleslav;True;1;;2026-09-11T07:26:46.2806217Z;3;Fw: CHYBNÝ DATUM podpisu na Zástavkách a Dodatku;24734152 AG Clima plus s.r.o
nad nivami s r o;Name;Nad Nivami s.r.o.;NotFound;;;;;;;;0;no candidate in the register;2026-09-11T07:26:46.5335575Z;2;Re: Právní stanovisko;29238463 Nad Nivami s.r.o
3 osob uniwel stavby spol s r o;Name;3.osob Uniwel STAVBY spol. s.r.o.;NotFound;;;;;;;;0;no candidate in the register;2026-09-11T07:26:46.7988806Z;3;Financování rekonstrukce majetku 3.osob Uniwel STAVBY spol.s.r.o.;61324043 UniWel STAVBY spol. s r.o
m s plus s r o;Name;M&S Plus s.r.o.;Found;27126510;M&S Plus s.r.o.;SpoleÄŤnost s ruÄŤenĂ­m omezenĂ˝m;112;Praha;Wichterlova 2372/8, Libeň, 18200 Praha 8;True;1;;2026-09-11T07:26:47.0737624Z;8;Re: M&S Plus s.r.o.  IČO 27126510  ID 2047014725 - Nájmy ;27126510 M&S Plus s.r.o
cargo leader s r o;Name;CARGO LEADER s.r.o.;Found;24198064;Cargo Leader s.r.o.;SpoleÄŤnost s ruÄŤenĂ­m omezenĂ˝m;112;Šestajovice;Máchova 437, 25092 Šestajovice;True;1;;2026-09-11T07:26:47.3430420Z;7;Fw: Posouzení - změna vlastnické struktury, CARGO LEADER s.r.o., IČ 24198064;24198064 Cargo Leader s.r.o
svj blatske sidliste 584;Name;SVJ Blatské sídliště 584;NotFound;;;;;;;;0;no candidate in the register;2026-09-11T07:26:47.5844246Z;3;Re: Fw: Posouzení Zápisu - SVJ Blatské sídliště 584, Veselí nad Lužnicí - iČ 05558166;05558166 Společenství vlastníků jednotek č.p. 584-I ve Veselí nad Lužnicí
bydleni cb s r o;Name;BYDLENÍ CB s.r.o.;Found;04395069;BYDLENÍ CB s.r.o.;SpoleÄŤnost s ruÄŤenĂ­m omezenĂ˝m;112;Boršov nad Vltavou;Sportovní 450, 37382 Boršov nad Vltavou;True;1;;2026-09-11T07:26:47.8929400Z;6;Fw: BYDLENÍ CB s.r.o. IČ 04395069 - posouzení dokumentů k projektovému financování na prodej;04395069 BYDLENÍ CB s.r.o
lordmax s r o;Name;Lordmax s.r.o.;Found;08038791;LordMax s.r.o.;SpoleÄŤnost s ruÄŤenĂ­m omezenĂ˝m;112;Praha;Za Poříčskou bránou 334/4, Karlín, 18600 Praha 8;True;1;;2026-09-11T07:26:48.1073284Z;3;FW: Návrh nájemní smlouvy - klient Lordmax s.r.o., IČ 08038791;08038791 LordMax s.r.o
ze vse proberu s jednatelem s r o;Name;že vše proberu s jednatelem s.r.o.;NotFound;;;;;;;;0;no candidate in the register;2026-09-11T07:26:48.3373350Z;8;Re: Informace pro ručitele úvěru - p. Benešová;že vše proberu s jednatelem s.r.o
absolventi s r o;Name;ABSOLVENTI s.r.o.;Found;07710437;ABSOLVENTI s.r.o.;SpoleÄŤnost s ruÄŤenĂ­m omezenĂ˝m;112;Praha;Evropská 516/10, Dejvice, 16000 Praha 6;True;1;;2026-09-11T07:26:48.6590729Z;4;RE: dotaz klient ABSOLVENTI s.r.o. IČ: 07710437;07710437 ABSOLVENTI s.r.o
dual trade s r o;Name;Dual Trade s.r.o.;Found;24790141;Dual Trade s.r.o.;SpoleÄŤnost s ruÄŤenĂ­m omezenĂ˝m;112;Bystřice pod Hostýnem;A. Horáka 1769, 76861 Bystřice pod Hostýnem;True;1;;2026-09-11T07:26:48.8900869Z;3;Fw: Souhlas ČS s rozdělením Dual Trade;24790141 Dual Trade s.r.o
dotaz k uverove smlouve jantar spol s r o;Name;Dotaz k úvěrové smlouvě JANTAR spol. s r.o.;NotFound;;;;;;;;0;no candidate in the register;2026-09-11T07:26:49.1588791Z;3;Dotaz k úvěrové smlouvě JANTAR spol. s r.o., IČ 48390780;48390780 JANTAR spol. s r.o
giresun s r o;Name;Giresun s.r.o.;Found;04384741;Giresun s.r.o.;SpoleÄŤnost s ruÄŤenĂ­m omezenĂ˝m;112;Brno;Francouzská 939/63, Zábrdovice, 60200 Brno;True;1;;2026-09-11T07:26:49.4003047Z;8;Giresun s.r.o., IČ 04384741;04384741 Giresun s.r.o
svj rokycanova ic 28769252 prevaha nebytovych prosto;Name;SVJ Rokycanova IČ 28769252 - převaha nebytových prosto;NotFound;;;;;;;;0;no candidate in the register;2026-09-11T07:26:49.7498414Z;3;Re: Společenství pro dům Rokycanova 2798-Fwd: SVJ Rokycanova IČ 28769252 - převaha nebytových prostor;28769252 Společenství pro dům Rokycanova 2798
metalpreciz s r o;Name;METALPRECIZ s.r.o.;Found;03480747;METALPRECIZ s.r.o.;SpoleÄŤnost s ruÄŤenĂ­m omezenĂ˝m;112;Pozořice;U Vlečky 694, 66407 Pozořice;True;1;;2026-09-11T07:26:49.9851149Z;1;Fwd: Žádost o součinnost;03480747 METALPRECIZ s.r.o
02821877;Ico;02821877;Found;02821877;JEDNIČKY s.r.o.;SpoleÄŤnost s ruÄŤenĂ­m omezenĂ˝m;112;Praha;Na květnici 713/7, Nusle, 14000 Praha 4;True;0;;2026-09-11T07:26:50.1567981Z;2;JEDNIČKY s.r.o-Fw: Prověření rozhodnutí 1 společníka;02821877 JEDNIČKY s.r.o
jednicky s r o;Name;JEDNIČKY s.r.o.;Found;02821877;JEDNIČKY s.r.o.;SpoleÄŤnost s ruÄŤenĂ­m omezenĂ˝m;112;Praha;Na květnici 713/7, Nusle, 14000 Praha 4;True;2;;2026-09-11T07:26:50.5092595Z;2;JEDNIČKY s.r.o-Fw: Prověření rozhodnutí 1 společníka;02821877 JEDNIČKY s.r.o
tech praha s r o;Name;Tech Praha s.r.o.;NotFound;;;;;;;;5;5 candidate(s), none an exact name match;2026-09-11T07:26:50.7989544Z;10;Fw: Žádost o posouzení uznatelnosti;03772985 Dux Logistics & Tech Praha s.r.o
nastrojarny wia s r o;Name;Nástrojárny WIA s.r.o.;NotFound;;;;;;;;0;no candidate in the register;2026-09-11T07:26:50.9806083Z;3;Klient: Moravia Automation s.r.o., IČ: 08976848 / koupě nemovitosti / provozovna Nástrojárny WIA s.r.o., / Útěchov č.p. 53, PSČ: 571 01;08976848 Moravia Automation s.r.o
prvni trnkovecka s r o;Name;První Trnkovecká s.r.o.;Found;09676449;První Trnkovecká s.r.o.;SpoleÄŤnost s ruÄŤenĂ­m omezenĂ˝m;112;Ostrava;Vratimovská 624/11, Kunčičky, 71800 Ostrava;True;1;;2026-09-11T07:26:51.2658526Z;3;zápis z VH pro klienta První Trnkovecká s.r.o., případ ID 2063003464;09676449 První Trnkovecká s.r.o
lk port s r o;Name;LK PORT s.r.o.;Found;25228994;LK PORT s.r.o.;SpoleÄŤnost s ruÄŤenĂ­m omezenĂ˝m;112;Cheb;Karlovarská 151/26, Hradiště, 35002 Cheb;True;1;;2026-09-11T07:26:51.5495948Z;2;Re: LK PORT s.r.o. IČO : 25228994 - komerční hypo/kupní smlouva;25228994 LK PORT s.r.o
aqua park spindleruv mlyn s r o;Name;AQUA Park Špindlerův Mlýn s.r.o.;Found;25963589;AQUA Park Špindlerův Mlýn s.r.o.;SpoleÄŤnost s ruÄŤenĂ­m omezenĂ˝m;112;Špindlerův Mlýn;č.p. 300, 54351 Špindlerův Mlýn;True;1;;2026-09-11T07:26:51.7977232Z;7;RE: AQUA Park Špindlerův Mlýn s.r.o. (IČ 25963589) -  odštěpení podniku;25963589 AQUA Park Špindlerův Mlýn s.r.o
svj kontrola;Name;SVJ - kontrola;NotFound;;;;;;;;0;no candidate in the register;2026-09-11T07:26:52.0489496Z;3;Společenství vlastníků jednotek Veltruská čp. 534-Fw: Zápis ze shromáždění SVJ - kontrola;28906632 Společenství vlastníků jednotek Veltruská čp. 534
coreyoga s r o;Name;CoreYoga s.r.o.;Found;14241137;CoreYoga s.r.o.;SpoleÄŤnost s ruÄŤenĂ­m omezenĂ˝m;112;Zdiby;U Louže 387, Přemyšlení, 25066 Zdiby;True;2;;2026-09-11T07:26:52.3351106Z;3;Fw: CoreYoga s.r.o. IČO 14241137 - kupní smlouva a dohoda o advokátní úschově;14241137 CoreYoga s.r.o
svj se na rekonstrukci podileji 50 50;Name;SVJ se na rekonstrukci podílejí 50/50).;NotFound;;;;;;;;0;no candidate in the register;2026-09-11T07:26:52.6152797Z;2;SoD ke kontrole;SVJ se na rekonstrukci podílejí 50-50)
vitejeves a s;Name;Vítějeves a.s.;Found;25252526;Zemědělská společnost Vítějeves a.s.;AkciovĂˇ spoleÄŤnost;121;Vítějeves;č.p. 74, 56906 Vítějeves;True;1;;2026-09-11T07:26:52.8510234Z;1;Re: Zemědělská společnost Vítějeves a.s. - vyjádření k NZ;25252526 Zemědělská společnost Vítějeves a.s
svet stomatologie s r o;Name;Svět Stomatologie s.r.o.;Found;22346287;Svět Stomatologie s.r.o.;SpoleÄŤnost s ruÄŤenĂ­m omezenĂ˝m;112;Ostrava;Plzeňská 2621/2, Zábřeh, 70030 Ostrava;True;1;;2026-09-11T07:26:53.1513957Z;5;Svět Stomatologie s.r.o. ič 22346287, valná hromada - střet zájmů;22346287 Svět Stomatologie s.r.o
spolecenstvi vlastniku jednotek domu udolni cp 2263 2264 tabor;Name;Společenství vlastníků jednotek domu Údolní čp. 2263-2264 Tábor;NotFound;;;;;;;;0;no candidate in the register;2026-09-11T07:26:53.3694891Z;3;Fw: Posouzení zápisu SVJ -  Společenství vlastníků jednotek domu Údolní čp. 2263-2264 Tábor, IČO: 260 59 185;26059185 Společenství vlastníků jednotek domu Údolní ulice čp. 2263 - 2264, Tábor
proqin d g s r o;Name;PROQIN D.G. s.r.o.;Found;09398953;PROQIN D.G. s.r.o.;SpoleÄŤnost s ruÄŤenĂ­m omezenĂ˝m;112;Kurdějov;č.p. 88, 69301 Kurdějov;True;1;;2026-09-11T07:26:53.6304227Z;3;Re: PROQIN D.G. s.r.o. 09398953 - valná hromada;09398953 PROQIN D.G. s.r.o
svj skolni hustopece;Name;SVJ Školní Hustopeče;NotFound;;;;;;;;0;no candidate in the register;2026-09-11T07:26:53.8861580Z;3;Automatická odpověď: Žádost o urgenci - SVJ Školní Hustopeče, IČO 17442991;17442991 Společenství vlastníků domu Školní 993-19
k vilkam s r o;Name;K VILKÁM s.r.o.;Found;17582890;K VILKÁM s.r.o.;SpoleÄŤnost s ruÄŤenĂ­m omezenĂ˝m;112;Praha;Za zahradami 396/2, Dolní Měcholupy, 11101 Praha 10;True;1;;2026-09-11T07:26:54.1669210Z;7;Re: : K VILKÁM s.r.o., IČ/RČ: 17582890, produkt: Projektové financování_HU  627034159;17582890 K VILKÁM s.r.o
jmc trading s r o;Name;JMC Trading s.r.o.;Found;26846802;JMC Trading s.r.o.;SpoleÄŤnost s ruÄŤenĂ­m omezenĂ˝m;112;Mohelnice;Sadová 151/25, 78985 Mohelnice;True;1;;2026-09-11T07:26:54.4406098Z;1;Re: Refinancování kupní ceny financovaných nemovitostí;26813033 ARTOS CZ, spol. s r.o
spolecenstvi vlastniku koulova 1568;Name;Společenství vlastníků Koulova 1568;Found;26454106;Společenství vlastníků Koulova 1568, Praha 6;;145;Praha;Koulova 1568/3, Dejvice, 16000 Praha 6;True;1;;2026-09-11T07:26:54.7020042Z;2;Společenství vlastníků Koulova 1568, Praha 6, verifikace zápisu, ič 26454106;26454106 Společenství vlastníků Koulova 1568, Praha 6
bytovy dum brozany s r o;Name;Bytový dům Brozany s.r.o.;Found;10680284;Bytový dům Brozany s.r.o.;SpoleÄŤnost s ruÄŤenĂ­m omezenĂ˝m;112;Roudnice nad Labem;Kratochvílova 2659, 41301 Roudnice nad Labem;True;1;;2026-09-11T07:26:54.9683721Z;3;Fw: Otázka k úvěru - projektové financování;10680284 Bytový dům Brozany s.r.o
spolecenstvi vlastniku jednotek veltruska cp 534 fw zapis ze shromazdeni svj;Name;Společenství vlastníků jednotek Veltruská čp. 534-Fw: Zápis ze shromáždění SVJ -;NotFound;;;;;;;;0;no candidate in the register;2026-09-11T07:26:55.2146529Z;4;FW: Společenství vlastníků jednotek Veltruská čp. 534-Fw: Zápis ze shromáždění SVJ - kontrola;Společenství vlastníků jednotek Veltruská čp. 534-Fw- Zápis ze shromáždění SVJ -
prvni semilska realitni s r o;Name;První Semilská Realitní s.r.o.;Found;21191930;První Semilská Realitní s.r.o.;SpoleÄŤnost s ruÄŤenĂ­m omezenĂ˝m;112;Borek;č.p. 20, 50771 Borek;True;1;;2026-09-11T07:26:55.4858655Z;6;Re: První Semilská Realitní s.r.o.-Fw: Zhodnocení dokumentů IČO 21191930;21191930 První Semilská Realitní s.r.o
svj na vyspe zadost cps cislo 2079581412;Name;SVJ Na Výspě  - žádost CPS číslo  2079581412;NotFound;;;;;;;;0;no candidate in the register;2026-09-11T07:26:55.7702401Z;8;FW: SVJ Na Výspě  - žádost CPS číslo  2079581412;06948545 Společenství vlastníků Na Výspě 645, 646
sl holding s r o;Name;SL Holding s.r.o.;Found;28823001;SL HOLDING CZ s.r.o.;SpoleÄŤnost s ruÄŤenĂ­m omezenĂ˝m;112;Praha;Antala Staška 1859/34, Krč, 14000 Praha 4;True;1;;2026-09-11T07:26:56.0052135Z;2;Re: Konzultace podmínek čerpání společnost SL Holding s.r.o.;05289254 Villa Central s.r.o
agro bystrice a s;Name;AGRO BYSTŘICE a.s.;Found;25282409;AGRO BYSTŘICE a.s.;AkciovĂˇ spoleÄŤnost;121;Bystřice;č.p. 10, 50723 Bystřice;True;1;;2026-09-11T07:26:56.2938455Z;6;zápis z valné hromady AGRO BYSTŘICE a.s.;07873841 Jaroslav Minčák
riverside gate s r o;Name;Riverside Gate s.r.o.;Found;21514259;Riverside Gate s.r.o.;SpoleÄŤnost s ruÄŤenĂ­m omezenĂ˝m;112;Praha;Chudenická 1059/30, Hostivař, 10200 Praha 10;True;1;;2026-09-11T07:26:56.5378756Z;11;RE: Riverside Gate s.r.o. - stanovisko ke smlouvám o příplatku;21514259 Riverside Gate s.r.o
decor s r o;Name;Decor s.r.o.;NotFound;;;;;;;;5;5 candidate(s), none an exact name match;2026-09-11T07:26:56.8439280Z;4;Fw: Pepper - Decor s.r.o., 02538229;02538229 Pepper - Decor s.r.o
montea cz s r o;Name;MONTEA CZ s.r.o.;Found;26073170;MONTEA CZ s.r.o.;SpoleÄŤnost s ruÄŤenĂ­m omezenĂ˝m;112;Písek;Čížovská 487, Pražské Předměstí, 39701 Písek;True;1;;2026-09-11T07:26:57.0805486Z;5;Re: Prosím o kontrolu kupní smlouvy - MONTEA CZ s.r.o. IČ: 26073170;26073170 MONTEA CZ s.r.o
revitherm s r o;Name;Revitherm s.r.o.;Found;24198820;Revitherm s.r.o.;SpoleÄŤnost s ruÄŤenĂ­m omezenĂ˝m;112;Praha;Marešova 643/6, Černý Most, 19800 Praha 9;True;3;;2026-09-11T07:26:57.3414963Z;4;Fw: Revitherm s.r.o. ič. 24198820 - posouzení Ks a Advokátní úschovu;24198820 Revitherm s.r.o
spolecenstvi vlastniku jednotek domu cp 79 dynin fw posouzeni zapis ze shromaz;Name;Společenství vlastníků jednotek domu čp. 79 Dynín-Fw: Posouzení Zápis ze shromáž;NotFound;;;;;;;;0;no candidate in the register;2026-09-11T07:26:57.5732290Z;3;Společenství vlastníků jednotek domu čp. 79 Dynín-Fw: Posouzení Zápis ze shromáždění;28104668 Společenství vlastníků jednotek domu čp. 79 Dynín
le euro gear spol s r o;Name;LE EURO-GEAR spol. s r.o.;NotFound;;;;;;;;0;no candidate in the register;2026-09-11T07:26:57.8143376Z;12;LE EURO-GEAR spol. s r.o., IČ 61247308;61247308 LE EURO-GEAR spol. s r.o
cnc machining work s r o;Name;CNC machining work s.r.o.;Found;06961894;CNC machining work s.r.o.;SpoleÄŤnost s ruÄŤenĂ­m omezenĂ˝m;112;Brno;Hády 1075/5c, Maloměřice, 61400 Brno;True;1;;2026-09-11T07:26:58.1183232Z;7;Konzultace Zápisu z valné hromady;06961894 CNC machining work s.r.o
hgp s r o;Name;HGP s.r.o.;Found;14143241;HGP s.r.o.;SpoleÄŤnost s ruÄŤenĂ­m omezenĂ˝m;112;Zlín;Pod Rozhlednou 1828, 76001 Zlín;True;2;;2026-09-11T07:26:58.3397431Z;8;Fw: Smlouvy s dodavateli k developerskému projektu HGP s.r.o., IČ: 14143241;14143241 HGP s.r.o
centrum zubni pece vik dent s r o;Name;Centrum zubní péče VIK-DENT s.r.o.;Found;09232567;Centrum zubní péče VIK-DENT s.r.o.;SpoleÄŤnost s ruÄŤenĂ­m omezenĂ˝m;112;Šumperk;B. Němcové 2771/3, 78701 Šumperk;True;1;;2026-09-11T07:26:58.6225082Z;4;Re: Centrum zubní péče VIK-DENT s.r.o., IČ 09232567 - nabídka na finanocování rekonstrukce NEM na ordinace v Šumperku;09232567 Centrum zubní péče VIK-DENT s.r.o
havel spv bravo s r o;Name;HAVEL SPV BRAVO s.r.o.;NotFound;;;;;;;;0;no candidate in the register;2026-09-11T07:26:58.8656386Z;5;Re: HAVEL SPV BRAVO s.r.o. , IČ 08752613 ;08752613 HAVEL SPV BRAVO s.r.o
stradlova s r o;Name;Stradlova s.r.o.;Found;24213403;Stradlova s.r.o.;SpoleÄŤnost s ruÄŤenĂ­m omezenĂ˝m;112;Praha;Brandejsovo náměstí 1251/3, Suchdol, 16500 Praha 6;True;1;;2026-09-11T07:26:59.1235135Z;3;Fw: Stradlova s.r.o. IČ: 24213403;24213403 Stradlova s.r.o
krupska s r o;Name;Krupská s.r.o.;NotFound;;;;;;;;3;3 candidate(s), none an exact name match;2026-09-11T07:26:59.4339427Z;3;SPV - Krupská s.r.o. - Prosba o stanovisko LCD;10783962 SP - Krupská s.r.o
sberbank a s;Name;Sberbank a.s.;Found;25083325;Sberbank CZ, a.s. v likvidaci;AkciovĂˇ spoleÄŤnost;121;Praha;U Trezorky 921/2, Jinonice, 15800 Praha 5;True;1;;2026-09-11T07:26:59.6467289Z;13;Fw: Čerpání úvěru - Sberbank ;Sberbank a.s
tapros tabor a s;Name;Tapros Tábor a.s.;Found;48200484;TAPROS Tábor, a.s.;AkciovĂˇ spoleÄŤnost;121;Tábor;Čekanice 245, 39002 Tábor;True;1;;2026-09-11T07:26:59.9156291Z;4;Tapros Tábor a.s. IČ: 48200484 -výstavba  polyfunkční haly - žádost o úvěr 28.000.000,- Kč, - SOD + rozpočet;48200484 TAPROS Tábor, a.s
svj na 59;Name;SVJ na 59;NotFound;;;;;;;;0;no candidate in the register;2026-09-11T07:27:00.2287303Z;1;dotaz k textaci u zápisu ze schůze SVJ;24138835 Společenství vlastníků domu Kurzova-Borovanského 2201-2205
svj bojcenkova 101094 1098;Name;SVJ Bojčenkova 101094-1098;NotFound;;;;;;;;0;no candidate in the register;2026-09-11T07:27:00.5103616Z;3;Fw: Smlouva na výstavbu FTVE - podpis v signi, SVJ Bojčenkova 101094-1098, IČ: 21656461, úvěr: 627558139;21656461 Společenství vlastníků jednotek Bojčenkova 1094 - 1098
svj ceska 622;Name;SVJ Česká 622;NotFound;;;;;;;;0;no candidate in the register;2026-09-11T07:27:00.7465274Z;3;Fw: SVJ Česká 622, Liberec - úvěr č. 0728926199 - kontrola podkladu;22794115 Společenství vlastníků Česká 622
svj s ouhlasi s uzavrenim smlouvy o uveru s ceskou sp;Name;SVJ s ouhlasí  s uzavřením smlouvy o úvěru s Českou sp;NotFound;;;;;;;;0;no candidate in the register;2026-09-11T07:27:01.0061395Z;1;zápis ze shromáždění CLUID 9011-07-22-11.45.51.364266;28817362 Společenství vlastníků domu čp. 1359 - 1361 Studentská, Přelouč
brickstone s r o;Name;Brickstone s.r.o.;Found;04747241;Brickstone s.r.o.;SpoleÄŤnost s ruÄŤenĂ­m omezenĂ˝m;112;Praha;Budovcova 188/1, Žižkov, 13000 Praha 3;True;2;;2026-09-11T07:27:01.2767132Z;7;Re: Brickstone s.r.o., IČ 04747241, Investiční úvěr - dlouhodobý	č. 627294129;04747241 Brickstone s.r.o
sberbank paseta invest s r o;Name;SBERBANK_Paseta invest s.r.o.;NotFound;;;;;;;;0;no candidate in the register;2026-09-11T07:27:01.5085059Z;2;FW: SBERBANK_Paseta invest s.r.o.-Fw: SC0000000039993442 - Kontrola PZS;25083325 Sberbank CZ, a.s. v likvidaci
svj 4 bj a jedna nebytova jednotka se nebude podilet;Name;SVJ (4 BJ) a jedna nebytová jednotka se nebude podílet;NotFound;;;;;;;;0;no candidate in the register;2026-09-11T07:27:01.8035168Z;1;Fw: Nabídka financování;06854052 ZATOMI Pv s.r.o
u firmy terom s r o;Name;U firmy TEROM s.r.o.;NotFound;;;;;;;;0;no candidate in the register;2026-09-11T07:27:02.0432438Z;2;;64826848 TEROM s.r.o
mfp paper s r o;Name;MFP paper s.r.o.;Found;25899341;MFP paper s.r.o.;SpoleÄŤnost s ruÄŤenĂ­m omezenĂ˝m;112;Přerov;Gen. Štefánika 3581/52, Přerov I-Město, 75002 Přerov;True;1;;2026-09-11T07:27:02.3186023Z;2;Fw: Datový výpis - MFP papírnictví;25899341 MFP paper s.r.o
spolecenstvi vlastniku jednotek slunecna 17;Name;Společenství vlastníků jednotek Slunečná 17;Found;08020027;Společenství vlastníků jednotek Slunečná 17, 19, 695 01 Hodonín;;145;Hodonín;Slunečná 3641/19, 69501 Hodonín;True;1;;2026-09-11T07:27:02.5833878Z;5;Re: Společenství vlastníků jednotek Slunečná 17, 19, 695 01 Hodonín ičo: 08020027;08020027 Společenství vlastníků jednotek Slunečná 17, 19, 695 01 Hodonín
svj za poricskou branou 300 13;Name;SVJ Za Poříčskou bránou 300/13;NotFound;;;;;;;;0;no candidate in the register;2026-09-11T07:27:02.8952039Z;1;Prosba o vyjádření k zástavě pojistné smlouvy;02975785 BD Za Poříčskou bránou 300-13, bytové družstvo
surda team s r o;Name;Šurda team s.r.o.;Found;14208016;Šurda team s.r.o.;SpoleÄŤnost s ruÄŤenĂ­m omezenĂ˝m;112;Písečná;č.p. 152, 56170 Písečná;True;1;;2026-09-11T07:27:03.1160632Z;15;Fw: Navazující dotaz -  BD Trans + Šurda team - právní stanovisko banky - koupě objektu od Českých drah bez trojstranné zástavy   55920/2021-O32 Letohrad, Orlice ;14208016 Šurda team s.r.o
machac lubomir s r o;Name;Machač Lubomír s.r.o.;Found;04675401;Machač Lubomír s.r.o.;SpoleÄŤnost s ruÄŤenĂ­m omezenĂ˝m;112;Česká Třebová;Hýblova 71, 56002 Česká Třebová;True;1;;2026-09-11T07:27:03.4186298Z;1;Machač Lubomír s.r.o._rozdílné VS ;04675401 Machač Lubomír s.r.o
lugyn s r o;Name;LUGYN s.r.o.;Found;17209030;Lugyn s.r.o.;SpoleÄŤnost s ruÄŤenĂ­m omezenĂ˝m;112;;;True;1;;2026-09-11T07:27:03.6561611Z;3;Fw: konzultace financování koupě části obchodního závodu;17209030 Lugyn s.r.o
out coffee s r o;Name;OUT COFFEE s.r.o.;Found;27419223;OUT COFFEE s.r.o.;SpoleÄŤnost s ruÄŤenĂ­m omezenĂ˝m;112;Praha;Olgy Havlové 2914/52, Žižkov, 13000 Praha 3;True;1;;2026-09-11T07:27:03.9127683Z;9;Fw: OUT COFFEE-Fw: dotaz;25682784 Prime (1998) s.r.o
svj husova 1138;Name;SVJ Husova 1138;NotFound;;;;;;;;0;no candidate in the register;2026-09-11T07:27:04.1642712Z;4;Fw: SVJ Husova 1138, CR, IČ: 05925070;05925070 Společenství vlastníků čp. 1137-1139, ul. Husova, Chrudim IV
danvit expres s r o;Name;Danvit Expres s.r.o.;Found;25221931;DANVIT EXPRES s.r.o.;SpoleÄŤnost s ruÄŤenĂ­m omezenĂ˝m;112;Cheb;Svatý Kříž 347, Háje, 35002 Cheb;True;1;;2026-09-11T07:27:04.4540465Z;3;Fw: Danvit Expres s.r.o. IČO 25221931 - konzultace k ZP z  poj.;25221931 DANVIT EXPRES s.r.o
pnreality cz a s;Name;pnreality.cz a.s.;Found;29444934;pnreality.cz a.s.;AkciovĂˇ spoleÄŤnost;121;Ostrava;Hlavní třída 1023/55, Poruba, 70800 Ostrava;True;1;;2026-09-11T07:27:04.6992749Z;7;Re: pnreality.cz a.s. IČ: 29444934 - dotaz k čerpání;29444934 pnreality.cz a.s
svj rehorova 27 44 praha;Name;SVJ Řehořova 27/44 Praha;NotFound;;;;;;;;0;no candidate in the register;2026-09-11T07:27:05.0046823Z;2;SVJ Řehořova 27/44 Praha, IČ 29412811;29412811 Společenství vlastníků jednotek Řehořova 27-44, Praha 3
jedna se o flydenn s r o;Name;Jedná se o FLYDENN s.r.o.;NotFound;;;;;;;;0;no candidate in the register;2026-09-11T07:27:05.2630822Z;2;Fw: změna splátkového kalendáře;24741591 FLYDENN s.r.o
mape real a s;Name;MAPE REAL a.s.;Found;27350801;MAPE REAL a.s.;AkciovĂˇ spoleÄŤnost;121;Děčín;Resslova 638/6, Děčín IV-Podmokly, 40502 Děčín;True;1;;2026-09-11T07:27:05.4934431Z;8;FW: MAPE REAL a.s. - zápis z jednání valné hromady;27350801 MAPE REAL a.s
prepis smenky skalova s r o;Name;Přepis směnky Skálova s.r.o.;NotFound;;;;;;;;0;no candidate in the register;2026-09-11T07:27:05.7746280Z;3;Fw: URGENT - Přepis směnky Skálova s.r.o.  ;04151101 Skálova s.r.o
harmony wellness club s r o;Name;Harmony Wellness club s.r.o.;Found;26068125;Harmony Wellness club s.r.o.;SpoleÄŤnost s ruÄŤenĂ­m omezenĂ˝m;112;Písek;Gregorova 2563, Budějovické Předměstí, 39701 Písek;True;1;;2026-09-11T07:27:06.0486271Z;3;Re: Harmony Wellness club s.r.o., IČ 26068125;26068125 Harmony Wellness club s.r.o
distar cz a s;Name;DISTAR CZ a.s.;Found;25947443;DISTAR CZ a.s.;AkciovĂˇ spoleÄŤnost;121;Nový Bydžov;1. máje 228, Chudonice, 50401 Nový Bydžov;True;1;;2026-09-11T07:27:06.5061020Z;3;RE: Čerpání úvěru firma DISTAR CZ a.s., IČ 25947443;25947443 DISTAR CZ a.s
lf narodni s r o;Name;LF Národní s.r.o.;Found;06198465;LF Národní s.r.o.;SpoleÄŤnost s ruÄŤenĂ­m omezenĂ˝m;112;Praha;Národní 135/14, Nové Město, 11000 Praha 1;True;1;;2026-09-11T07:27:06.6958173Z;4;Fw: Smluvní dokumentace - dotazy k smluvní dokumentaci, ID žádosti 2047080493, LF Národní s.r.o. IČ 06198465;06198465 LF Národní s.r.o
strakosch apartments s r o;Name;Strakosch apartments s.r.o.;Found;09963154;Strakosch apartments s.r.o.;SpoleÄŤnost s ruÄŤenĂ­m omezenĂ˝m;112;Praha;U průhonu 1589/13a, Holešovice, 17000 Praha 7;True;1;;2026-09-11T07:27:06.9114884Z;11;Strakosch apartments s.r.o. 09963154  ID 2045040496;09963154 Strakosch apartments s.r.o
bo holding a s;Name;BO! holding a.s.;Found;09504575;BO! holding a.s.;AkciovĂˇ spoleÄŤnost;121;Třinec;Husova 406, Staré Město, 73961 Třinec;True;2;;2026-09-11T07:27:07.1877000Z;2;FW: upravené rozhodnutí společníka k případu SC0000000039196577;17885051 BO! Chalupy I. s.r.o
pro motion s r o;Name;Pro-motion s.r.o.;Found;28072286;PRO-MOTION s.r.o.;SpoleÄŤnost s ruÄŤenĂ­m omezenĂ˝m;112;Praha;Zubatého 295/5, Smíchov, 15000 Praha 5;True;1;;2026-09-11T07:27:07.4640835Z;5;Pro-motion s.r.o. -Fw: Projekt odštěpení;28072286 PRO-MOTION s.r.o
mbs consulting s r o;Name;MBS Consulting s.r.o.;Found;09437258;MBS Consulting s.r.o.;SpoleÄŤnost s ruÄŤenĂ­m omezenĂ˝m;112;Praha;U hranic 3221/18, Strašnice, 10000 Praha 10;True;1;;2026-09-11T07:27:07.7622737Z;3;Re: Žádost o předběžné právní posouzení připravovaného akvizičního financování - MBS Consulting s.r.o.;09437258 MBS Consulting s.r.o
spolecenstvi vlastniku v dome brezinova 3;Name;Společenství vlastníků v domě Březinova 3;Found;27595960;Společenství vlastníků v domě Březinova 3;;145;Praha;Březinova 475/3, Karlín, 18600 Praha 8;True;2;;2026-09-11T07:27:07.9780404Z;3;Re: Společenství vlastníků v domě Březinova 3, Praha 8, Karlín, Březinova 475/3-Fw: žádost o modelace úvěru;27595960 Společenství vlastníků v domě Březinova 3
lesprofi s r o;Name;LesProfi s.r.o.;Found;03804445;LesProfi s.r.o.;SpoleÄŤnost s ruÄŤenĂ­m omezenĂ˝m;112;Neslovice;U Cihelny 230, 66491 Neslovice;True;1;;2026-09-11T07:27:08.2396638Z;3;Re: Lesprofi -    rozhodnutí jediného společníka;60700831 ARTTEC s.r.o
tomeri s r o;Name;TomEri s.r.o.;NotFound;;;;;;;;0;no candidate in the register;2026-09-11T07:27:08.5056151Z;3;Fw: TomEri s.r.o., IČ 08555672 - dotaz k úvěrové smlouvě;08555672 Byty Nemocniční s.r.o
spolecenstvi vlastniku v dome cp 125 v uhreticich;Name;Společenství vlastníků v domě čp. 125 v Úhřeticích;Found;25956183;Společenství vlastníků v domě čp. 125 v Úhřeticích;;145;Úhřetice;č.p. 125, 53832 Úhřetice;True;1;;2026-09-11T07:27:08.7732020Z;3;Re: Společenství vlastníků v domě čp. 125 v Úhřeticích, IČ: 259 56 183;25956183 Společenství vlastníků v domě čp. 125 v Úhřeticích
svj spravuje;Name;SVJ spravuje .;NotFound;;;;;;;;0;no candidate in the register;2026-09-11T07:27:09.0272847Z;5;Re: Nákup pozemku SVJ;26245329 ŠÁRKA, bytové společenství, Spitznerova 8 a 10 Prostějov
hardkern s r o;Name;Hardkern s.r.o.;NotFound;;;;;;;;0;no candidate in the register;2026-09-11T07:27:09.2590623Z;6;Fw: Posouzení  Návrh nájemní smlouvy,  klient Hardkern s.r.o.  IČ13992350;13992350 Mobilainer CZ s.r.o
ktera sdruzuje dve spolecnosti s r o;Name;která sdružuje dvě společnosti s.r.o.;NotFound;;;;;;;;0;no candidate in the register;2026-09-11T07:27:09.5175626Z;2;SYBAN_bankovní záruka DOTAZ;25401343 SYBAN, s.r.o
muller group ag s r o;Name;Muller Group AG s.r.o.;Found;03477487;MÜLLER GROUP AG s.r.o.;SpoleÄŤnost s ruÄŤenĂ­m omezenĂ˝m;112;Praha;Lukavecká 1732, Horní Počernice, 19300 Praha 9;True;1;;2026-09-11T07:27:09.8010656Z;5;Fw: Muller Group AG s.r.o., IČ 03477487;03477487 MÜLLER GROUP AG s.r.o
26250641;Ico;26250641;Found;26250641;Společenství vlastníků Brno, Mozolky 54,č.p. 2569;;145;Brno;Mozolky 2569/54, Žabovřesky, 61600 Brno;True;0;;2026-09-11T07:27:10.0099550Z;2;RE: Společenství vlastníků Brno, Mozolky 54,č.p. 2569-Fw: zápis ze shromáždění CLUID 9010-10-22-09.46.13.356298;26250641 Společenství vlastníků Brno
simunek s r o;Name;Šimůnek s.r.o.;Found;27508692;Šimůnek, s.r.o.;SpoleÄŤnost s ruÄŤenĂ­m omezenĂ˝m;112;Ústí nad Orlicí;Třebovská 653, Hylváty, 56203 Ústí nad Orlicí;True;5;;2026-09-11T07:27:10.4415619Z;3;Prosba urgentní dotaz - Šimůnek s.r.o., IČ 27508692 - zemřel jednatel - usnesení o jmenování správce pozůstalosti;27508692 Šimůnek, s.r.o
smluvni strany mimaja s r o;Name;Smluvní strany MIMAJA s.r.o.;NotFound;;;;;;;;0;no candidate in the register;2026-09-11T07:27:10.6075974Z;2;Kontrola smluvní dokumentace v projektu společnosti MIMAJA - kontrola SoD a SOBSK;05495610 NPI Výstavby s.r.o
dvs armo s r o;Name;DVS ARMO s.r.o.;Found;10774432;DVS ARMO s.r.o., odštěpný závod;;421;Praha;Londýnská 254/7, Vinohrady, 12000 Praha 2;True;1;;2026-09-11T07:27:10.8431032Z;3;Re: Žádost o posouzení možnosti poskytnout úvěr odštěpnému závodu - DVS ARMO s.r.o., odštěpný závod;10774432 DVS ARMO s.r.o., odštěpný závod
cottonwood properties s r o;Name;Cottonwood Properties s.r.o.;NotFound;;;;;;;;0;no candidate in the register;2026-09-11T07:27:11.1074198Z;7;Fw: Cottonwood Properties s.r.o., IČ 27208095;27208095 Cottonwood Properties s.r.o
tkomplet stav s r o;Name;Tkomplet stav s.r.o.;Found;17467632;Tkomplet stav s.r.o.;SpoleÄŤnost s ruÄŤenĂ­m omezenĂ˝m;112;Biskupice-Pulkov;Biskupice 83, 67557 Biskupice-Pulkov;True;1;;2026-09-11T07:27:11.3837206Z;4;RE: posouzení plné moci, Tkomplet stav s.r.o.;17467632 Tkomplet stav s.r.o
stava s r o;Name;STAVA s.r.o.;NotFound;;;;;;;;5;5 candidate(s), none an exact name match;2026-09-11T07:27:11.6866928Z;5;Re: STAVA s.r.o. ič: 61678481, komerční hypo na 10 mio;61678481 STAVA s r.o
svj stezirky 75 a 76;Name;SVJ Stěžírky 75 a 76;NotFound;;;;;;;;0;no candidate in the register;2026-09-11T07:27:11.9028101Z;2;FW: Stěžírky FW: smlouva;SVJ Stěžírky 75 a 76
valne hromady spolecnosti mala partners group a s;Name;valné hromady společnosti mala partners group a.s.;NotFound;;;;;;;;0;no candidate in the register;2026-09-11T07:27:12.2252496Z;2;Re: Zápis z jednání valné hromady ;valné hromady společnosti mala partners group a.s
svj slavkov u brna;Name;SVJ Slavkov u Brna;NotFound;;;;;;;;0;no candidate in the register;2026-09-11T07:27:12.4485965Z;1;Dotaz - SVJ Slavkov u Brna, IČ 06967604;06967604 Společenství vlastníků pro dům Slavkov u Brna, Komenského náměstí 329, 330
spolecenstvi vlastniku domu 313 vyssi brod;Name;Společenství vlastníků domu 313 Vyšší Brod;Found;28130529;Společenství vlastníků domu 313 Vyšší Brod;;145;Vyšší Brod;Pohraniční stráže 313, 38273 Vyšší Brod;True;1;;2026-09-11T07:27:12.7141850Z;5;"RE: Společenství vlastníků domu 313 Vyšší Brod; IČ 28130529";28130529 Společenství vlastníků domu 313 Vyšší Brod
hackadur s r o;Name;Hackadur s.r.o.;NotFound;;;;;;;;0;no candidate in the register;2026-09-11T07:27:12.9810443Z;3;Fw: Hackadur s.r.o. X Renewall a.s. IČ 26143895 Oznámení o dokončení fúze, žádost o změnu smluvních dokumentů;26143895 Renewall a.s
pavel group s r o;Name;Pavel Group s.r.o.;Found;09287973;Pavel Group s.r.o.;SpoleÄŤnost s ruÄŤenĂ­m omezenĂ˝m;112;Rumburk;Pod Hvězdou 1516/2, Rumburk 1, 40801 Rumburk;True;2;;2026-09-11T07:27:13.2836711Z;6;Re: posouzení návrhu KS, klient: David & Pavel Group s.r.o., IČ: 10766961, projektové financování 10.850.000,- Kč;10766961 David & Pavel Group s.r.o
zprostredkovatele nemovitosti sever s r o;Name;Zprostředkovatele Nemovitosti SEVER s.r.o.;NotFound;;;;;;;;0;no candidate in the register;2026-09-11T07:27:13.4848093Z;2;Fw: Advokátní úschova;02442825 Nemovitosti SEVER s.r.o
svj svj nerudova 623 ic 26074605 cps 2071254500;Name;SVJ  SVJ Nerudova 623 IČ: 26074605  CPS 2071254500;NotFound;;;;;;;;0;no candidate in the register;2026-09-11T07:27:13.7833817Z;3;Dotaz na usnesení SVJ  SVJ Nerudova 623 IČ: 26074605  CPS 2071254500;26074605 Společenství vlastníků pro dům Nerudova 623 v Sezimově Ústí
golem group s r o;Name;GOLEM GROUP s.r.o.;Found;25268368;GOLEM GROUP s.r.o.;SpoleÄŤnost s ruÄŤenĂ­m omezenĂ˝m;112;Letohrad;Mírová 891, 56151 Letohrad;True;2;;2026-09-11T07:27:14.0678399Z;2;Re: GOLEM GROUP - výpis z účetního deníku k půjčkám;25268368 GOLEM GROUP s.r.o
dentistar s r o;Name;Dentistar s.r.o.;Found;09276947;Dentistar s.r.o.;SpoleÄŤnost s ruÄŤenĂ­m omezenĂ˝m;112;Slavkov u Brna;Smetanova 520, 68401 Slavkov u Brna;True;1;;2026-09-11T07:27:14.3102924Z;4;Re: Dentistar s.r.o., ičo: 09276947, v cps číslo 2049960951;09276947 Dentistar s.r.o
farber development s r o;Name;Farber Development s.r.o.;Found;03467716;FÄRBER Development  s.r.o.;SpoleÄŤnost s ruÄŤenĂ­m omezenĂ˝m;112;Praha;Čerčanská 2053/18, Krč, 14000 Praha 4;True;1;;2026-09-11T07:27:14.6577735Z;4;Fw: výzva k součinnosti - Indigo Group (Farber Development);03467716 FÄRBER Development s.r.o
21709673;Ico;21709673;ChecksumInvalid;21709673;;;;;;;0;modulo-11 check digit does not match;2026-09-11T07:27:14.6617614Z;11;Fw: Projekove financování- prodej, klient Small Property Invest, IČ 21709673, posouzení KS;21709673
for street racing s r o;Name;For Street Racing s.r.o.;Found;26114739;For Street Racing s.r.o.;SpoleÄŤnost s ruÄŤenĂ­m omezenĂ˝m;112;Bošilec;č.p. 106, 37364 Bošilec;True;1;;2026-09-11T07:27:14.8595630Z;3;SBERBANK_Fw: ukončovací dokumentace For Street Racing s.r.o. - 26114739;26114739 For Street Racing s.r.o
furst a s;Name;Fürst a.s.;Found;27069052;Fürst a.s.;AkciovĂˇ spoleÄŤnost;121;Brno;Mlýnská 326/13, Trnitá, 60200 Brno;True;1;;2026-09-11T07:27:15.1280931Z;3;Fw: Notářský zápis pro zástavu společnost Fürst a.s., IČ: 27069052;27069052 Fürst a.s
vitek good s r o;Name;Vitek Good s.r.o.;Found;10777831;VITEK GOOD s.r.o.;SpoleÄŤnost s ruÄŤenĂ­m omezenĂ˝m;112;Praha;Sokolovská 550/133, Libeň, 18000 Praha 8;True;1;;2026-09-11T07:27:15.3948213Z;14;Vitek Good s.r.o., IČ: 10777831;10777831 VITEK GOOD s.r.o
17423678;Ico;17423678;Found;17423678;Rezidence Palackého s.r.o.;SpoleÄŤnost s ruÄŤenĂ­m omezenĂ˝m;112;Kroměříž;Kotojedská 2588/91, 76701 Kroměříž;True;0;;2026-09-11T07:27:15.5821722Z;4;Rozhodnutí jediného společníka v působnosti valné hromady_dokument k 1. čerpání_ŽÁDOST o posouzení obsahu;17423678 Rezidence Palackého s.r.o
rezidence palackeho s r o;Name;Rezidence Palackého s.r.o.;Found;17423678;Rezidence Palackého s.r.o.;SpoleÄŤnost s ruÄŤenĂ­m omezenĂ˝m;112;Kroměříž;Kotojedská 2588/91, 76701 Kroměříž;True;1;;2026-09-11T07:27:15.9268010Z;4;Rozhodnutí jediného společníka v působnosti valné hromady_dokument k 1. čerpání_ŽÁDOST o posouzení obsahu;17423678 Rezidence Palackého s.r.o
jakozto jediny akcionar spolecnosti pnreality cz a s;Name;jakožto jediný akcionář společnosti pnreality.cz a.s.;NotFound;;;;;;;;0;no candidate in the register;2026-09-11T07:27:16.1401922Z;2;Fw: pnreality.cz - dotaz na právní;29444934 pnreality.cz a.s
souz s r o;Name;Souz s.r.o.;Found;09710141;Souz s.r.o.;SpoleÄŤnost s ruÄŤenĂ­m omezenĂ˝m;112;Krompach;č.p. 149, 47157 Krompach;True;1;;2026-09-11T07:27:16.4300109Z;4;Souz s.r.o. - ičo 09710141;09710141 Souz s.r.o
tony maxxo s r o;Name;TONY MAXXO s.r.o.;Found;01838512;TONY MAXXO s.r.o.;SpoleÄŤnost s ruÄŤenĂ­m omezenĂ˝m;112;Praha;Rybná 716/24, Staré Město, 11000 Praha 1;True;1;;2026-09-11T07:27:16.6830947Z;13;FW: TONY MAXXO s.r.o. IČ: 01838512;01838512 TONY MAXXO s.r.o
vrv spol s r o;Name;VRV spol. s r.o.;Found;48168432;VRV spol. s r.o.;SpoleÄŤnost s ruÄŤenĂ­m omezenĂ˝m;112;Letovice;U koupaliště 620/7, 67961 Letovice;True;1;;2026-09-11T07:27:16.9535197Z;3;Odpověď pro klienta VRV spol. s r.o.;48168432 VRV spol. s r.o
svj vodni 113 4;Name;SVJ Vodní 113/4;NotFound;;;;;;;;0;no candidate in the register;2026-09-11T07:27:17.2050916Z;3;SVJ Vodní 113/4, Krnov, IČ: 26847477- kontrola zápisu ;26847477 Společenství vlastníků domu Vodní, Krnov
svj o uveru;Name;SVJ o úvěru;NotFound;;;;;;;;0;no candidate in the register;2026-09-11T07:27:17.4892953Z;3;Monitoring zápis SVJ o úvěru ;25957147 Společenství vlastníků Bacháčkova 1126, Pardubice
25703307;Ico;25703307;Found;25703307;G.W.G., spol. s r.o.;SpoleÄŤnost s ruÄŤenĂ­m omezenĂ˝m;112;Praha;Pujmanové 1218/10, Krč, 14000 Praha 4;True;0;;2026-09-11T07:27:17.6907429Z;1;RE: 1 Žádosti - 3x;25703307 a.s
dum senioru michle s r o;Name;Dům seniorů Michle s.r.o.;Found;25056069;Dům seniorů Michle s.r.o.;SpoleÄŤnost s ruÄŤenĂ­m omezenĂ˝m;112;Praha;Čapkova 400/13, Michle, 14000 Praha 4;True;1;;2026-09-11T07:27:18.0578590Z;1;FW: Fúze;25780450 WPB Capital, spořitelní družstvo v likvidaci
gass eko s r o;Name;Gass-eko s.r.o.;Found;26819970;Gass-eko s.r.o.;SpoleÄŤnost s ruÄŤenĂ­m omezenĂ˝m;112;Hlučín;Ostravská 1929/16a, 74801 Hlučín;True;2;;2026-09-11T07:27:18.2911877Z;7;RE:  Gass-eko s.r.o., IČ: 26819970 -  Smlouva o podřízení pohledávek ;26819970 Gass-eko s.r.o
atira cz s r o;Name;ATIRA CZ s.r.o.;Found;28116208;ATIRA CZ, spol. s r.o.;SpoleÄŤnost s ruÄŤenĂ­m omezenĂ˝m;112;;;True;1;;2026-09-11T07:27:18.5529455Z;6;Fw: ATIRA CZ s.r.o., IČ 28116208, č. úvěru: 0506694169;28116208 ATIRA CZ, spol. s r.o
tak jak jsou tj uzavrene s r o;Name;tak jak jsou tj. uzavřené s.r.o.;NotFound;;;;;;;;0;no candidate in the register;2026-09-11T07:27:18.7920816Z;4;Re: svěřenský fond x kupující ;17810761 Svěřenský fond ke správě a údržbě nemovitostí
ovb allfinanz a s;Name;OVB Allfinanz a.s.;Found;48040410;OVB Allfinanz, a.s.;AkciovĂˇ spoleÄŤnost;121;Praha;V parku 2343/24, Chodov, 14800 Praha 4;True;1;;2026-09-11T07:27:19.0550329Z;3;Fw: Fw[2]: Tydlacka vyporadani;27451321 Copeland Czech s.r.o
spa s r o;Name;SPA s.r.o.;NotFound;;;;;;;;5;5 candidate(s), none an exact name match;2026-09-11T07:27:19.3786703Z;2;Re: Rozhodnutí jediného společníka;SPA s.r.o
moba studio s r o;Name;MOBA studio s.r.o.;Found;61459712;MOBA studio s.r.o.;SpoleÄŤnost s ruÄŤenĂ­m omezenĂ˝m;112;Praha;Turkmenská 1420/2, Vršovice, 10100 Praha 10;True;1;;2026-09-11T07:27:19.6085454Z;14;Fw: MOBA studio s.r.o. (61459712), INV 0627610179/0800;61459712 MOBA studio s.r.o
spolecenstvi vlastniku norska 1253 4;Name;Společenství vlastníků Norská 1253/4;Found;03118291;Společenství vlastníků Norská 1253/4, Praha 10;;145;Praha;Norská 1253/4, Vršovice, 10100 Praha 10;True;1;;2026-09-11T07:27:19.8193971Z;10;Re: Fw: Fw: Uver - rekonstrukce bytoveho domu - Norská 4;Společenství vlastníků Norská 1253-4
svj koupe pozemku svj hradistko 144 ic 26483963;Name;SVJ - koupě pozemku SVJ Hradištko 144 (IC: 26483963);NotFound;;;;;;;;0;no candidate in the register;2026-09-11T07:27:20.0769067Z;3;Financování SVJ - koupě pozemku SVJ Hradištko 144 (IC: 26483963);26483963 Společenství vlastníků jednotek domu Hradištko 144
svj jicinska;Name;SVJ JIČÍNSKÁ;NotFound;;;;;;;;0;no candidate in the register;2026-09-11T07:27:20.3457509Z;3;Re: SVJ JIČÍNSKÁ, IČO: 26773040 - dotazy klienta ke smlouvě k úvěru č. 0626360139 a ke smlouvě o zastavení pohledávek z BÚ č. ZÚ/0626360139;26773040 Společenství vlastníků Jičínská 1797 a 2736, Praha 3
verale s r o;Name;VERALE s.r.o.;Found;28999991;VERALE s.r.o.;SpoleÄŤnost s ruÄŤenĂ­m omezenĂ˝m;112;Praha;Na Zlíchově 228/4, Hlubočepy, 15200 Praha 5;True;1;;2026-09-11T07:27:20.6151313Z;5;klient VERALE s.r.o., IČ 28999991 - posouzení  kupní smlouva - způsob úhrady - konzultace;28999991 VERALE s.r.o
studio map s r o;Name;Studio MAP s.r.o.;Found;06856781;Studio MAP s.r.o.;SpoleÄŤnost s ruÄŤenĂ­m omezenĂ˝m;112;České Budějovice;Riegrova 2645/20, České Budějovice 3, 37001 České Budějovice;True;1;;2026-09-11T07:27:20.9072113Z;12;Fw: Studio MAP s.r.o., IČ 06856781 - Kupní smlouva ;06856781 Studio MAP s.r.o
pacak s r o;Name;Pacak s.r.o.;Found;04926510;Pacak s.r.o.;SpoleÄŤnost s ruÄŤenĂ­m omezenĂ˝m;112;Brno;Františky Stránecké 548/10, Stránice, 60200 Brno;True;5;;2026-09-11T07:27:21.2456559Z;6;Fw: Pacak s.r.o. 04926510 - žádost o úvěr;04926510 Pacak s.r.o
partner s r o;Name;PARTNER s.r.o.;NotFound;;;;;;;;5;5 candidate(s), none an exact name match;2026-09-11T07:27:21.4895947Z;4;FW: Posouzení KS  - Privátní business hypotéka - klient Jarošová Šárka 7955261743	2078318633;26070341 NEUBAUER & PARTNER s.r.o., advokátní kancelář
all inclusive living a s;Name;All Inclusive Living a.s.;Found;01420852;All Inclusive Living a.s.;AkciovĂˇ spoleÄŤnost;121;Hrušky;U zbrojnice 588, 69156 Hrušky;True;1;;2026-09-11T07:27:21.6856410Z;2;All Inclusive Living a.s.-Fw: VH - souhlas s prodejem nemovitostí a se zástavou,  Zástavní smlouva, Kupní smlouva;19137656 KV estate 01 s.r.o
pedicor care s r o;Name;Pedicor Care s.r.o.;Found;26839377;Pedicor Care s.r.o.;SpoleÄŤnost s ruÄŤenĂ­m omezenĂ˝m;112;Vratimov;Karla Velčovského 1293, 73932 Vratimov;True;1;;2026-09-11T07:27:21.9130400Z;2;Re: Pedicor Care s.r.o., IČ/RČ: 26839377, produkt: Neúčelový úvěr, požadavek: Změna pojištění (bez schválení) Požadavek správy. Žádost je ve stavu: Doplnit dokumentaci.;26839377 Pedicor Care s.r.o
v s r o;Name;V s.r.o.;Failed;;;;;;;;0;HTTP 400 - The remote server returned an error: (400) Bad Request.;2026-09-11T07:27:22.2238865Z;6;DOMEG & V s.r.o.-Fw: Kontrola dokumentace;V s.r.o
svj ic 26879425;Name;SVJ IČ: 26879425;NotFound;;;;;;;;0;no candidate in the register;2026-09-11T07:27:22.4311546Z;3;Fw: SVJ IČ: 26879425;26879425 Společenství vlastníků pro dům Záhumenní 351
praha s r o;Name;Praha s.r.o.;Failed;;;;;;;;0;HTTP 400 - The remote server returned an error: (400) Bad Request.;2026-09-11T07:27:22.6988339Z;6;Re: Tradeco - Praha s.r.o._IČ 61466921;61466921 Tradeco - Praha s.r.o
deczman s r o;Name;DECZMAN s.r.o.;NotFound;;;;;;;;0;no candidate in the register;2026-09-11T07:27:22.9712975Z;8;Fw: DECZMAN s.r.o., IČ 053 87 795 - koupě Hala Rakovník;05387795 MANEU-CZ s. r. o. v likvidaci
farma domasin s r o;Name;Farma Domašín s.r.o.;Found;04851226;Farma Domašín s.r.o.;SpoleÄŤnost s ruÄŤenĂ­m omezenĂ˝m;112;Studená;Domašín 1, 37853 Studená;True;1;;2026-09-11T07:27:23.2493021Z;2;Fw: Farma Domašín s.r.o., IČ 04851226 - ID žádosti 2070854488,;04851226 Farma Domašín s.r.o
krucek s r o;Name;Krucek s.r.o.;Found;02037297;KRUCEK, s.r.o.;SpoleÄŤnost s ruÄŤenĂ­m omezenĂ˝m;112;Praha;Dlážděná 1586/4, Nové Město, 11000 Praha 1;True;3;;2026-09-11T07:27:23.5376161Z;3;Krucek s.r.o., IČ 02037297 Smlouva o uzavření budoucí kupní smlouvy;02037297 KRUCEK, s.r.o
home mont s r o;Name;HOME MONT s.r.o.;Found;06663958;HOME MONT s.r.o.;SpoleÄŤnost s ruÄŤenĂ­m omezenĂ˝m;112;Opava;U Tržnice 424/3a, Malé Hoštice, 74705 Opava;True;1;;2026-09-11T07:27:23.7706459Z;10;Re: Žádost o informaci (HOME MONT s.r.o., IČ 06663958);06663958 HOME MONT s.r.o
hase one s r o;Name;Hase one s.r.o.;Found;14128977;HASE one s.r.o.;SpoleÄŤnost s ruÄŤenĂ­m omezenĂ˝m;112;Lomnice nad Popelkou;Husovo náměstí 16, 51251 Lomnice nad Popelkou;True;1;;2026-09-11T07:27:24.0288434Z;8;Fw: Hase one s.r.o., IČO: 14128977, smlouva o dílo;14128977 HASE one s.r.o
svj 1725;Name;SVJ 1725;NotFound;;;;;;;;0;no candidate in the register;2026-09-11T07:27:24.2825706Z;4;Kontrola zápisu SVJ 1725, Písek, IČ 26055147;26055147 Společenství vlastníků bytů domů čp. 1725, 1726, 1727 v Harantově ulici v Písku
farma kamenicna s r o;Name;Farma Kameničná s.r.o.;Found;04488091;Farma Kameničná s.r.o.;SpoleÄŤnost s ruÄŤenĂ­m omezenĂ˝m;112;Kameničná;č.p. 6, 56401 Kameničná;True;1;;2026-09-11T07:27:24.5543950Z;6;RE: Kupní smlouva pozemky Lubník - PRO ČERPÁNÍ ÚVĚRU č. 608969119/0800, klient Farma Kameničná s.r.o., IČ: 04488091;04488091 Farma Kameničná s.r.o
bonum repro s r o;Name;BONUM-REPRO s.r.o.;Found;62526286;BONUM-REPRO s.r.o.;SpoleÄŤnost s ruÄŤenĂ­m omezenĂ˝m;112;Písek;třída Národní svobody 29/17, Pražské Předměstí, 39701 Písek;True;1;;2026-09-11T07:27:24.8182967Z;3;BONUM-REPRO s.r.o.-Fw: Konzultace - Smlouva o úplatném převodu podílu;62526286 BONUM-REPRO s.r.o
cityzen s r o;Name;CityZen s.r.o.;Found;07420366;CityZen s.r.o.;SpoleÄŤnost s ruÄŤenĂ­m omezenĂ˝m;112;Chrudim;Palackého třída 805, Chrudim III, 53701 Chrudim;True;2;;2026-09-11T07:27:25.1031807Z;3;Fw: CityZen s.r.o. ;07420366 CityZen s.r.o
spc jd residential s r o;Name;SPC JD Residential s.r.o.;NotFound;;;;;;;;0;no candidate in the register;2026-09-11T07:27:25.3413670Z;3;Re:  Projekt Nové Jirny / konzultace LCD;19158793 Jakes.Residential s.r.o
partners s r o;Name;PARTNERS s.r.o.;Failed;;;;;;;;0;HTTP 400 - The remote server returned an error: (400) Bad Request.;2026-09-11T07:27:25.5534991Z;4;kontrola kupní smlouvy;04768663 Duffek s.r.o
svj spravuje jednani;Name;SVJ spravuje . Jednání;NotFound;;;;;;;;0;no candidate in the register;2026-09-11T07:27:25.8446218Z;6;FW: Fwd: Re: Odkup pozemku přilehlého k bytovému domu;SVJ spravuje . Jednání
bd klementina s r o;Name;BD Klementina s.r.o.;Found;07431830;BD Klementina s.r.o.;SpoleÄŤnost s ruÄŤenĂ­m omezenĂ˝m;112;Brno;Bohunická 652/1, Horní Heršpice, 61900 Brno;True;1;;2026-09-11T07:27:26.1201762Z;4;Fw: upřesnění návrhu na vklad V-12917/2023-702 (ing. Zámečníková, ing. Hoza);07431830 BD Klementina s.r.o
onesolution s r o;Name;ONEsolution s.r.o.;NotFound;;;;;;;;0;no candidate in the register;2026-09-11T07:27:26.3617643Z;2;ONEsolution s.r.o., IČ 27710335;27710335 ONEsolution s.r.o
g8 reality s r o;Name;G8 Reality s.r.o.;Found;01913638;G8 Reality s.r.o.;SpoleÄŤnost s ruÄŤenĂ­m omezenĂ˝m;112;Praha;Rohanské nábřeží 678/27, Karlín, 18600 Praha 8;True;1;;2026-09-11T07:27:26.6457573Z;9;Fw: G8 Reality s.r.o., IČ: 01913638;01913638 G8 Reality s.r.o
distalis s r o;Name;Distalis s.r.o.;Found;09314041;Distalis s. r. o.;SpoleÄŤnost s ruÄŤenĂ­m omezenĂ˝m;112;Praha;Branická 213/53, Braník, 14700 Praha 4;True;1;;2026-09-11T07:27:26.9037240Z;6;Re: Distalis s.r.o., IČ: 09314041;09314041 Distalis s. r. o
tropol s r o;Name;Tropol s.r.o.;Found;03583066;Tropol s.r.o.;SpoleÄŤnost s ruÄŤenĂ­m omezenĂ˝m;112;Chrastava;Horní Vítkov 3, 46331 Chrastava;True;1;;2026-09-11T07:27:27.1471176Z;7;Fw: Tropol s.r.o. ič  03583066;03583066 Tropol s.r.o
zestav s r o;Name;ZESTAV s.r.o.;Found;25439201;ZESTAV s.r.o.;SpoleÄŤnost s ruÄŤenĂ­m omezenĂ˝m;112;Polepy;č.p. 202, 41147 Polepy;True;2;;2026-09-11T07:27:27.4205766Z;3;Fw: Návrh kupní smlouvy ZESTAV;26227525 STARKON a.s
domecos s r o;Name;DOMECOS s.r.o.;Found;29412552;DOMECOS s.r.o.;SpoleÄŤnost s ruÄŤenĂ­m omezenĂ˝m;112;Velký Borek;Skuhrov 40, 27731 Velký Borek;True;3;;2026-09-11T07:27:27.6952132Z;1;Fw: Zápis z valné hromady;29412552 DOMECOS s.r.o
4bra3 s r o;Name;4BRA3 s.r.o.;Found;06598528;4BRA3 s.r.o.;SpoleÄŤnost s ruÄŤenĂ­m omezenĂ˝m;112;Frýdštejn;č.p. 33, 46342 Frýdštejn;True;1;;2026-09-11T07:27:27.9910062Z;6;Právní stanovisko k případu ID 2067381013 ,  4BRA3 s.r.o. 06598528;06598528 4BRA3 s.r.o
finsense services s r o;Name;FinSense Services s.r.o.;Found;11944676;FinSense Services s.r.o.;SpoleÄŤnost s ruÄŤenĂ­m omezenĂ˝m;112;Kladno;Tylova 3490, 27201 Kladno;True;1;;2026-09-11T07:27:28.2011364Z;3;Fw: FinSense Services s.r.o., IČ: 11944676 - projektové financování na pronájem ve výši cca 26 mil Kč;11944676 FinSense Services s.r.o
svj vcetne bd privatizace 357 550 373 373 382 15 5 4;Name;SVJ (včetně BD-privatizace) 357 550 373 373 382 15 5 4;NotFound;;;;;;;;0;no candidate in the register;2026-09-11T07:27:28.4589027Z;2;Re:  Veveří 160/51, bytové družstvo, ID 2064319921;SVJ (včetně BD-privatizace) 357 550 373 373 382 15 5 4
futtec a s;Name;FUTTEC a.s.;Found;27956857;FUTTEC a.s.;AkciovĂˇ spoleÄŤnost;121;Praha;V parku 2308/8, Chodov, 14800 Praha 4;True;2;;2026-09-11T07:27:28.7462061Z;6;URGENTNÍ Re: ID žádosti 2079548778, společnost FUTTEC a.s.  IČ 27956857;27956857 FUTTEC a.s
svj serikova;Name;SVJ Šeříková;NotFound;;;;;;;;0;no candidate in the register;2026-09-11T07:27:28.9988014Z;1;RE: SVJ Šeříková, IČ: 06637752 ;06637752 Společenství vlastníků Šeříková 609, 610
trnkovecka s r o;Name;trnkovecká s.r.o.;Found;09676449;První Trnkovecká s.r.o.;SpoleÄŤnost s ruÄŤenĂ­m omezenĂ˝m;112;Ostrava;Vratimovská 624/11, Kunčičky, 71800 Ostrava;True;1;;2026-09-11T07:27:29.2708100Z;3;FW: 1. trnkovecká s.r.o. CLUID: 8021-01-25-13.14.30.320647;09676449 První Trnkovecká s.r.o
zembou development s r o;Name;ZEMBOU Development s.r.o.;Found;05352061;ZEMBOU Development s.r.o.;SpoleÄŤnost s ruÄŤenĂ­m omezenĂ˝m;112;Praha;Trojická 1910/7, Nové Město, 12800 Praha 2;True;1;;2026-09-11T07:27:29.5259608Z;4;Re: Developerský projekt / ZEMBOU Development s.r.o. / 05352061;05352061 ZEMBOU Development s.r.o
svj jindrisska 785;Name;SVJ Jindřišská 785;NotFound;;;;;;;;0;no candidate in the register;2026-09-11T07:27:29.7749962Z;3;SVJ Jindřišská 785, Pardubice;25988956 Společenství vlastníků jednotek Jindřišská 785, Pardubice
horsky hotel morava spol s r o;Name;HORSKÝ HOTEL MORAVA spol. s r.o.;NotFound;;;;;;;;0;no candidate in the register;2026-09-11T07:27:30.0391699Z;1;Fw: CMT Group s.r.o. v likvidaci (dříve HORSKÝ HOTEL MORAVA spol. s r.o.), IČO: 0 25512943 ;25512943 HORSKÝ HOTEL MORAVA spol. s r.o
72554797;Ico;72554797;Found;72554797;Společenství vlastníků Kounice 608;;145;Horní Slavkov;Kounice 608/11, 35731 Horní Slavkov;True;0;;2026-09-11T07:27:30.2418060Z;2;Re: Společenství vlastníků Kounice 608-Kontrola zápisu ze schůze;72554797 Společenství vlastníků Kounice 608-Kontrola zápisu ze schůze
mijo czech spol s r o;Name;MIJO-CZECH spol. s r.o.;Found;21499942;MIJO-CZECH spol. s r.o.;SpoleÄŤnost s ruÄŤenĂ­m omezenĂ˝m;112;Vítějeves;č.p. 108, 56906 Vítějeves;True;1;;2026-09-11T07:27:30.6220846Z;4;MIJO-CZECH spol. s r.o., IČO: 21499942;21499942 MIJO-CZECH spol. s r.o
flexi truck s r o;Name;Flexi Truck s.r.o.;Found;29155274;Flexi Truck s.r.o.;SpoleÄŤnost s ruÄŤenĂ­m omezenĂ˝m;112;Praha;Holečkova 789/49, Smíchov, 15000 Praha 5;True;2;;2026-09-11T07:27:30.8914250Z;2;kupní smlouva Flexi Truck s.r.o. Ič 29155274;29155274 Flexi Truck s.r.o
castle moravia s r o;Name;CASTLE MORAVIA s.r.o.;Found;29201853;CASTLE MORAVIA s.r.o.;SpoleÄŤnost s ruÄŤenĂ­m omezenĂ˝m;112;Náměšť nad Oslavou;Masarykovo nám. 99, 67571 Náměšť nad Oslavou;True;1;;2026-09-11T07:27:31.1280569Z;4;Re: Bývalý klient SBERBANK - CASTLE MORAVIA s.r.o.;29201853 CASTLE MORAVIA s.r.o
ax invest s r o;Name;AX INVEST s.r.o.;Found;28331303;AX INVEST s.r.o.;SpoleÄŤnost s ruÄŤenĂ­m omezenĂ˝m;112;Slavičín;Osvobození 24, 76321 Slavičín;True;1;;2026-09-11T07:27:31.3956879Z;2;Fw: Smlouva o budoucí kupní smlouvě;63393263 AX INVEST s.r.o
b care s r o;Name;B-care s.r.o.;Found;06324801;Spell s.r.o.;SpoleÄŤnost s ruÄŤenĂ­m omezenĂ˝m;112;Praha;Jindřišská 939/20, Nové Město, 11000 Praha 1;True;1;;2026-09-11T07:27:31.6379022Z;2;Re: žádost o konzultaci obchodu = nákup nemovitosti pro spol. B-Care;09765085 Decompressio s. r. o
svj 1611 1613 v pisku ico 26045583;Name;SVJ 1611 - 1613 v Písku ičo 26045583;NotFound;;;;;;;;0;no candidate in the register;2026-09-11T07:27:31.9339769Z;4;Dotaz pro SVJ 1611 - 1613 v Písku ičo 26045583;26045583 Společenství vlastníků jednotek domu čp. 1611 - 1613 v Zeyerově ulici v Písku
olympia project s r o;Name;OLYMPIA project s.r.o.;Found;48039012;OLYMPIA project s.r.o.;SpoleÄŤnost s ruÄŤenĂ­m omezenĂ˝m;112;Praha;Prosecká 848/97, Prosek, 19000 Praha 9;True;1;;2026-09-11T07:27:32.2383483Z;8;Re: OLYMPIA project s.r.o. IČ 48039012 prosím o odpovědi k přílohám klienta;48039012 OLYMPIA project s.r.o
svj investicni na koupi pozemku;Name;SVJ - investiční na koupi pozemku;NotFound;;;;;;;;0;no candidate in the register;2026-09-11T07:27:32.4212117Z;5;Re: 	 Společenství vlastníků jednotek pro dům K Dalejím 89/2-Fw: Poskytnutí úvěru SVJ - investiční na koupi pozemku, IČO: 75043564;75043564 Společenství vlastníků jednotek pro dům K Dalejím 89-2
pettom ns s r o;Name;PETTOM NS s.r.o.;Found;04638999;PETTOM NS s.r.o.;SpoleÄŤnost s ruÄŤenĂ­m omezenĂ˝m;112;Nové Strašecí;Palackého 56, 27101 Nové Strašecí;True;1;;2026-09-11T07:27:32.7474100Z;3;PETTOM NS s.r.o., IČ: 04638999;04638999 PETTOM NS s.r.o
ceramic dent s r o;Name;Ceramic Dent s.r.o.;Found;07596863;Ceramic Dent s.r.o.;SpoleÄŤnost s ruÄŤenĂ­m omezenĂ˝m;112;Praha;Geologická 1225/17, Hlubočepy, 15200 Praha 5;True;1;;2026-09-11T07:27:33.0282598Z;5;Ceramic Dent s.r.o-Fw: kontrola dokumentu ROZHODNUTÍ JEDINÉHO SPOLEČNÍKA V PŮSOBNOSTI VALNÉ HROMADY;07596863 Ceramic Dent s.r.o
via alta a s;Name;VIA ALTA a.s.;NotFound;;;;;;;;0;no candidate in the register;2026-09-11T07:27:33.2241888Z;3;Fwd: VIA ALTA a.s.  IČ 26906741;26906741 WADES a.s
cerpani firmy gs stav lib s r o;Name;Čerpání firmy GS STAV LIB s.r.o.;NotFound;;;;;;;;0;no candidate in the register;2026-09-11T07:27:33.4928423Z;5;FW: Čerpání  firmy GS STAV LIB s.r.o. -  IĆ 11786698 - dotaz na Vás v rámci čerpání - Smartcase :SC0000000059343521;11786698 GS STAV LIB s.r.o
testuj to s r o;Name;Testuj.to s.r.o.;Found;07652780;Testuj.to s.r.o.;SpoleÄŤnost s ruÄŤenĂ­m omezenĂ˝m;112;Praha;Pernerova 697/35, Karlín, 18600 Praha 8;True;1;;2026-09-11T07:27:33.7679868Z;7;Testuj.to s.r.o.-Fw: 07652780;07652780 Testuj.to s.r.o
marpet trans s r o;Name;Marpet trans s.r.o.;Found;04404815;Marpet trans s.r.o.;SpoleÄŤnost s ruÄŤenĂ­m omezenĂ˝m;112;Mratín;Brandýská 315, 25063 Mratín;True;2;;2026-09-11T07:27:34.0679956Z;6;Fw: Tuklaty - Návrh smluvní dokumentace ID případu 2051143735, společnost Marpet trans s.r.o. ;04404815 Marpet trans s.r.o
jerky group s r o;Name;JERKY Group s.r.o.;Found;07033583;JERKY Group s.r.o.;SpoleÄŤnost s ruÄŤenĂ­m omezenĂ˝m;112;Nehvizdy;Dubová 1016, 25081 Nehvizdy;True;1;;2026-09-11T07:27:34.2730724Z;3;Fw: Žádost o kontrolu dokumentů k aktuálně realizované kupní transakci - hypoteční úvěr pro JERKY Group s.r.o.;07033583 JERKY Group s.r.o
muze pan bohm zastupovat alfex industry s r o;Name;Může pan Böhm zastupovat ALFEX INDUSTRY s.r.o.;NotFound;;;;;;;;0;no candidate in the register;2026-09-11T07:27:34.5521197Z;4;Fw: Plná moc Lukáš Böhm 1998-10-27-15.54.17.946935;04731964 ALFEX INDUSTRY s.r.o
svj nezalozi stanovy do sbirky listin;Name;SVJ nezaloží stanovy do Sbírky listin;NotFound;;;;;;;;0;no candidate in the register;2026-09-11T07:27:34.8011024Z;2;FW: doklady na justici;SVJ nezaloží stanovy do Sbírky listin
kovopor strmilov s r o;Name;Kovopor Strmilov s.r.o.;Found;60875526;Kovopor Strmilov, s.r.o.;SpoleÄŤnost s ruÄŤenĂ­m omezenĂ˝m;112;Strmilov;Popelínská 410, 37853 Strmilov;True;1;;2026-09-11T07:27:35.0736167Z;2;Fw: Kovopor;08672181 Investcrown s.r.o
svj nelze k lient musi pocita s tim;Name;SVJ nelze. K lient musí počítá s tím;NotFound;;;;;;;;0;no candidate in the register;2026-09-11T07:27:35.3671463Z;2;Fw: Dotaz;26581710 Občanské sdružení spoluvlastníků domu č.p. 2537 v Lounech
likrem s r o;Name;LIKREM s.r.o.;Found;46712747;LIKREM s.r.o.;SpoleÄŤnost s ruÄŤenĂ­m omezenĂ˝m;112;Noviny pod Ralskem;č.p. 156, 47124 Noviny pod Ralskem;True;1;;2026-09-11T07:27:35.5719712Z;7;Re: Žádost o kontrolu správnosti doložených plných mocí;46712747 LIKREM s.r.o
coco s r o;Name;Coco s.r.o.;NotFound;;;;;;;;5;5 candidate(s), none an exact name match;2026-09-11T07:27:35.9049588Z;8;Fw: Úvěrová smlouva USZ21225/00718;02840740 Wild & Coco s.r.o
svj tabor;Name;SVJ Tábor;NotFound;;;;;;;;2;2 candidate(s), none an exact name match;2026-09-11T07:27:36.1017851Z;4;Fw: kontrola zápisu SVJ Tábor, Jaselská 2321,2322,2323,2324 IČ 26040361;26040361 Společenství vlastníků bytových jednotek Tábor, Jaselská 2321,2322,2323,2324
ralloc s r o;Name;Ralloc s.r.o.;Found;07322542;RALLOC     s.r.o.;SpoleÄŤnost s ruÄŤenĂ­m omezenĂ˝m;112;Bor;Vysočany 13, 34802 Bor;True;2;;2026-09-11T07:27:36.3716204Z;3;Fw: Ralloc s.r.o._kontrola klienta ;26395215 Ralloc s.r.o
binor development s r o;Name;BINOR Development s.r.o.;Found;10927751;BINOR Development s.r.o.;SpoleÄŤnost s ruÄŤenĂ­m omezenĂ˝m;112;Ohrobec;Šeříková 566, 25245 Ohrobec;True;1;;2026-09-11T07:27:36.6486239Z;5;Fw: Oprava podkladů pro čerpání úvěru  BINOR Development s.r.o., IČ/RČ: 10927751, ;10927751 BINOR Development s.r.o
vmj s r o;Name;VMJ s.r.o.;Found;25485482;VMJ s.r.o.;SpoleÄŤnost s ruÄŤenĂ­m omezenĂ˝m;112;Štětí;Ostrovní 474, 41108 Štětí;True;5;;2026-09-11T07:27:36.9467596Z;3;VMJ s.r.o.-Fw: prodej areálu Štětí - návrh postupu;25485482 VMJ s.r.o
midr fin s r o;Name;MIDR Fin s.r.o.;NotFound;;;;;;;;0;no candidate in the register;2026-09-11T07:27:37.1473908Z;3;Fw: MIDR Fin s.r.o., IČ: 07338465 - podklady BD Ketkovice;07338465 MIDR Fin s.r.o
pouze prevadi pozemek z s r o;Name;pouze převádí pozemek z s.r.o.;NotFound;;;;;;;;0;no candidate in the register;2026-09-11T07:27:37.4162054Z;2;Fw: Souhlas ČS;25732935 BOSTEC s.r.o
aladon s r o;Name;Aladon s.r.o.;Found;14144140;Aladon s.r.o.;SpoleÄŤnost s ruÄŤenĂ­m omezenĂ˝m;112;Děčín;Dělnická 834/51, Děčín VI-Letná, 40502 Děčín;True;1;;2026-09-11T07:27:37.6965301Z;2;Fw: Aladon s.r.o. 14144140;14144140 Aladon s.r.o
svj vitkova 333 36;Name;SVJ Vítkova 333/36;NotFound;;;;;;;;0;no candidate in the register;2026-09-11T07:27:37.9252507Z;2;Fw: Prosba - Řešení pojistné smlouvy BD / SVJ Vítkova 333/36;02714388 Bytové družstvo Vítkova 36
gastro consus s r o;Name;Gastro consus s.r.o.;Found;08581126;Gastro consus s.r.o.;SpoleÄŤnost s ruÄŤenĂ­m omezenĂ˝m;112;Praha;Sokolovská 364/202, Libeň, 18000 Praha 8;True;1;;2026-09-11T07:27:38.2228195Z;2;Gastro consus s.r.o. 08581126;08581126 Gastro consus s.r.o
ondreje svaba ze spol lawca partners s r o;Name;Ondřeje Švába ze spol. LAWCA PARTNERS s.r.o.;NotFound;;;;;;;;0;no candidate in the register;2026-09-11T07:27:38.4513265Z;2;BÚ - úschovy;09849751 LAWCA PARTNERS s.r.o
dona reality s r o;Name;Dona reality s.r.o.;Found;27334236;DONA reality s.r.o.;SpoleÄŤnost s ruÄŤenĂ­m omezenĂ˝m;112;Jablonec nad Nisou;Anenská 988/3, 46601 Jablonec nad Nisou;True;1;;2026-09-11T07:27:38.7114167Z;2;Re: Dona reality s.r.o.  IČO 27334236-  zápis z valné hromady ;27334236 DONA reality s.r.o
prvni vysocanska s r o;Name;První Vysočanská s.r.o.;Found;23222492;První Vysočanská s.r.o.;SpoleÄŤnost s ruÄŤenĂ­m omezenĂ˝m;112;Praha;náměstí Interbrigády 950/2, Bubeneč, 16000 Praha 6;True;1;;2026-09-11T07:27:38.9853117Z;5;Fw:  První Vysočanská s.r.o., IČ: 23222492_Projektové financování ;23222492 První Vysočanská s.r.o
fop na spol s r o;Name;FOP na spol. s.r.o.;NotFound;;;;;;;;0;no candidate in the register;2026-09-11T07:27:39.2371474Z;6;Re: Úpravy Colman v rámci štěpení/fúze;72846437 Václav Matoulek
rubber steel construction s r o;Name;Rubber steel construction s.r.o.;Found;05266076;Rubber Steel Construction s.r.o.;SpoleÄŤnost s ruÄŤenĂ­m omezenĂ˝m;112;Bohuňovice;Za pilou 114, 78314 Bohuňovice;True;1;;2026-09-11T07:27:39.5253011Z;2;Fw: Rubber steel construction s.r.o., IČ: 05266076;05266076 Rubber Steel Construction s.r.o
04614577;Ico;04614577;Found;04614577;Medixo double s.r.o.;SpoleÄŤnost s ruÄŤenĂ­m omezenĂ˝m;112;Jihlava;Wolkerova 1892/18, 58601 Jihlava;True;0;;2026-09-11T07:27:39.6971603Z;2;Medixo double s.r.o. - 046 14 577 ;04614577 Medixo double s.r.o
stavby s r o;Name;stavby s.r.o.;Failed;;;;;;;;0;HTTP 400 - The remote server returned an error: (400) Bad Request.;2026-09-11T07:27:40.0449203Z;4;KZP - stavby s.r.o. - urgence - příprava smluvní dokumentace LCD;stavby s.r.o
plna moc marwill s r o;Name;PLNÁ MOC MARWILL s.r.o.;NotFound;;;;;;;;0;no candidate in the register;2026-09-11T07:27:40.3287418Z;2;Fw: Plná moc ;14004895 MAT office s.r.o
z vision s r o;Name;Z-vision s.r.o.;Found;05385393;Z-Vision s.r.o.;SpoleÄŤnost s ruÄŤenĂ­m omezenĂ˝m;112;Praha;Milady Horákové 75/105, Hradčany, 16000 Praha 6;True;1;;2026-09-11T07:27:40.5904355Z;7;FW: Z-vision s.r.o., IČ 05385393;05385393 Z-Vision s.r.o
tiskarna hradistko s r o;Name;Tiskárna Hradištko s.r.o.;Found;04499581;Tiskárna Hradištko s.r.o.;SpoleÄŤnost s ruÄŤenĂ­m omezenĂ˝m;112;Hradištko;Tiskárenská 433, 25209 Hradištko;True;1;;2026-09-11T07:27:40.8134703Z;5;Tiskárna Hradištko s.r.o. 04499581;04499581 Tiskárna Hradištko s.r.o
plna moc humpolecka stavebni s r o;Name;Plná moc HUMPOLECKÁ STAVEBNÍ s.r.o.;NotFound;;;;;;;;0;no candidate in the register;2026-09-11T07:27:41.0776625Z;3;Re: Plná moc HUMPOLECKÁ STAVEBNÍ s.r.o. IČ: 28158164;28158164 HUMPOLECKÁ STAVEBNÍ s.r.o
kos servis s r o;Name;KOS servis s.r.o.;Found;26112736;KOS servis s.r.o.;SpoleÄŤnost s ruÄŤenĂ­m omezenĂ˝m;112;Chyšná;č.p. 52, 39501 Chyšná;True;1;;2026-09-11T07:27:41.3758693Z;1;Re: Prosba;65985974 KOS servis s.r.o
horvat buildings s r o;Name;HORVAT buildings s.r.o.;Found;07259131;HORVAT buildings s.r.o.;SpoleÄŤnost s ruÄŤenĂ­m omezenĂ˝m;112;Praha;Radlická 2343/48, Smíchov, 15000 Praha 5;True;1;;2026-09-11T07:27:41.6220056Z;2;HORVAT buildings s.r.o., IČO: 07259131, generální plná moc;07259131 HORVAT buildings s.r.o
constelius s r o;Name;Constelius s.r.o.;NotFound;;;;;;;;2;2 candidate(s), none an exact name match;2026-09-11T07:27:41.8950936Z;6;FW: Radim Zadražil -Fw: Kupní smlouva pan Zadražil x Adelt;28147294 Constelius s.r.o., advokátní kancelář
fixtures s r o;Name;fixtures s.r.o.;Found;03092500;CADYVA tools & fixtures s.r.o.;SpoleÄŤnost s ruÄŤenĂ­m omezenĂ˝m;112;Opava;Hillova 264/28, Kateřinky, 74705 Opava;True;1;;2026-09-11T07:27:42.1316619Z;2;Fw: ič  03092500 CADYVA tools & fixtures s.r.o.;03092500 CADYVA tools & fixtures s.r.o
mh nemovitosti s r o;Name;MH nemovitosti s.r.o.;Found;09192301;MH nemovitosti s.r.o.;SpoleÄŤnost s ruÄŤenĂ­m omezenĂ˝m;112;Mnichovo Hradiště;Jiráskova 269, 29501 Mnichovo Hradiště;True;1;;2026-09-11T07:27:42.4254972Z;4;"Fw: Žádost o přednostní stanovisko ke Kupni smlouvě -  vypořádání Kupní ceny/Návrh smlouvy ""MH nemovitosti s.r.o., IČ 09192301, ID CPS 2074932942""";09192301 MH nemovitosti s.r.o
arimatie s r o;Name;Arimatie s.r.o.;Found;06286968;Arimatie s.r.o.;SpoleÄŤnost s ruÄŤenĂ­m omezenĂ˝m;112;Ostravice;č.p. 391, 73914 Ostravice;True;1;;2026-09-11T07:27:42.6697168Z;3;dotaz ke korporátnímu souhlasu se zástavou nem. ;06286968 Arimatie s.r.o
svj j myslivecka 25899350 doplneni k odsouhlaseni z;Name;SVJ J. myslivečka 25899350 - doplnění k odsouhlasení z;NotFound;;;;;;;;0;no candidate in the register;2026-09-11T07:27:42.9543012Z;1;SVJ J. myslivečka 25899350 - doplnění k odsouhlasení zápisu per rollam - K NAČERPÁNÍ ÚVĚRU;25899350 Společenství vlastníků domu č. p. 1880, Frýdek-Místek
fokus bohemia s r o;Name;Fokus Bohemia s.r.o.;Found;05760569;Fokus Bohemia, s. r. o.;SpoleÄŤnost s ruÄŤenĂ­m omezenĂ˝m;112;Mladá Boleslav;Podlázky 140, 29301 Mladá Boleslav;True;1;;2026-09-11T07:27:43.1903940Z;6;Re: Fokus Bohemia s.r.o., IČ 05760569, ID 2065153578;05760569 Fokus Bohemia, s. r. o
i b shcorporate s r o;Name;I&B ShCorporate s.r.o.;Found;05974429;I&B ShCorporate s.r.o.;SpoleÄŤnost s ruÄŤenĂ­m omezenĂ˝m;112;Mukařov;Kutnohorská 84, 25162 Mukařov;True;1;;2026-09-11T07:27:43.4640381Z;3;I&B ShCorporate s.r.o., IČ: 05974429, žádost č. 2066358991;05974429 I&B ShCorporate s.r.o
zemedelsky podnik malse a s;Name;Zemědělský podnik Malše a.s.;Found;26027518;Zemědělský podnik Malše a. s.;AkciovĂˇ spoleÄŤnost;121;Roudné;Roudenská 98, 37007 Roudné;True;1;;2026-09-11T07:27:43.7182670Z;3;Fw: Zemědělský podnik Malše a.s., IČ 26027518;26027518 Zemědělský podnik Malše a. s
future dolej s r o;Name;Future Dolej s.r.o.;Found;09958894;Future Dolej s.r.o.;SpoleÄŤnost s ruÄŤenĂ­m omezenĂ˝m;112;Praha;Chudenická 1059/30, Hostivař, 10200 Praha 10;True;1;;2026-09-11T07:27:43.9969582Z;2;Fw: Future Dolej s.r.o., IČ: 09958894, ID: 2043539788;09958894 Future Dolej s.r.o
pmc food s r o;Name;PMC food s.r.o.;Found;29211999;PMC food, s.r.o.;SpoleÄŤnost s ruÄŤenĂ­m omezenĂ˝m;112;Brno;Bayerova 576/6, Veveří, 60200 Brno;True;1;;2026-09-11T07:27:44.2872964Z;1;PMC food s.r.o., IČ 29211999 ;29211999 PMC food, s.r.o
varovani zdenek paskevic depo syndicate i s r o;Name;Varování Zdeněk Paškevič DEPO Syndicate I. s.r.o.;NotFound;;;;;;;;0;no candidate in the register;2026-09-11T07:27:44.4914083Z;1;RE: Automatická odpověď: Plná moc - Paškevič Zdeněk  8210070011;22626948 Z.I.N.N. Karlín 1 s.r.o
svj ruska 1231 1234 banka text ke schvaleni prosim;Name;SVJ Ruska 1231-1234 Banka - Text ke schválení - prosím;NotFound;;;;;;;;0;no candidate in the register;2026-09-11T07:27:44.7584074Z;3;Fw: SVJ Ruska 1231-1234 Banka - Text ke schválení - prosím o kontrolu kvality dokumentů pro zajištění nezpochybnitelnosti usnesení o přijetí úvěru od ČS na provedení rekonstrukce;24723801 Společenství vlastníků Ruská 1231-1234, Praha 10
i e t sprava nemovitosti s r o;Name;I.E.T. správa nemovitostí s.r.o.;Found;11995858;I.E.T. Správa nemovitostí, s.r.o.;SpoleÄŤnost s ruÄŤenĂ­m omezenĂ˝m;112;Brno;náměstí Svobody 87/18, Brno-město, 60200 Brno;True;1;;2026-09-11T07:27:45.0969699Z;3;I.E.T. správa nemovitostí s.r.o., IČ 11995858 -  konzultace účelu úvěru;11995858 I.E.T. Správa nemovitostí, s.r.o
sfg estate s r o;Name;SFG Estate s.r.o.;Found;06263887;SFG Estate s.r.o.;SpoleÄŤnost s ruÄŤenĂ­m omezenĂ˝m;112;Praha;Na strži 2097/63, Krč, 14000 Praha 4;True;2;;2026-09-11T07:27:45.3002325Z;4;SFG Estate;06263887 SFG Estate s.r.o
elektro efekt s r o;Name;ELEKTRO EFEKT s.r.o.;Found;25222228;ELEKTRO EFEKT s.r.o.;SpoleÄŤnost s ruÄŤenĂ­m omezenĂ˝m;112;Klatovy;Sportovní 783, Klatovy IV, 33901 Klatovy;True;1;;2026-09-11T07:27:45.5682783Z;3;Fw: prosba ELEKTRO EFEKT s.r.o. IČ 25222228;25222228 ELEKTRO EFEKT s.r.o
my bed s r o;Name;MY BED s.r.o.;Found;07145900;MY BED s.r.o.;SpoleÄŤnost s ruÄŤenĂ­m omezenĂ˝m;112;Praha;Lublaňská 267/12, Vinohrady, 12000 Praha 2;True;1;;2026-09-11T07:27:45.8361359Z;6;Re: MY BED s.r.o., IČ: 07145900;07145900 MY BED s.r.o
spolecenstvi vlastniku hlavni cp 110 112 brezova;Name;Společenství vlastníků Hlavní čp. 110 -112 BŘEZOVÁ;NotFound;;;;;;;;0;no candidate in the register;2026-09-11T07:27:46.0862155Z;1;Společenství vlastníků Hlavní čp. 110 -112 BŘEZOVÁ, IČ 71205110;71205110 Společenství vlastníků Hlavní čp. 110 - 112 BŘEZOVÁ
lyvus properties s r o;Name;Lyvus Properties s.r.o.;Found;19172699;Lyvus Properties s.r.o.;SpoleÄŤnost s ruÄŤenĂ­m omezenĂ˝m;112;Praha;Kurta Konráda 2517/1, Libeň, 19000 Praha 9;True;1;;2026-09-11T07:27:46.3471352Z;1;Re: Lyvus Properties s.r.o., IČ/RČ: 19172699, ID 2077720366;19172699 Lyvus Properties s.r.o
sauna cafe s r o;Name;Sauna Cafe s.r.o.;Found;17550271;Sauna Cafe s.r.o.;SpoleÄŤnost s ruÄŤenĂ­m omezenĂ˝m;112;Plzeň;Kardinála Berana 1073/30, Jižní Předměstí, 30100 Plzeň;True;1;;2026-09-11T07:27:46.6081651Z;3;Fw: Plná moc k podpisu úvěru za firmu Sauna Cafe s.r.o., IČ: 17550271;17550271 Sauna Cafe s.r.o
lkv lomnice s r o;Name;LKV Lomnice s.r.o.;Found;26004313;LKV Lomnice s.r.o.;SpoleÄŤnost s ruÄŤenĂ­m omezenĂ˝m;112;Mžany;Stračovská Lhota 50, 50315 Mžany;True;1;;2026-09-11T07:27:46.8575017Z;5;Fwd: Klient: LKV Lomnice s.r.o., IČ 26004313;26004313 LKV Lomnice s.r.o
02791479;Ico;02791479;ChecksumInvalid;02791479;;;;;;;0;modulo-11 check digit does not match;2026-09-11T07:27:46.8615021Z;2;Ekopurg s.r.o., IC 02791479 - dotaz;02791479 Ekopurg s.r.o
to system s r o;Name;TO system s.r.o.;Found;28911822;TO SYSTEM s.r.o.;SpoleÄŤnost s ruÄŤenĂ­m omezenĂ˝m;112;Příbram;V Brance 83, Příbram III, 26101 Příbram;True;4;;2026-09-11T07:27:47.1854543Z;7;28911822 TO system s.r.o. dotaz k zajištění;28911822 TO SYSTEM s.r.o
kabe reality s r o;Name;KABE reality s.r.o.;Found;07630425;KABE Reality s.r.o.;SpoleÄŤnost s ruÄŤenĂ­m omezenĂ˝m;112;Domažlice;Msgre. B. Staška 66, Hořejší Předměstí, 34401 Domažlice;True;1;;2026-09-11T07:27:47.4102559Z;3;dotaz ke klientovi KABE reality s.r.o. , IČ: 07630425;07630425 KABE Reality s.r.o
decky popko real estate s r o;Name;Děcký Popko Real Estate s.r.o.;Found;08288992;Děcký Popko Real Estate s.r.o.;SpoleÄŤnost s ruÄŤenĂ­m omezenĂ˝m;112;Praha;Bílovská 852, Řeporyje, 15500 Praha 5;True;1;;2026-09-11T07:27:47.6843527Z;2;Dohoda o započtení;Děcký Popko Real Estate s.r.o
spolecenstvi vlastniku domu k zastavce 537;Name;Společenství vlastníků domu K Zastávce 537;Found;11901438;Společenství vlastníků domu K Zastávce 537, Veselí nad Lužnicí;;145;Veselí nad Lužnicí;K Zastávce 537, Veselí nad Lužnicí I, 39181 Veselí nad Lužnicí;True;1;;2026-09-11T07:27:47.9469097Z;5;Re: Společenství vlastníků domu K Zastávce 537, Veselí nad Lužnicí;25171704 SORETA Group správa bytů s.r.o
enven investment s r o;Name;Enven Investment s.r.o.;Found;04092562;Enven Investment s.r.o.;SpoleÄŤnost s ruÄŤenĂ­m omezenĂ˝m;112;Praha;Rybná 716/24, Staré Město, 11000 Praha 1;True;1;;2026-09-11T07:27:48.2011904Z;1;Re: CPS: CPS - MSE: přiřazení úkolu - Enven Investment s.r.o.;04092562 Enven Investment s.r.o
komplexni nakladani s odpady s r o;Name;komplexní nakládání s odpady s.r.o.;Found;24689483;ECOSERVIS - komplexní nakládání s odpady s.r.o.;SpoleÄŤnost s ruÄŤenĂ­m omezenĂ˝m;112;Liberec;Na Mlýnku 815, Liberec XII-Staré Pavlovice, 46001 Liberec;True;1;;2026-09-11T07:27:48.4778522Z;3;Re: ECOSERVIS - komplexní nakládání s odpady s.r.o. - kontrola dokumentů;24689483 ECOSERVIS - komplexní nakládání s odpady s.r.o
bytypod s r o;Name;BYTYPOD s.r.o.;Found;23339667;BYTYPOD s.r.o.;SpoleÄŤnost s ruÄŤenĂ­m omezenĂ˝m;112;Jablonec nad Nisou;U Přehrady 3204/61, Mšeno nad Nisou, 46602 Jablonec nad Nisou;True;1;;2026-09-11T07:27:48.7258504Z;2;Fw: Dotaz k KS - Financování nákupu nemovitosti- náš klient  společnost BYTYPOD s.r.o. - IČ 23339667;23339667 BYTYPOD s.r.o
magic english s r o;Name;MAGIC ENGLISH s.r.o.;Found;27499723;MAGIC ENGLISH s.r.o.;SpoleÄŤnost s ruÄŤenĂ­m omezenĂ˝m;112;Náchod;Riegrova 163, 54701 Náchod;True;1;;2026-09-11T07:27:49.0014033Z;1;KS Prkenný Důl - omezení na svéprávnosti;27499723 MAGIC ENGLISH s.r.o
u smile s r o;Name;U SMILE s.r.o.;Found;09725733;U SMILE s.r.o.;SpoleÄŤnost s ruÄŤenĂ­m omezenĂ˝m;112;Praha;Pod Parukářkou 2760/8, Žižkov, 13000 Praha 3;True;2;;2026-09-11T07:27:49.2718512Z;10;U SMILE s.r.o. 09725733;09725733 U SMILE s.r.o
projektove financovani final home s r o;Name;Projektové financování -FINAL HOME s.r.o.;NotFound;;;;;;;;0;no candidate in the register;2026-09-11T07:27:49.5188113Z;3;Re: Projektové financování -FINAL HOME s.r.o.  IČ: 214 79 780;21479780 FINAL HOME s.r.o
benom real s r o;Name;Benom real s.r.o.;Found;17584710;BENOM REAL s.r.o.;SpoleÄŤnost s ruÄŤenĂ­m omezenĂ˝m;112;Kobylnice;U Řempa 331, 66451 Kobylnice;True;1;;2026-09-11T07:27:49.7996933Z;3;FW: Benom real s.r.o. IČ: 17584710;17584710 BENOM REAL s.r.o
spolecenstvi vlastniku jednotek zastupuje pouze pan kokta a pani mackova tyto o;Name;společenství vlastníků jednotek zastupuje pouze pan Kokta a paní Macková. Tyto o;NotFound;;;;;;;;0;no candidate in the register;2026-09-11T07:27:50.0393586Z;1;Re: Dotaz k jednání dle OR;00050211 PANORAMA, stavební bytové družstvo
techfarm s r o;Name;TechFarm s.r.o.;Found;28109368;TechFarm s.r.o.;SpoleÄŤnost s ruÄŤenĂ­m omezenĂ˝m;112;České Budějovice;U Smaltovny 775/2b, České Budějovice 4, 37001 České Budějovice;True;1;;2026-09-11T07:27:50.3569007Z;2;Fw: TechFarm s.r.o. , IČ 28109368;28109368 TechFarm s.r.o
supersportassets s r o;Name;SupersportAssets s.r.o.;Found;17348498;SupersportAssets s.r.o.;SpoleÄŤnost s ruÄŤenĂ­m omezenĂ˝m;112;Praha;Chudenická 1059/30, Hostivař, 10200 Praha 10;True;1;;2026-09-11T07:27:50.5788208Z;2;PBH Maceška Martin, ;17348498 SupersportAssets s.r.o
rk ambassador s r o;Name;RK Ambassador s.r.o.;Found;04602587;RK Ambassador s.r.o.;SpoleÄŤnost s ruÄŤenĂ­m omezenĂ˝m;112;Jenštejn;Kovářská 227, 25073 Jenštejn;True;1;;2026-09-11T07:27:50.8444824Z;5;Ing. Libor Šindelář-Fw: Re: Smlouvy Šohajka;75910781 Ing. Libor Šindelář
vhv real spol s r o;Name;VHV real spol. s r.o.;Found;47124326;VHV real spol. s r.o.;SpoleÄŤnost s ruÄŤenĂ­m omezenĂ˝m;112;Praha;Dobronická 1257, Kunratice, 14800 Praha 4;True;1;;2026-09-11T07:27:51.1229702Z;7;Re: konzultace risk - VHV real spol. s r.o. ič: 47124326, cps + 2054074397;47124326 VHV real spol. s r.o
rd hrusovany s r o;Name;RD Hrušovany s.r.o.;Found;10875671;RD Hrušovany s.r.o.;SpoleÄŤnost s ruÄŤenĂ­m omezenĂ˝m;112;Doubravice nad Svitavou;Plotky 115, 67911 Doubravice nad Svitavou;True;1;;2026-09-11T07:27:51.3897418Z;5;RD Hrušovany s.r.o. , IČ: 10875671;10875671 RD Hrušovany s.r.o
svj uvery pptx;Name;SVJ úvěry.pptx;NotFound;;;;;;;;0;no candidate in the register;2026-09-11T07:27:51.6443463Z;6;Fw: Stanovisko k RRD;SVJ úvěry.pptx
makalove s r o;Name;Makalove s.r.o.;Found;04885261;MAKALOVE s.r.o.;SpoleÄŤnost s ruÄŤenĂ­m omezenĂ˝m;112;Malá Skála;Mukařov 82, 46822 Malá Skála;True;1;;2026-09-11T07:27:51.9187534Z;3;Fw: Úvěr na pozemek a pgrlf ;04885261 MAKALOVE s.r.o
spolecenstvi vlastniku jednotek skrbenska 1243;Name;Společenství vlastníků jednotek Škrbeňská 1243;Found;28593723;Společenství vlastníků jednotek Škrbeňská 1243, Šenov;;145;Šenov;Škrbeňská 1243, 73934 Šenov;True;1;;2026-09-11T07:27:52.1699005Z;3;RE: Společenství vlastníků jednotek Škrbeňská 1243, Šenov-Fw: Konzultace;28593723 Společenství vlastníků jednotek Škrbeňská 1243, Šenov
emerging art a s;Name;Emerging Art a.s.;Found;17076757;Emerging Art a.s.;AkciovĂˇ spoleÄŤnost;121;Praha;Karolinská 708/13, Karlín, 18600 Praha 8;True;1;;2026-09-11T07:27:52.4129192Z;6;Re: Emerging Art a.s. 17076757;17076757 Emerging Art a.s
central park lidicka s r o;Name;Central Park Lidická s.r.o.;NotFound;;;;;;;;0;no candidate in the register;2026-09-11T07:27:52.6982285Z;3;"Ověření osob podepisujících ""Zápis z jednání valné hromady""";28359241 Central Park Lidická s.r.o
hdp group s r o;Name;HDP GROUP s.r.o.;Found;27836681;HDP GROUP s.r.o.;SpoleÄŤnost s ruÄŤenĂ­m omezenĂ˝m;112;Ostrava;Sokolská třída 1615/50, Moravská Ostrava, 70200 Ostrava;True;1;;2026-09-11T07:27:52.9557718Z;5;HDP GROUP s.r.o.-Fw: zápis z valné hromady ;27811999 HDP reality a.s
zemos krenov s r o;Name;ZEMOS KŘENOV s.r.o.;Found;48155951;ZEMOS KŘENOV s.r.o.;SpoleÄŤnost s ruÄŤenĂ­m omezenĂ˝m;112;Křenov;č.p. 135, 56922 Křenov;True;1;;2026-09-11T07:27:53.1986547Z;2;Fw: ID 2068522655 ZEMOS KŘENOV s.r.o. IČO 48155951;48155951 ZEMOS KŘENOV s.r.o
houseds s r o;Name;HOUSEDS s.r.o.;NotFound;;;;;;;;0;no candidate in the register;2026-09-11T07:27:53.4712873Z;9;IČ: 09316329, HOUSEDS s.r.o.;09316329 HOUSEDS s.r.o
si s r o bere uver na stejne s r o;Name;si s.r.o. bere úvěr na stejné s.r.o.;NotFound;;;;;;;;0;no candidate in the register;2026-09-11T07:27:53.7173114Z;6;Prosba o vyjádření se k dotazu klientky ;si s.r.o. bere úvěr na stejné s.r.o
hermansky mudr lenka rychlovska jednatel svitap s r o;Name;Heřmanský MUDr. Lenka Rychlovská jednatel SVITAP s.r.o.;NotFound;;;;;;;;0;no candidate in the register;2026-09-11T07:27:53.9902022Z;1;Re: CPS: 2045874213, klient: Rychlovská Lenka, produkt _ PBH, úvěr č. 0608904139 - prosím smlouvy do 6/9/21, do 14:00 hod.;46509755 SVITAP s.r.o
znackova okna plzen s r o;Name;Značková okna Plzeň s.r.o.;Found;11713712;ZNAČKOVÁ OKNA PLZEŇ, s.r.o.;SpoleÄŤnost s ruÄŤenĂ­m omezenĂ˝m;112;Praha;Vocelova 686/4, Vinohrady, 12000 Praha 2;True;1;;2026-09-11T07:27:54.2811996Z;3;Značková okna Plzeň s.r.o., IČ 11713712;11713712 ZNAČKOVÁ OKNA PLZEŇ, s.r.o
spolecenstvi vlastniku lazne kundratice cp 145 ic 27266443;Name;Společenství vlastníků Lázně Kundratice čp. 145  IČ 27266443;NotFound;;;;;;;;0;no candidate in the register;2026-09-11T07:27:54.5048113Z;4;Prosba o kontrolu zápisu Společenství vlastníků Lázně Kundratice čp. 145  IČ 27266443 ;27266443 Společenství vlastníků Lázně Kundratice čp. 145
orangers trading s r o;Name;Orangers Trading s.r.o.;Found;09098879;Orangers Trading s.r.o.;SpoleÄŤnost s ruÄŤenĂ­m omezenĂ˝m;112;Unhošť;Terasy IV 1241, 27351 Unhošť;True;1;;2026-09-11T07:27:54.7749296Z;6;Orangers Trading s.r.o.-Fw: Zástavní smlouvy BONA, KB Zimmermannovi;09098879 Orangers Trading s.r.o
centrum integrovanych sluzeb spol s r o;Name;Centrum integrovaných služeb spol. s r.o.;Found;61681296;Centrum integrovaných služeb, spol. s r.o.;SpoleÄŤnost s ruÄŤenĂ­m omezenĂ˝m;112;Příbram;Purkyňova 224, Příbram III, 26101 Příbram;True;1;;2026-09-11T07:27:55.0362401Z;2;Fw: Žádost o odsouhlasení;61681296 Centrum integrovaných služeb, spol. s r.o
interprospekt cz s r o;Name;Interprospekt CZ s.r.o.;Found;27630234;Interprospekt CZ s.r.o.;SpoleÄŤnost s ruÄŤenĂ­m omezenĂ˝m;112;Praha;Dlouhá 705/16, Staré Město, 11000 Praha 1;True;1;;2026-09-11T07:27:55.2870016Z;2;Fw: Změna dispozičních práv na základě Usnesení;27630234 Interprospekt CZ s.r.o
uneco optima s r o;Name;Uneco optima s.r.o.;Found;28620810;Uneco optima s.r.o.;SpoleÄŤnost s ruÄŤenĂ­m omezenĂ˝m;112;Ostrava;1. máje 670/128, Vítkovice, 70300 Ostrava;True;1;;2026-09-11T07:27:55.6555556Z;2;Fw: Uneco optima s.r.o., IČ 28620810;28620810 Uneco optima s.r.o
svj generala piky;Name;SVJ Generála Píky;NotFound;;;;;;;;0;no candidate in the register;2026-09-11T07:27:55.8089862Z;3;Společenství vlastníků Generála Píky 8-Fw: Převzetí úvěru DB Generála Píky 8, IČ 25126865 nástupnickým SVJ Generála Píky, IČ  11763833;11763833 Společenství vlastníků Generála Píky 8
zapis z jednani valne hromady s r o;Name;Zápis z jednání valné hromady s.r.o.;NotFound;;;;;;;;0;no candidate in the register;2026-09-11T07:27:56.0578661Z;7;FW: Posouzení zápisu val.hromady;08337098 NERATOF s.r.o
dvfikko s r o;Name;DVFIKKO s.r.o.;Found;05843286;DVFIKKO s.r.o.;SpoleÄŤnost s ruÄŤenĂ­m omezenĂ˝m;112;Most;Vítězslava Nezvala 2815/41, 43401 Most;True;1;;2026-09-11T07:27:56.3188305Z;3;Fw: DVFIKKO s.r.o., IČ 05843286 - Prosba o posouzení Kupní smlouvy na nemovitost, KC 23 mil. Kč, Úvěr 16,5 mil. Kč;05843286 DVFIKKO s.r.o
mpv works s r o;Name;MPV Works s.r.o.;Found;18040195;MPV Works s.r.o.;SpoleÄŤnost s ruÄŤenĂ­m omezenĂ˝m;112;Klenčí pod Čerchovem;č.p. 238, 34534 Klenčí pod Čerchovem;True;1;;2026-09-11T07:27:56.5677475Z;2;Re: žádost o dodatek MPV Works s.r.o.;24476811 Simona Pokorná, DiS
29367701;Ico;29367701;Found;29367701;Profimo stavby s.r.o.;SpoleÄŤnost s ruÄŤenĂ­m omezenĂ˝m;112;Žďár nad Sázavou;Strojírenská 2238/10, Žďár nad Sázavou 1, 59101 Žďár nad Sázavou;True;0;;2026-09-11T07:27:56.7868522Z;3;Společenství vlastníků jednotek Luční 969-Fw: odsouhlasení zápisu ze shromáždění CLUID klietna: 2003-06-05-03.59.49.695910;29367701 Společenství vlastníků jednotek Luční 969-Fw- odsouhlasení zápisu ze shromáždění
dryll trade s r o;Name;DRYLL TRADE s.r.o.;NotFound;;;;;;;;0;no candidate in the register;2026-09-11T07:27:57.1499818Z;10;Klient: DRYLL TRADE s.r.o., IČ: 25560514, ID žádosti v CPS 2052857328;25560514 MORÁVIA-PROINVEST s.r.o
maxim benedikt s r o;Name;Maxim-Benedikt s.r.o.;NotFound;;;;;;;;0;no candidate in the register;2026-09-11T07:27:57.3696250Z;2;Re: dotaz na úvěr klienta;04695003 Maxim-Benedikt s.r.o
merkucio s r o;Name;MERKUCIO s.r.o.;Found;25223275;MERKUCIO, s.r.o.;SpoleÄŤnost s ruÄŤenĂ­m omezenĂ˝m;112;Plzeň;Wolkerova 1401/33, Východní Předměstí, 32600 Plzeň;True;1;;2026-09-11T07:27:57.6332732Z;3;Re: MERKUCIO s.r.o., 25223275;25223275 MERKUCIO, s.r.o
svj frystak;Name;svj fryšták;NotFound;;;;;;;;0;no candidate in the register;2026-09-11T07:27:57.8897920Z;7;Re: konzultace žádost 2077475514 , ič  17873347 svj fryšták;17873347 Společenství vlastníků pro dům Komenského č.p. 455 ve Fryštáku
dv estate s r o;Name;DV ESTATE s.r.o.;Found;22320504;DV estate s.r.o.;SpoleÄŤnost s ruÄŤenĂ­m omezenĂ˝m;112;Brno;Štěpánkova 373/9, Soběšice, 64400 Brno;True;1;;2026-09-11T07:27:58.1707223Z;7;Fw: Subrogace Jiří Marhold, Ilona Petráková - smlouva o úvěru č. 0497098129  x DV estate - žádost o poskytnutí součinnosti;22320504 DV estate s.r.o
pneutyre s r o;Name;Pneutyre s.r.o.;Found;29116422;Pneutyre s.r.o.;SpoleÄŤnost s ruÄŤenĂ­m omezenĂ˝m;112;Otovice;K Panelárně 359, 36001 Otovice;True;1;;2026-09-11T07:27:58.4433697Z;5;RE: Schválení zápisu z VH - Pneutyre s.r.o., IČO: 29116422;29116422 Pneutyre s.r.o
develex baruncina s r o;Name;DEVELEX Barunčina s.r.o.;Found;09407502;DEVELEX Barunčina s.r.o.;SpoleÄŤnost s ruÄŤenĂ­m omezenĂ˝m;112;Praha;Olšanská 2898/4a, Žižkov, 13000 Praha 3;True;1;;2026-09-11T07:27:58.7106698Z;2;klient DEVELEX Barunčina s.r.o. ič: 09407502;09407502 DEVELEX Barunčina s.r.o
gasoil construction s r o;Name;GASOIL CONSTRUCTION s.r.o.;Found;24200786;GASOIL CONSTRUCTION s.r.o.;SpoleÄŤnost s ruÄŤenĂ­m omezenĂ˝m;112;Praha;Revoluční 1082/8, Nové Město, 11000 Praha 1;True;1;;2026-09-11T07:27:58.9722170Z;3;Fw: GASOIL CONSTRUCTION s.r.o. , IČ 24200786;24200786 GASOIL CONSTRUCTION s.r.o
svj uhretice;Name;SVJ Úhřetice;NotFound;;;;;;;;0;no candidate in the register;2026-09-11T07:27:59.2281505Z;4;zápis ze shromáždění SVJ Úhřetice;25956183 Společenství vlastníků v domě čp. 125 v Úhřeticích
basepoint s r o;Name;basepoint s.r.o.;Found;27646793;basepoint s.r.o.;SpoleÄŤnost s ruÄŤenĂ­m omezenĂ˝m;112;Všenory;Květoslava Mašity 251, 25231 Všenory;True;2;;2026-09-11T07:27:59.5075150Z;5;Re: basepoint s.r.o. 27646793 ID: 2077122061 – Záměna pořadí zástavního práva – žádost o urgentní zpracování ;27646793 basepoint s.r.o
svj na valticke 3;Name;SVJ Na Valtické 3;NotFound;;;;;;;;0;no candidate in the register;2026-09-11T07:27:59.7573505Z;3;SVJ Na Valtické 3,4,5 IČ: 26910756;26910756 Společenství vlastníků jednotek Na Valtické 3, 4, 5, Břeclav
easy drive s r o;Name;EASY DRIVE s.r.o.;Found;26209497;EASY DRIVE s.r.o.;SpoleÄŤnost s ruÄŤenĂ­m omezenĂ˝m;112;Moravany;9. května 346, 53372 Moravany;True;4;;2026-09-11T07:28:00.0850449Z;6;;26209497 EASY DRIVE s.r.o
komparo development s r o;Name;Komparo development s.r.o.;Found;09099808;KOMPARO development s.r.o.;SpoleÄŤnost s ruÄŤenĂ­m omezenĂ˝m;112;Brno;Škroupova 4256/1, Židenice, 63600 Brno;True;1;;2026-09-11T07:28:00.2868488Z;10;Re: Komparo development s.r.o., IČ: 09099808, PF 28,9 mil Kč ;09099808 KOMPARO development s.r.o
asian foods s r o;Name;ASIAN FOODS s.r.o.;Found;03575276;ASIAN FOODS s.r.o.;SpoleÄŤnost s ruÄŤenĂ­m omezenĂ˝m;112;Praha;Václavská 2073/20, Nové Město, 12000 Praha 2;True;1;;2026-09-11T07:28:00.5987793Z;3;Re: ASIAN FOODS s.r.o. ič: 03575276 - komerční hypo 8,5mio.;03575276 ASIAN FOODS s.r.o
lyons weinberg czech s r o;Name;Lyons Weinberg Czech s.r.o.;NotFound;;;;;;;;0;no candidate in the register;2026-09-11T07:28:00.8146498Z;3;Re: Lyons Weinberg Czech s.r.o.-Fw: Přejmenování klienta mezi podpisem smlouvy a čerpáním úvěru;07305150 Weinberg Artworks s.r.o
roletove systemy spol s r o;Name;Roletové systémy spol. s r.o.;Found;49905791;Roletové systémy spol. s r.o.;SpoleÄŤnost s ruÄŤenĂ­m omezenĂ˝m;112;Chomutov;Samota 4416, 43001 Chomutov;True;1;;2026-09-11T07:28:01.0705806Z;3;Fw: Roletové systémy - Rozhodnutí jediného společníka;49905791 Roletové systémy spol. s r.o
spolecenstvi vlastniku 12 ti bytovych jednotek v kvapilove ulici 2586 a 2587 v t;Name;Společenství vlastníků 12-ti bytových jednotek v Kvapilové ulici 2586 a 2587 v T;NotFound;;;;;;;;0;no candidate in the register;2026-09-11T07:28:01.3693853Z;6;Posouzení Zápisu SVJ - Společenství vlastníků 12-ti bytových jednotek v Kvapilové ulici 2586 a 2587 v Táboře - IČ;Společenství vlastníků 12-ti bytových jednotek v Kvapilové ulici 2586 a 2587 v T
spolecenstvi vlastniku pro dum 651 az 658 nezvalova liberec ic 07463944;Name;Společenství vlastníků pro dům 651 až 658 Nezvalova Liberec - IČ 07463944;NotFound;;;;;;;;0;no candidate in the register;2026-09-11T07:28:01.6074304Z;2;prosíme o stanovisko k hlasování per rollam - nové financování pro Společenství vlastníků pro dům 651 až 658 Nezvalova Liberec - IČ 07463944;07463944 Společenství vlastníků pro dům 651 až 658 Nezvalova Liberec
dala souhlas s prevodem nemovitosti na s r o;Name;dala souhlas s převodem nemovitosti na s.r.o.;NotFound;;;;;;;;0;no candidate in the register;2026-09-11T07:28:01.8624906Z;2;Re: Lucie Marková-Fw: Žádost o smlouvu o jistotním účtu;dala souhlas s převodem nemovitosti na s.r.o
prefila s r o;Name;Prefila s.r.o.;Found;28312902;PREFILA s.r.o.;SpoleÄŤnost s ruÄŤenĂ­m omezenĂ˝m;112;Bulhary;č.p. 287, 69189 Bulhary;True;2;;2026-09-11T07:28:02.1148746Z;5;Fw: Prefila s.r.o.  IČ: 28312902;28312902 PREFILA s.r.o
spolecenstvi vlastniku horni 191 ico 14055074;Name;Společenství vlastníků Horní 191 IČO: 14055074;NotFound;;;;;;;;0;no candidate in the register;2026-09-11T07:28:02.3803886Z;1;Urgentní schválení čerpání, převod z BD - CVJ k dnešnímu dni Společenství vlastníků Horní 191 IČO: 14055074;14055074 Společenství vlastníků Horní 191
fenix nemovitostni s r o;Name;FÉNIX Nemovitostní s.r.o.;Found;06706398;FÉNIX Nemovitostní s.r.o.;SpoleÄŤnost s ruÄŤenĂ­m omezenĂ˝m;112;Čáslav;Pod Nádražím 1608, Čáslav-Nové Město, 28601 Čáslav;True;1;;2026-09-11T07:28:02.6526385Z;3;FÉNIX Nemovitostní s.r.o._IČ 06706398_ HU č. 0495866139	;06706398 FÉNIX Nemovitostní s.r.o
vp build s r o;Name;VP BUILD s.r.o.;Found;07301421;VP BUILD s.r.o.;SpoleÄŤnost s ruÄŤenĂ­m omezenĂ˝m;112;Velké Přílepy;Svahová 748, 25264 Velké Přílepy;True;1;;2026-09-11T07:28:02.9341588Z;3;Prohlášení vlastníka - BD Velké Přílepy;07301421 VP BUILD s.r.o
moravella group s r o;Name;Moravella group s.r.o.;Found;21496463;Moravella group s.r.o.;SpoleÄŤnost s ruÄŤenĂ­m omezenĂ˝m;112;Zábřeh;28. října 2227/14a, 78901 Zábřeh;True;1;;2026-09-11T07:28:03.1713050Z;6;Moravella group s.r.o., IČ 21496463, č v CPS 2071706630 - projektové financování výstavba (rekonstrukce za účelem prodeje BJ) - stanovisko k doloženým smlouvám;21496463 Moravella group s.r.o
04501730;Ico;04501730;Found;04501730;Autojeřáby Horák s.r.o.;SpoleÄŤnost s ruÄŤenĂ­m omezenĂ˝m;112;Olomouc;Řepčínská 35/86, Řepčín, 77900 Olomouc;True;0;;2026-09-11T07:28:03.3688247Z;1;RE: Autojeřáby Horák s.r.o. _zápis z valnéí hromady ;04501730 Autojeřáby Horák s.r.o
autojeraby horak s r o;Name;Autojeřáby Horák s.r.o.;Found;04501730;Autojeřáby Horák s.r.o.;SpoleÄŤnost s ruÄŤenĂ­m omezenĂ˝m;112;Olomouc;Řepčínská 35/86, Řepčín, 77900 Olomouc;True;1;;2026-09-11T07:28:03.7830199Z;1;RE: Autojeřáby Horák s.r.o. _zápis z valnéí hromady ;04501730 Autojeřáby Horák s.r.o
spolecenstvi vlastniku jednotek kopecna 21;Name;Společenství vlastníků jednotek Kopečná 21;Found;28355199;Společenství vlastníků jednotek Kopečná 21;;145;Brno;Kopečná 2/21, Staré Brno, 60200 Brno;True;1;;2026-09-11T07:28:03.9721813Z;4;Fw: Společenství vlastníků jednotek Kopečná 21, IČ 28355199;28355199 Společenství vlastníků jednotek Kopečná 21
biba trans s r o;Name;Biba Trans s.r.o.;Found;21012202;Biba Trans s.r.o.;SpoleÄŤnost s ruÄŤenĂ­m omezenĂ˝m;112;Vrdy;Na Štěpnici 106, Horní Bučice, 28571 Vrdy;True;1;;2026-09-11T07:28:04.2539415Z;2;FW: Biba Trans s.r.o.-Fw: Start up IČO 21012202;21012202 Biba Trans s.r.o
investicni s r o;Name;investiční s.r.o.;NotFound;;;;;;;;5;5 candidate(s), none an exact name match;2026-09-11T07:28:04.5861261Z;3;Fw: Návrh smlouvy na komerční prostor B2 189-02-997;24688886 Thi Nhu Tu Doan
souhlasu klientum k k med s r o;Name;Souhlasů klientům. K&K med s.r.o.;NotFound;;;;;;;;0;no candidate in the register;2026-09-11T07:28:04.7447748Z;3;Re:  Věc: Žádost o vydání souhlasu se změnou prohlášení vlastníka nemovité věci;17107628 K&K med s.r.o
svj ostry 10;Name;SVJ Ostrý 10;NotFound;;;;;;;;0;no candidate in the register;2026-09-11T07:28:05.0687883Z;8;Re: NEW Zápis SVJ Ostrý 10 , IČ 28110731;28110731 Společenství vlastníků bytových jednotek č.p. 10 Ostrý
kralicek interiery s r o;Name;KRÁLÍČEK INTERIÉRY s.r.o.;Found;25137701;KRÁLÍČEK INTERIÉRY s.r.o.;SpoleÄŤnost s ruÄŤenĂ­m omezenĂ˝m;112;Rychnov nad Kněžnou;Ekologická 10, 51601 Rychnov nad Kněžnou;True;1;;2026-09-11T07:28:05.2763998Z;2;Specifikace movité věci -  Notářský zápis zástavního práva - KRÁLÍČEK INTERIÉRY s.r.o., IČ 25137701;25137701 KRÁLÍČEK INTERIÉRY s.r.o
flats milovice s r o;Name;Flats Milovice s.r.o.;NotFound;;;;;;;;0;no candidate in the register;2026-09-11T07:28:05.5754581Z;6;Prosba o vyjádření;07223421 MAURA Construction s.r.o
svj jedovnicka 6;Name;SVJ Jedovnická 6;NotFound;;;;;;;;0;no candidate in the register;2026-09-11T07:28:05.8063824Z;6;Re: SVJ Jedovnická 6, IČ 27716171;27716171 Společenství vlastníků Jedovnická 6, Brno
terra living s r o;Name;Terra Living s.r.o.;Found;22557008;Terra Living s.r.o.;SpoleÄŤnost s ruÄŤenĂ­m omezenĂ˝m;112;Liberec;Pražská 7/5, Liberec III-Jeřáb, 46007 Liberec;True;1;;2026-09-11T07:28:06.0708111Z;6;Fw: Terra Living_ Rozhodnuti jediného akcionáře;22557008 Terra Living s.r.o
venus investment services s r o;Name;Venus investment services s.r.o.;NotFound;;;;;;;;0;no candidate in the register;2026-09-11T07:28:06.3523247Z;2;Venus investment services s.r.o.-Fw: 06635458 - konzultace;06635458 R&Z services, s.r.o
fedostav s r o;Name;FEDOSTAV s.r.o.;Found;17640822;FEDOSTAV s.r.o.;SpoleÄŤnost s ruÄŤenĂ­m omezenĂ˝m;112;Bechlín;č.p. 198, 41186 Bechlín;True;1;;2026-09-11T07:28:06.5861898Z;3;Re: Fedostav/Ondřej Hlaváček ;03592421 Ondřej Hlaváček
spolecenstvi vlastniku jednotek domu cp 592;Name;Společenství vlastníků jednotek domu čp. 592;NotFound;;;;;;;;2;2 candidate(s), none an exact name match;2026-09-11T07:28:06.8717528Z;3;Fw: Konzultace - Společenství vlastníků jednotek domu čp. 592, 593, ulice Jiráskova v Poličce;25973827 Společenství vlastníků jednotek domu čp. 592, 593, ulice Jiráskova v Poličce
kolibar s r o;Name;KOLIBAR s.r.o.;Found;08462143;KOLIBAR s.r.o.;SpoleÄŤnost s ruÄŤenĂ­m omezenĂ˝m;112;Liberec;Vaňurova 297/16, Liberec III-Jeřáb, 46007 Liberec;True;1;;2026-09-11T07:28:07.1362527Z;2;Re: 08462143, KOLIBAR s.r.o. - Obcházení podmínky čerpání;08462143 KOLIBAR s.r.o
czech door a s;Name;Czech Door a.s.;NotFound;;;;;;;;0;no candidate in the register;2026-09-11T07:28:07.3541647Z;4;Fw: Czech Door / Tricom;Czech Door a.s
your classic style s r o;Name;Your Classic Style s.r.o.;Found;28456106;Your Classic Style s.r.o.;SpoleÄŤnost s ruÄŤenĂ­m omezenĂ˝m;112;Praha;Olšanská 54/3, Žižkov, 13000 Praha 3;True;1;;2026-09-11T07:28:07.6907755Z;3;PVS - bývalý klient Sberbank;28456106 Your Classic Style s.r.o
akcent international house prague s r o;Name;AKCENT International House Prague s.r.o.;Found;48032778;AKCENT International House Prague s.r.o.;SpoleÄŤnost s ruÄŤenĂ­m omezenĂ˝m;112;Praha;Bítovská 1245/3, Michle, 14000 Praha 4;True;1;;2026-09-11T07:28:07.9172780Z;7;Re: Právní stanovisko - Žádost o souhlas s odštěpením majetku ze společnosti AKCENT International House Prague s.r.o., IČ 48032778;48032778 AKCENT International House Prague s.r.o
svj domu udolni ulice c p 2263 2264;Name;SVJ domu Údolní ulice č.p. 2263- 2264;NotFound;;;;;;;;0;no candidate in the register;2026-09-11T07:28:08.1562762Z;3;Fw: Nový úvěr - SVJ domu Údolní ulice č.p. 2263- 2264, Tábor ;26059185 Společenství vlastníků jednotek domu Údolní ulice čp. 2263 - 2264, Tábor
f o osvc do s r o;Name;F.O.- OSVČ do S.R.O.;NotFound;;;;;;;;0;no candidate in the register;2026-09-11T07:28:08.4292467Z;3;Re: ŠVIHÁLEK Jiří - přeměna podnikání F.O.- OSVČ do S.R.O. ;11331631 Jiří Švihálek
sadro omit stav s r o;Name;Sadro Omit Stav s.r.o.;Found;28444442;Sadro Omit Stav s.r.o.;SpoleÄŤnost s ruÄŤenĂ­m omezenĂ˝m;112;Praha;náměstí Přátelství 1518/3, Hostivař, 10200 Praha 10;True;1;;2026-09-11T07:28:08.7074009Z;2;Fw: Sadro Omit Stav ;28444442 Sadro Omit Stav s.r.o
cds cars s r o;Name;CDS CARS s.r.o.;Found;28646045;CDS CARS s.r.o.;SpoleÄŤnost s ruÄŤenĂ­m omezenĂ˝m;112;Praha;Přátelství 986/19, Uhříněves, 10400 Praha 10;True;1;;2026-09-11T07:28:08.9479659Z;3;CDS CARS s.r.o., IČ 28646045 - konzultace plné moci - číslo žádosti v CPS 2072234006;28646045 CDS CARS s.r.o
svj bezrucova;Name;SVJ Bezručova;NotFound;;;;;;;;0;no candidate in the register;2026-09-11T07:28:09.1943765Z;5;Fw: SVJ Bezručova, Velké Meziříčí, IČ 28291859_URGENTNÍ_odpověď na dotaz klienta k definicím a povinnostem v úvěrové smlouvě;28291859 Společenství vlastníků domu 1567, 1614, 1615, 1616
tersego trade s r o;Name;Tersego Trade s.r.o.;NotFound;;;;;;;;0;no candidate in the register;2026-09-11T07:28:09.4728816Z;4;Fw: Dotaz / prosba;29145422 Biopekárna Zemanka s.r.o
construction europe s r o;Name;Construction Europe s.r.o.;Found;04180194;Construction Europe, s.r.o.;SpoleÄŤnost s ruÄŤenĂ­m omezenĂ˝m;112;Kutná Hora;Potoční 170/12, Karlov, 28401 Kutná Hora;True;5;;2026-09-11T07:28:09.7815161Z;3;Construction Europe s.r.o., IČ: 04180194 - kontrola  návrhů smluv - finalizace;04180194 Construction Europe, s.r.o
palazzio stavebni s r o;Name;Palazzio stavební s.r.o.;Found;24702226;Palazzio stavební s.r.o.;SpoleÄŤnost s ruÄŤenĂ­m omezenĂ˝m;112;Praha;Slezská 2210/128, Vinohrady, 13000 Praha 3;True;1;;2026-09-11T07:28:10.1509928Z;5;Fw: Úvěr - Palazzio doplnění dokladů (zápis z valné hromady);08958114 Advokátní kancelář Špirk s.r.o
26405261;Ico;26405261;Found;26405261;Narcis B s.r.o.;SpoleÄŤnost s ruÄŤenĂ­m omezenĂ˝m;112;Plzeň;Na Roudné 1702/64, Severní Předměstí, 30100 Plzeň;True;0;;2026-09-11T07:28:10.2436048Z;3;Fw: Fwd: Rozhodnutí jediného společníka....;26405261 Narcis B s.r.o
narcis b s r o;Name;Narcis B s.r.o.;Found;26405261;Narcis B s.r.o.;SpoleÄŤnost s ruÄŤenĂ­m omezenĂ˝m;112;Plzeň;Na Roudné 1702/64, Severní Předměstí, 30100 Plzeň;True;1;;2026-09-11T07:28:10.6493732Z;2;Fw: Fwd: Rozhodnutí jediného společníka....;26405261 Narcis B s.r.o
hase cz s r o;Name;HASE CZ s.r.o.;Found;25943383;HASE CZ s.r.o.;SpoleÄŤnost s ruÄŤenĂ­m omezenĂ˝m;112;Lomnice nad Popelkou;Husovo náměstí 16, 51251 Lomnice nad Popelkou;True;1;;2026-09-11T07:28:10.8354058Z;5;FW: HASE CZ s.r.o., IČO: 25943383, kupní smlouva;25943383 HASE CZ s.r.o
hotchilli s r o;Name;HOTchilli s.r.o.;Found;03555470;HOTchilli s.r.o.;SpoleÄŤnost s ruÄŤenĂ­m omezenĂ˝m;112;Praha;Bělehradská 858/23, Vinohrady, 12000 Praha 2;True;1;;2026-09-11T07:28:11.1148566Z;6;HOTchilli s.r.o., IČ: 03555470;03555470 HOTchilli s.r.o
stp plast spol s r o;Name;STP plast spol. s r.o.;Found;25015796;STP plast spol. s r.o.;SpoleÄŤnost s ruÄŤenĂ­m omezenĂ˝m;112;Stráž pod Ralskem;Na Vršku 109, 47127 Stráž pod Ralskem;True;1;;2026-09-11T07:28:11.3930020Z;6;Fw: STP plast - korporátní souhlas, kontrola;25015796 STP plast spol. s r.o
vlastnik nemovitosti eiffel optic a s;Name;Vlastník nemovitosti Eiffel Optic a.s.;NotFound;;;;;;;;0;no candidate in the register;2026-09-11T07:28:11.6415051Z;11;Dotaz - koupě nemovitosti od vlastníka /prodávajícího v konkursu ;Vlastník nemovitosti Eiffel Optic a.s
spolecenstvi vlastniku jednotek stedra 99;Name;Společenství vlastníků jednotek Štědrá 99;Found;71192662;Společenství vlastníků jednotek Štědrá 99, 102;;145;Štědrá;č.p. 99, 36452 Štědrá;True;1;;2026-09-11T07:28:11.8955971Z;3;RE: Kontrola zápisu ze schůze Společenství vlastníků jednotek Štědrá 99, 102, IČO: 71192662;71192662 Společenství vlastníků jednotek Štědrá 99, 102
lesy slama s r o;Name;LESY Sláma s.r.o.;Found;26959623;LESY Sláma s.r.o.;SpoleÄŤnost s ruÄŤenĂ­m omezenĂ˝m;112;Nová Říše;Na Bouralce 279, 58865 Nová Říše;True;1;;2026-09-11T07:28:12.2401369Z;2;Fw: Prosím o vyjádření;26959623 LESY Sláma s.r.o
darma stavebnictvi s r o;Name;DARMA stavebnictví s.r.o.;Found;06554768;DARMA stavebnictví s.r.o.;SpoleÄŤnost s ruÄŤenĂ­m omezenĂ˝m;112;Ostrava;U Dvoru 1229/5, Mariánské Hory, 70900 Ostrava;True;1;;2026-09-11T07:28:12.4347867Z;18;FW: Smlouvy k úvěru Tunel stavby;DARMA stavebnictví s.r.o
dotazy klienta mc group s r o;Name;Dotazy klienta MC GROUP s.r.o.;NotFound;;;;;;;;0;no candidate in the register;2026-09-11T07:28:12.6702487Z;2;Re: Dotazy klienta MC GROUP s.r.o., IČ 04666453;04666453 MC GROUP s.r.o
zadvori frystak s r o;Name;Zádvoří Fryšták s.r.o.;Found;10736093;Zádvoří Fryšták s.r.o.;SpoleÄŤnost s ruÄŤenĂ­m omezenĂ˝m;112;Fryšták;Dr. Absolona 132, 76316 Fryšták;True;1;;2026-09-11T07:28:12.9488533Z;2;Automatická odpověď: Zádvoří Fryšták s.r.o. - IČ 10736093 - ID žádosti 2080227146;10736093 Zádvoří Fryšták s.r.o
sprava nemovitosti s r o;Name;správa nemovitostí s.r.o.;NotFound;;;;;;;;5;5 candidate(s), none an exact name match;2026-09-11T07:28:13.2906145Z;2;Fw: Košturová je zpět;správa nemovitostí s.r.o
tm prodej s r o;Name;TM prodej s.r.o.;NotFound;;;;;;;;0;no candidate in the register;2026-09-11T07:28:13.4878849Z;3;FW: TM prodej s.r.o.-Fw: Ukončení úvěru u zaniklé společnosti;08176523 TM prodej s.r.o
gotcha spielfeld s r o;Name;Gotcha-spielfeld s.r.o.;NotFound;;;;;;;;0;no candidate in the register;2026-09-11T07:28:13.7301231Z;2;Fwd: Gotcha - plná moc;26355345 Gotcha - spielfeld s.r.o
spolecenstvi vlastniku kamenicka 306 45;Name;Společenství vlastníků Kamenická 306/45;Found;11792914;Společenství vlastníků Kamenická 306/45, Praha 7;;145;Praha;Kamenická 306/45, Bubeneč, 17000 Praha 7;True;1;;2026-09-11T07:28:14.0324168Z;2;Fw: SMART: Notifikace o přidělení úkolu Zpracování požadavku;11792914 Společenství vlastníků Kamenická 306-45, Praha 7
triomed rent s r o;Name;Triomed Rent s.r.o.;NotFound;;;;;;;;0;no candidate in the register;2026-09-11T07:28:14.2650418Z;9;Re: Podklady Triomed Rent ;Triomed Rent s.r.o
comac spol s r o;Name;COMAC spol. s r.o.;Found;15887111;COMAC spol. s r.o.;SpoleÄŤnost s ruÄŤenĂ­m omezenĂ˝m;112;Praha;Jeremenkova 763/88, Podolí, 14000 Praha 4;True;1;;2026-09-11T07:28:14.5585620Z;7;Fw: COMAC spol. s r.o.  ičo 15887111 úvěr 036804-001 Id žádosti 2052476655 ;15887111 COMAC spol. s r.o
svj palackeho cp 2412 a 2413;Name;SVJ Palackého čp 2412 a 2413;NotFound;;;;;;;;0;no candidate in the register;2026-09-11T07:28:14.8016407Z;6;Re: SVJ Palackého čp 2412 a 2413, IČ 25990331, CLUID 2003-05-06-03.53.43.651512.;25990331 Společenství vlastníků jednotek domu Palackého čp.2412, 2413, Pardubice
mcrai s r o;Name;McRai s.r.o.;Found;28271181;McRAI s.r.o.;SpoleÄŤnost s ruÄŤenĂ­m omezenĂ˝m;112;Třebíč;Komenského nám. 141/5, Vnitřní Město, 67401 Třebíč;True;1;;2026-09-11T07:28:15.0566327Z;3;Fw: Nezávazný příslib, příloha žádosti o dotaci - McRai s.r.o.  IČ 28271181;28271181 McRAI s.r.o
metosa group s r o;Name;METOSA GROUP s.r.o.;Found;10877401;METOSA GROUP s.r.o.;SpoleÄŤnost s ruÄŤenĂ­m omezenĂ˝m;112;Krnov;Petrovická 2493/251a, Pod Bezručovým vrchem, 79401 Krnov;True;1;;2026-09-11T07:28:15.3292957Z;8;Re: Dotaz;10877401 METOSA GROUP s.r.o
26802830;Ico;26802830;Found;26802830;Společenství vlastníků Odry, tř. Osvobození 278/1, 280/3, 289/5, katastrální území Odry, parcelní číslo 721, 722 a 723;;145;Odry;tř. Osvobození 280/3, 74235 Odry;True;0;;2026-09-11T07:28:15.5215639Z;4;Fw: SVJ Odry - zápis;26802830 SVJ Odry - zápis
elespade fortes s r o;Name;Elespade fortes s.r.o.;Found;04691563;Elespade fortes s.r.o.;SpoleÄŤnost s ruÄŤenĂ­m omezenĂ˝m;112;Vyškov;Tyršova 666/8, Vyškov-Předměstí, 68201 Vyškov;True;1;;2026-09-11T07:28:15.8787365Z;3;Re: Elespade fortes s.r.o. IČ 04691563;04691563 Elespade fortes s.r.o
vstup noveho spolecnika do s r o;Name;vstup nového společníka do s.r.o.;NotFound;;;;;;;;0;no candidate in the register;2026-09-11T07:28:16.0909816Z;2;Dotaz klienta / vstup nového společníka do s.r.o. / zajištění stávajících úvěrů;04799721 RAPTORKOV s.r.o
rezidence mostecka s r o;Name;Rezidence Mostecká s.r.o.;Found;11880708;Rezidence Mostecká s.r.o.;SpoleÄŤnost s ruÄŤenĂ­m omezenĂ˝m;112;Praha;Loretánské náměstí 102/8, Hradčany, 11800 Praha 1;True;1;;2026-09-11T07:28:16.4072560Z;5;Re: Velká prosba o konzultaci - Věc: Rezidence Mostecká s.r.o., IČ 118 80 708;11880708 Rezidence Mostecká s.r.o
04845919;Ico;04845919;Found;04845919;Purity s.r.o.;SpoleÄŤnost s ruÄŤenĂ­m omezenĂ˝m;112;Krňany;Teletín č.ev. 73, 25744 Krňany;True;0;;2026-09-11T07:28:16.5709849Z;3;Purity, s.r.o.-rozhodnutí jediného společníka;04845919 s.r.o
day spa shop s r o;Name;Day Spa Shop s.r.o.;Found;27754626;Day Spa Shop s.r.o.;SpoleÄŤnost s ruÄŤenĂ­m omezenĂ˝m;112;Brno;Cejl 40/107, Zábrdovice, 60200 Brno;True;1;;2026-09-11T07:28:16.9690938Z;6;Fw: Day Spa Shop s.r.o., IČ 27754626 - vyplacení soukromé osoby přes jistotní účet;27754626 Day Spa Shop s.r.o
lavinia trading spol s r o;Name;Lavinia Trading spol. s r.o.;Found;62242393;LAVINIA TRADING, spol. s r.o.;SpoleÄŤnost s ruÄŤenĂ­m omezenĂ˝m;112;Ústí nad Labem;Mírové náměstí 3485/35b, Ústí nad Labem-centrum, 40001 Ústí nad Labem;True;1;;2026-09-11T07:28:17.1519168Z;5;Re: Lavinia Trading spol. s r.o. ičo 62242393;62242393 LAVINIA TRADING, spol. s r.o
jedna se o klienta zahradnictvi stastny s r o;Name;Jedná se o klienta Zahradnictví Šťastný s.r.o.;NotFound;;;;;;;;0;no candidate in the register;2026-09-11T07:28:17.5684083Z;3;Re: zpět vzetí podepsané smlouvy - konzultace ;06477364 Zahradnictví Šťastný spol. s r. o
labsky mlyn a s;Name;Labský mlýn a.s.;Found;24177253;Labský mlýn a.s.;AkciovĂˇ spoleÄŤnost;121;Praha;Gdaňská 585/15, Bohnice, 18100 Praha 8;True;1;;2026-09-11T07:28:17.7228731Z;3;Bc. Jan Hloušek-Fw: kontrola valných hromad;24177253 Labský mlýn a.s
konzultace ke smlouve o zapujcce tomeri s r o;Name;Konzultace ke Smlouvě o zápůjčce TomEri s.r.o.;NotFound;;;;;;;;0;no candidate in the register;2026-09-11T07:28:17.9636740Z;3;Konzultace ke Smlouvě o zápůjčce  TomEri s.r.o., IČ 08555672;08555672 Byty Nemocniční s.r.o
14236800;Ico;14236800;Found;14236800;Jan Škvára;;107;Vatín;č.p. 1, 59101 Vatín;True;0;;2026-09-11T07:28:18.1706416Z;3;Jan Škvára, kontrola kupní smlouvy, koupě půdy;14236800 a.s
dextra real s r o;Name;Dextra real s.r.o.;Found;08035351;DEXTRA - REAL s. r. o.;SpoleÄŤnost s ruÄŤenĂ­m omezenĂ˝m;112;Mladá Boleslav;Staroměstské náměstí 95, Mladá Boleslav I, 29301 Mladá Boleslav;True;1;;2026-09-11T07:28:18.5423070Z;2;Dextra real s.r.o., IČ 08035351;08035351 DEXTRA - REAL s. r. o
spolecenstvi vlastniku jednotek prukaz predan;Name;společenství vlastníků jednotek průkaz předán;NotFound;;;;;;;;0;no candidate in the register;2026-09-11T07:28:18.7472601Z;1;Fw: MUDr. Asbahi - koupě nemovitosti od Města Lomnice;73633755 Oblastní charita Jičín
svj mel problem s cerpanim uveru;Name;SVJ měl problém s čerpáním úvěru;NotFound;;;;;;;;0;no candidate in the register;2026-09-11T07:28:19.0058421Z;2;Fw: Žádost o vyjádření ohledně způsobu podepisování;28803175 Společenství vlastníků, U Trati 905 v Jičíně
obchodni zona zabreh s r o;Name;Obchodní Zóna Zábřeh s.r.o.;Found;19297335;Obchodní Zóna Zábřeh s.r.o.;SpoleÄŤnost s ruÄŤenĂ­m omezenĂ˝m;112;Praha;Kasalická 545, Vinoř, 19017 Praha 9;True;1;;2026-09-11T07:28:19.2983751Z;6;Re: Dotaz na varování v CRM;25915207 ABNER a.s
urgent metal woods dreams s r o;Name;URGENT Metal woods dreams s.r.o.;NotFound;;;;;;;;0;no candidate in the register;2026-09-11T07:28:19.5657161Z;2;FW: URGENT Metal woods dreams s.r.o., korporátní souhlas;05732875 Holcr,s.r.o
uveru projektoveho financovani naseho klienta ventax s r o;Name;Úvěru projektového financování našeho klienta VENTAX s.r.o.;NotFound;;;;;;;;0;no candidate in the register;2026-09-11T07:28:19.8189110Z;7;Re: Prosba o stanovisko k SoSBK pro koncové kupující BJ - prodej bytů z Úvěru projektového financování našeho klienta VENTAX s.r.o. - IČ 61324230 ;61324230 VENTAX s.r.o
po start zeleny agro s r o;Name;PO START Zelený agro s.r.o.;NotFound;;;;;;;;0;no candidate in the register;2026-09-11T07:28:20.0721158Z;4;Převod FOP na PO Zelený;70933499 Vlastimil Zelený
belsky les s r o;Name;Bělský les s.r.o.;Found;11688599;Bělský les s.r.o.;SpoleÄŤnost s ruÄŤenĂ­m omezenĂ˝m;112;Brno;Kobylnická 1408/3, Slatina, 62700 Brno;True;1;;2026-09-11T07:28:20.3213531Z;8;Re: Bělský les s.r.o. , IČ 11688599,  projektové financování v CPS č. 2046207976;11688599 Bělský les s.r.o
p ro int plus s r o;Name;P RO INT plus s.r.o.;NotFound;;;;;;;;0;no candidate in the register;2026-09-11T07:28:20.5909168Z;1;Kontrola SoD;47676175 AWT Rekultivace a.s
stavby s bagry s r o;Name;STAVBY S BAGRY s.r.o.;Found;06549136;STAVBY S BAGRY s.r.o.;SpoleÄŤnost s ruÄŤenĂ­m omezenĂ˝m;112;Ostrava;Staroveská 27/84, Proskovice, 72400 Ostrava;True;2;;2026-09-11T07:28:20.8567654Z;3;STAVBY S BAGRY s.r.o.   IC 06549136;06549136 STAVBY S BAGRY s.r.o
paranormal s r o;Name;Paranormal s.r.o.;NotFound;;;;;;;;3;3 candidate(s), none an exact name match;2026-09-11T07:28:21.1574407Z;8;Re: Paranormal s.r.o. ičo 08117438;08117438 skatya s.r.o
spolecenstvi vlastniku jednotek a bytove druzstvo predpis 4034 04 01r zap;Name;společenství vlastníků jednotek a bytové družstvo “ (předpis 4034_04_01R ) . Záp;NotFound;;;;;;;;0;no candidate in the register;2026-09-11T07:28:21.4255133Z;2;Re: Posouzení zápisu o schválení úvěru - Bytové družstvo Bělehradská 403;společenství vlastníků jednotek a bytové družstvo “ (předpis 4034_04_01R ) . Záp
jazykova skola mundo s r o;Name;Jazyková škola MUNDO s.r.o.;Found;27744361;Jazyková škola MUNDO s.r.o.;SpoleÄŤnost s ruÄŤenĂ­m omezenĂ˝m;112;Brno;Hviezdoslavova 545/41, Slatina, 62700 Brno;True;1;;2026-09-11T07:28:21.6344102Z;1;Re: SC0000000060595026 Žádost o součinnost na vyřízení klientské stížnosti;27744361 Jazyková škola MUNDO s.r.o
spolecenstvi vlastniku jednotek domu c 567 fw prosim o posouzeni zapisu;Name;Společenství vlastníků jednotek domu č. 567-Fw: Prosím o posouzení zápisu;NotFound;;;;;;;;0;no candidate in the register;2026-09-11T07:28:21.8971812Z;5;FW: Společenství vlastníků jednotek domu č. 567-Fw: Prosím o posouzení zápisu ;Společenství vlastníků jednotek domu č. 567-Fw- Prosím o posouzení zápisu
aby z ni mohlo s r o;Name;aby z ní mohlo s.r.o.;NotFound;;;;;;;;0;no candidate in the register;2026-09-11T07:28:22.1597224Z;2;Dotaz k přistoupení k úvěru právnické osoby od FOP;aby z ní mohlo s.r.o
golang cz s r o;Name;golang.cz s.r.o.;Found;09085700;golang.cz s.r.o.;SpoleÄŤnost s ruÄŤenĂ­m omezenĂ˝m;112;Praha;Tetínská 351/1c, Radlice, 15000 Praha 5;True;1;;2026-09-11T07:28:22.4536477Z;4;Re: golang.cz s.r.o.-Fw:  Odsouhlasení dokumentů pro financování - Sml o uzavření budoucí kupní smlouvy;09085700 golang.cz s.r.o
valasska diakonicka s r o;Name;Valašská Diakonická s.r.o.;NotFound;;;;;;;;0;no candidate in the register;2026-09-11T07:28:22.6733572Z;3;Fw: 1. Valašská Diakonická;73632783 Diakonie Valašské Meziříčí
svj 5bj svj skrbenska 28593723;Name;SVJ -5BJ - SVJ Škrbeňská 28593723;NotFound;;;;;;;;0;no candidate in the register;2026-09-11T07:28:22.9279661Z;1;Konzultace;28593723 Společenství vlastníků jednotek Škrbeňská 1243, Šenov
smluvni dokumenty imfsoft s r o;Name;Smluvní dokumenty IMFsoft s.r.o.;NotFound;;;;;;;;0;no candidate in the register;2026-09-11T07:28:23.1934461Z;4;Smluvní dokumenty IMFsoft s.r.o., IČ: 26851181;26851181 IMFsoft, s.r.o
ital est s r o;Name;ITAL-EST s.r.o.;Found;15527140;ITAL-EST, spol. s r.o.;SpoleÄŤnost s ruÄŤenĂ­m omezenĂ˝m;112;Brno;Bayerova 576/6, Veveří, 60200 Brno;True;1;;2026-09-11T07:28:23.5177591Z;3;Fw: ITAL-EST s.r.o., IČ 15527140;15527140 ITAL-EST, spol. s r.o
orling s r o;Name;ORLING s.r.o.;Found;45535868;ORLING s.r.o.;SpoleÄŤnost s ruÄŤenĂ­m omezenĂ˝m;112;Ústí nad Orlicí;Na Bělisku 1352, 56201 Ústí nad Orlicí;True;1;;2026-09-11T07:28:23.7304324Z;5;Re: ORLING s.r.o. (45535868);45535868 ORLING s.r.o
ppd delivery s r o;Name;PPD Delivery s.r.o.;Found;08966087;PPD Delivery s.r.o.;SpoleÄŤnost s ruÄŤenĂ­m omezenĂ˝m;112;Ostrava;Smetanovo náměstí 328/1, Moravská Ostrava, 70200 Ostrava;True;1;;2026-09-11T07:28:23.9931320Z;2;PPD Delivery s.r.o., IČO: 08966087, č. žádosti 2080666663;08966087 PPD Delivery s.r.o
lipence s r o;Name;LIPENCE s.r.o.;NotFound;;;;;;;;5;5 candidate(s), none an exact name match;2026-09-11T07:28:24.3183751Z;2;FW: Urgence - VELKOTRŽNICE - LIPENCE s.r.o. 25632221 - id. žádosti: 2074467697 	;25632221 VELKOTRŽNICE - LIPENCE s.r.o
reality s r o;Name;Reality s.r.o.;Failed;;;;;;;;0;HTTP 400 - The remote server returned an error: (400) Bad Request.;2026-09-11T07:28:24.5302214Z;8;FW: D3 Reality - vzor nájemní smlouvy k odsouhlasení;07832524 D3 Reality s.r.o
jh projekty a aktivity s r o;Name;JH Projekty a Aktivity s.r.o.;NotFound;;;;;;;;0;no candidate in the register;2026-09-11T07:28:24.7985947Z;3;RE: Klient: JH Projekty a Aktivity s.r.o., IČ 04156234;04156234 JH Projekty & Aktivity s.r.o
fv invest s r o;Name;FV Invest s.r.o.;Found;28986652;FV Invest s.r.o.;SpoleÄŤnost s ruÄŤenĂ­m omezenĂ˝m;112;Praha;Klikatá 778/18, Jinonice, 15800 Praha 5;True;1;;2026-09-11T07:28:25.0206952Z;8;Re: FV Invest s.r.o. IČ: 28986652;28986652 FV Invest s.r.o
flenexa energo s r o;Name;Flenexa Energo s.r.o.;Found;21411131;Flenexa Energo s.r.o.;SpoleÄŤnost s ruÄŤenĂ­m omezenĂ˝m;112;Přáslavice;č.p. 335, 78354 Přáslavice;True;1;;2026-09-11T07:28:25.2884174Z;3;Flenexa Plus s.r.o-Fw: Právní posouzení návrhu Dohody;24741621 Flenexa plus s.r.o
spolecenstvi vlastniku jednotek;Name;společenství vlastníků jednotek;Failed;;;;;;;;0;HTTP 400 - The remote server returned an error: (400) Bad Request.;2026-09-11T07:28:25.5500155Z;16;Re: Stanovisko k souhlasům pro úvěry společenství vlastníků jednotek;00052159 Stavební bytové družstvo DRUBYD
spolecenstvi vlastniku pro dum druzstevni ochoz c p 1376 1382 ic 24165522;Name;Společenství vlastníků pro dům Družstevní ochoz č.p. 1376-1382	IČ: 24165522;NotFound;;;;;;;;0;no candidate in the register;2026-09-11T07:28:25.8356116Z;7;Fw: Doplnéní úvěrové smlouvy ČS úvěr pro  	Společenství vlastníků pro dům Družstevní ochoz č.p. 1376-1382	IČ: 24165522;24165522 Společenství vlastníků pro dům Družstevní ochoz č.p. 1376-1382
mudr mariana kocova s r o;Name;MUDr. Mariana Kočová s.r.o.;Found;09711007;MUDr. Mariana Kočová s.r.o.;SpoleÄŤnost s ruÄŤenĂ­m omezenĂ˝m;112;Praha;Horákova 2062/4, Stodůlky, 15500 Praha 5;True;1;;2026-09-11T07:28:26.1237697Z;1;MUDr. Mariana Kočová s.r.o. IČO 09711007;09711007 MUDr. Mariana Kočová s.r.o
proqin s r o;Name;PROQIN s.r.o.;Found;27747026;PROQIN s.r.o.;SpoleÄŤnost s ruÄŤenĂ­m omezenĂ˝m;112;Velké Němčice;Na Kopečku 628, 69163 Velké Němčice;True;3;;2026-09-11T07:28:26.3964589Z;3;Re: PROQIN s.r.o. 27747026;27747026 PROQIN s.r.o
minds be well s r o;Name;Minds Be Well s.r.o.;NotFound;;;;;;;;0;no candidate in the register;2026-09-11T07:28:26.6181554Z;1;Minds Be Well s.r.o.;10991859 Milky Way s.r.o
prolinom s r o;Name;PROLINOM s.r.o.;Found;29317436;PROLINOM s.r.o.;SpoleÄŤnost s ruÄŤenĂ­m omezenĂ˝m;112;Brno;Vídeňská 149/125a, Přízřenice, 61900 Brno;True;1;;2026-09-11T07:28:26.8828341Z;2;PROLINOM s.r.o. - 038126-001 - bývalý klient Sberbank;25083325 Sberbank CZ, a.s. v likvidaci
spolecenstvi vlastniku bytu arnostov 47;Name;Společenství vlastníků bytů Arnoštov 47;Found;28109732;Společenství vlastníků bytů Arnoštov 47;;145;Křišťanov;Arnoštov 47, 38301 Křišťanov;True;1;;2026-09-11T07:28:27.2076444Z;4;Re: Společenství vlastníků bytů Arnoštov 47, IČ:  28109732 CPS 2046660806 - souhlas s úvěrem a investicí;28109732 Společenství vlastníků bytů Arnoštov 47
sberbank sman sped s r o;Name;Sberbank SMAN Sped s.r.o.;NotFound;;;;;;;;0;no candidate in the register;2026-09-11T07:28:27.3960243Z;3;SBERBANK-Fw: Dotaz k dalšímu postupu u klienta Sberbank SMAN Sped s.r.o.;63490447 SMAN SPED, spol. s r. o
shtoltsman kats s r o;Name;Shtoltsman Kats s.r.o.;Found;27918815;Shtoltsman & Kats, s.r.o.;SpoleÄŤnost s ruÄŤenĂ­m omezenĂ˝m;112;Praha;V dolině 1515/1c, Michle, 10100 Praha 10;True;1;;2026-09-11T07:28:27.7007775Z;3;Re: Shtoltsman Kats s.r.o., IČ 27918815;27918815 Shtoltsman & Kats, s.r.o
jp development s r o;Name;JP Development s.r.o.;Found;07913541;JP Development s.r.o.;SpoleÄŤnost s ruÄŤenĂ­m omezenĂ˝m;112;Velké Popovice;Mokřany 21, 25169 Velké Popovice;True;1;;2026-09-11T07:28:27.9557986Z;5;JP Development s.r.o., IČ: 07913541;07913541 JP Development s.r.o
polansky group a s;Name;POLANSKÝ GROUP a.s.;Found;27633896;POLANSKÝ GROUP a.s.;AkciovĂˇ spoleÄŤnost;121;Říčany;Přemyslova 529/11, 25101 Říčany;True;1;;2026-09-11T07:28:28.2212153Z;7;Fw: DOTAZ  - POLANSKÝ GROUP a.s. 27633896	 žádost CPS 2052792959;27633896 POLANSKÝ GROUP a.s
spolecnik spolecnosti brothers estates s r o;Name;Ø společník společnosti Brothers estates s.r.o.;NotFound;;;;;;;;0;no candidate in the register;2026-09-11T07:28:28.4806275Z;2;FW: Kontrola valné hromady  k úvěru č. 0671991159, žádost: 2072071120 - Ceramic home s. r. o.;05070724 MN Capital s.r.o
allapart s r o;Name;AllApart s.r.o.;Found;08220727;AllApart s.r.o.;SpoleÄŤnost s ruÄŤenĂ­m omezenĂ˝m;112;Praha;Na Folimance 2155/15, Vinohrady, 12000 Praha 2;True;1;;2026-09-11T07:28:28.7257442Z;2;FW: AllApart s.r.o. - prodej nemovitosti ;08220727 AllApart s.r.o
obchodni dum u posty s r o;Name;Obchodní dům u pošty s.r.o.;NotFound;;;;;;;;0;no candidate in the register;2026-09-11T07:28:28.9651132Z;2;Re: Prosba o kontrolu;05778557 Hilchastav s.r.o
spolecnika u klienta pravni formy typu s r o;Name;společníka u klienta právní formy typu s.r.o.;NotFound;;;;;;;;0;no candidate in the register;2026-09-11T07:28:29.2183814Z;3;K & M správa staveb s.r.o.-Fw: zaslání dotazu --- stanovisko ke změně společníka u klienta právní formy typu s.r.o. s vazbou na úvěrovatelnost;06498540 K & M správa staveb s.r.o
press hammer s r o;Name;PRESS-HAMMER s.r.o.;NotFound;;;;;;;;0;no candidate in the register;2026-09-11T07:28:29.5178037Z;2;Fw: PLNÁ MOC;27137988 PRESS - HAMMER, s.r.o
s international investment group s r o;Name;S INTERNATIONAL INVESTMENT GROUP s.r.o.;NotFound;;;;;;;;3;3 candidate(s), none an exact name match;2026-09-11T07:28:29.8515997Z;8;F & S INTERNATIONAL INVESTMENT GROUP s.r.o., IČ: 05521076;05521076 F & S INTERNATIONAL INVESTMENT GROUP s.r.o
20210922;Ico;20210922;NotFound;20210922;;;;;;;0;not in the register;2026-09-11T07:28:29.9196095Z;4;Fwd: ukončovací dokumentace Sberbank;20210922 a.s
edb s r o;Name;EDB s.r.o.;NotFound;;;;;;;;2;2 candidate(s), none an exact name match;2026-09-11T07:28:30.3285091Z;3;Fw: EDB s.r.o. , IČ: 11725494;11725494 Evropská databanka s.r.o
oresi s r o;Name;Oresi s.r.o.;Found;27240479;Oresi s.r.o.;SpoleÄŤnost s ruÄŤenĂ­m omezenĂ˝m;112;Březí;Průmyslová 102, 25101 Březí;True;1;;2026-09-11T07:28:30.5395864Z;1;Re: ČP;02476878 JUDr. Jan Jaroš
tery assistant s r o;Name;TERY Assistant s.r.o.;Found;10778365;TERY Assistant s.r.o.;SpoleÄŤnost s ruÄŤenĂ­m omezenĂ˝m;112;Bojkovice;Bezručova čtvrť 889, 68771 Bojkovice;True;1;;2026-09-11T07:28:30.8049660Z;6;Re: TERY Assistant s.r.o., IČ 10778365, v CPS 2066533685 - hypoteční úvěr ;10778365 TERY Assistant s.r.o
vintirov s r o;Name;Vintířov s.r.o.;NotFound;;;;;;;;4;4 candidate(s), none an exact name match;2026-09-11T07:28:31.1108212Z;4;Fw: oznámení o sazbě pro cizoměnový úvěr_22773185_Agro Vintířov s.r.o.;22773185 Agro Vintířov s.r.o
spolecenstvi vlastniku jednotek domu cp 1611 1613 v zeyerove ulici v pisku;Name;Společenství vlastníků jednotek domu čp. 1611 - 1613 v Zeyerově ulici v Písku;Found;26045583;Společenství vlastníků jednotek domu čp. 1611 - 1613 v Zeyerově ulici v Písku;;145;Písek;Velké náměstí 114/3, Vnitřní Město, 39701 Písek;True;1;;2026-09-11T07:28:31.3458572Z;3;Re: Kontrola zápisu Společenství vlastníků jednotek domu čp. 1611 - 1613 v Zeyerově ulici v Písku, IČ 26045583;26045583 Společenství vlastníků jednotek domu čp. 1611 - 1613 v Zeyerově ulici v Písku
sit realit s r o;Name;Síť Realit s.r.o.;Found;24735515;Síť Realit s.r.o.;SpoleÄŤnost s ruÄŤenĂ­m omezenĂ˝m;112;Praha;Na Slatince 3279/3, Záběhlice, 10600 Praha 10;True;1;;2026-09-11T07:28:31.6449567Z;10;Re: Výpověď KTK Plus - IČ 24735515, Síť Realit s.r.o. ;24735515 Síť Realit s.r.o
svj plav;Name;SVJ Plav;NotFound;;;;;;;;0;no candidate in the register;2026-09-11T07:28:31.8650605Z;3;Fw: SVJ Plav, IČ 17162742 - kontrola zápisu SVJ;17162742 Společenství vlastníků jednotek Plav, č. p. 17
na firmu jinocany development project alpha s r o;Name;Na firmu JINOČANY DEVELOPMENT Project Alpha s.r.o.;NotFound;;;;;;;;0;no candidate in the register;2026-09-11T07:28:32.1178176Z;1;Fw: Kontrola dokumentů;07328494 JINOČANY DEVELOPMENT Project Alpha s.r.o
mrakulastav s r o;Name;MRAKULASTAV s.r.o.;Found;07928343;Mrakulastav s.r.o.;SpoleÄŤnost s ruÄŤenĂ­m omezenĂ˝m;112;Kamenice;Třešňová 864, Těptín, 25168 Kamenice;True;1;;2026-09-11T07:28:32.3989048Z;3;Fw: Plná moc k vyřízení úvěru;07928343 Mrakulastav s.r.o
vd vinoteky s r o;Name;VD Vinotéky s.r.o.;Found;27837122;VD Vinotéky s.r.o.;SpoleÄŤnost s ruÄŤenĂ­m omezenĂ˝m;112;Ostrava;Nádražní 1294/21, Moravská Ostrava, 70200 Ostrava;True;2;;2026-09-11T07:28:32.6491703Z;2;Fw: VD Vinotéky s.r.o./27837122 ;27837122 VD Vinotéky s.r.o
07447779;Ico;07447779;Found;07447779;Účetnictví Pumprla s.r.o.;SpoleÄŤnost s ruÄŤenĂ­m omezenĂ˝m;112;Císařov;č.p. 118, 75103 Císařov;True;0;;2026-09-11T07:28:32.8521695Z;3;Fw: 8018-11-07-04.31.17.533024;07447779 a.s
domy podkozi s r o;Name;Domy Podkozí s.r.o.;Found;10882286;Domy Podkozí s.r.o.;SpoleÄŤnost s ruÄŤenĂ­m omezenĂ˝m;112;Králův Dvůr;Luční 161, Zahořany, 26701 Králův Dvůr;True;1;;2026-09-11T07:28:33.4031623Z;3;Fw: URGENTNÍ - Domy Podkozí s.r.o., Konzultace na základě požadavku paní Lucie Hozové (LCD) ič 10882286, CPS č 2053709000;10882286 Domy Podkozí s.r.o
libor transport s r o;Name;LIBOR TRANSPORT s.r.o.;Found;27678997;LIBOR TRANSPORT s.r.o.;SpoleÄŤnost s ruÄŤenĂ­m omezenĂ˝m;112;Znojmo;Jevišovická 228/14, Přímětice, 66904 Znojmo;True;1;;2026-09-11T07:28:33.5675497Z;5;Fw: LIBOR TRANSPORT s.r.o. IČ 27678997 ;27678997 LIBOR TRANSPORT s.r.o
mdc reality s r o;Name;Mdc Reality s.r.o.;Found;28704550;Mdc Reality s.r.o.;SpoleÄŤnost s ruÄŤenĂ­m omezenĂ˝m;112;Vědomice;Chovatelů 336, 41301 Vědomice;True;1;;2026-09-11T07:28:33.8176058Z;4;RE: Rozhodnutí jediného společníka při výkonu působnosti valné hromady;19257031 IMPREZA CZ, s.r.o
style4people s r o;Name;Style4people s.r.o.;Found;29389445;Style4people s.r.o.;SpoleÄŤnost s ruÄŤenĂ­m omezenĂ˝m;112;Ostrava;Teslova 1129/2b, Přívoz, 70200 Ostrava;True;1;;2026-09-11T07:28:34.1020703Z;9;Re: Style4people s.r.o., 29389445, první verze smlouvy o úvěru;29389445 Style4people s.r.o
roztoky apartments s r o;Name;Roztoky Apartments s.r.o.;Found;14291843;Roztoky Apartments s.r.o.;SpoleÄŤnost s ruÄŤenĂ­m omezenĂ˝m;112;Praha;Radimova 2342/36, Břevnov, 16900 Praha 6;True;1;;2026-09-11T07:28:34.3687027Z;7;Fw: Roztoky Apartments s.r.o. IČ 14291843  úvěr č. 609133129;14291843 Roztoky Apartments s.r.o
petr cihal s r o;Name;Petr Číhal s.r.o.;Found;28149963;Jatka Lišov - Petr Číhal s.r.o.;SpoleÄŤnost s ruÄŤenĂ­m omezenĂ˝m;112;Lišov;Lazna 1051/18f, 37372 Lišov;True;1;;2026-09-11T07:28:34.6363274Z;3;Re: Jatka Lišov - Petr Číhal s.r.o., IČ 28149963;28149963 Jatka Lišov - Petr Číhal s.r.o
company s r o;Name;COMPANY s.r.o.;Failed;;;;;;;;0;HTTP 400 - The remote server returned an error: (400) Bad Request.;2026-09-11T07:28:34.8454707Z;10;Fw: WINSOME TRADING & COMPANY s.r.o. ičo 09833561;09833561 WINSOME TRADING & COMPANY s.r.o
pudy klicperova s r o;Name;PŮDY KLICPEROVA s.r.o.;Found;01782495;PŮDY KLICPEROVA s.r.o.;SpoleÄŤnost s ruÄŤenĂ­m omezenĂ˝m;112;Praha;Pod Barvířkou 610/12, Smíchov, 15000 Praha 5;True;1;;2026-09-11T07:28:35.1366756Z;4;Re: PŮDY KLICPEROVA s.r.o. 495733109;27613097 DEFIRE spol. s r.o
techlar a s;Name;Techlar a.s.;Found;26768364;TECHLAR a.s.;AkciovĂˇ spoleÄŤnost;121;Praha;Na cihelně 415/32, Velká Chuchle, 15900 Praha 5;True;1;;2026-09-11T07:28:35.3890736Z;7;Re: Klient Techlar a.s., IČ 26768364 kvitance ;26768364 TECHLAR a.s
spolecenstvi vlastniku vit nezvala 749 752;Name;Společenství vlastníků Vít. Nezvala 749-752;Found;26781352;Společenství vlastníků Vít. Nezvala 749-752, Kladno;;145;Kladno;Vít. Nezvala 751, 27204 Kladno;True;1;;2026-09-11T07:28:35.7440049Z;3;Společenství vlastníků Vít. Nezvala 749-752, Kladno, IČ: 26781352;26781352 Společenství vlastníků Vít. Nezvala 749-752, Kladno
dmp development czech s r o;Name;DMP Development Czech s.r.o.;Found;19476990;DMP Development Czech s.r.o.;SpoleÄŤnost s ruÄŤenĂ­m omezenĂ˝m;112;Liberec;Ke Střelnici 322/6, Liberec IV-Perštýn, 46001 Liberec;True;1;;2026-09-11T07:28:35.9418050Z;1;Fw: DMP Development Czech s.r.o._ založení účtu ;19476990 DMP Development Czech s.r.o
anegg s r o;Name;ANEGG s.r.o.;Found;04047419;ANEGG s.r.o.;SpoleÄŤnost s ruÄŤenĂ­m omezenĂ˝m;112;Jablonec nad Nisou;Horní 12, Proseč nad Nisou, 46804 Jablonec nad Nisou;True;1;;2026-09-11T07:28:36.1828144Z;5;RE: Prosba o rychlou konzultaci - ANEGG s.r.o. ič  04047419 - investiční úvěr - zpětné refinancování;04047419 ANEGG s.r.o
kontrola dokumentu k pripadu palackeho nemovitostni s r o;Name;Kontrola dokumentů k případu Palackého nemovitostní s.r.o.;NotFound;;;;;;;;0;no candidate in the register;2026-09-11T07:28:36.4468918Z;10;Fw: Kontrola dokumentů k případu Palackého nemovitostní s.r.o. 22093613, číslo žádosti v CPS 2077890257;22093613 Palackého nemovitostní s.r.o
invera s r o;Name;INVERA s.r.o.;Found;47535920;INVERA s.r.o.;SpoleÄŤnost s ruÄŤenĂ­m omezenĂ˝m;112;Rakovník;S. K. Neumanna 2476, Rakovník II, 26901 Rakovník;True;4;;2026-09-11T07:28:36.7575639Z;3;Fw: Nemovitost Rakovník;00001350 Československá obchodní banka, a. s
monielli family s r o;Name;Monielli Family s.r.o.;Found;19179197;Monielli Family s.r.o.;SpoleÄŤnost s ruÄŤenĂ­m omezenĂ˝m;112;Boskovice;Komenského 2103/12, 68001 Boskovice;True;1;;2026-09-11T07:28:36.9956560Z;3;Fw: Monielli Family s.r.o., 19179197, požadavek 2074052372;19179197 Monielli Family s.r.o
paper white s r o;Name;Paper White s.r.o.;Found;22797734;Mondi Štětí White Paper s.r.o.;SpoleÄŤnost s ruÄŤenĂ­m omezenĂ˝m;112;Štětí;Litoměřická 272, 41108 Štětí;True;1;;2026-09-11T07:28:37.2750414Z;6;Fw: Paper White s.r.o. IČ: 04454235, úvěr č. 0506107139/0800  x prodej podilu Hewa Produktion sro. IČ: 27663779;27663779 HEWA Produktion, s.r.o
11708379;Ico;11708379;Found;11708379;Olomoucký pivovar a.s.;AkciovĂˇ spoleÄŤnost;121;Olomouc;Dalimilova 18/92, Chomoutov, 78335 Olomouc;True;0;;2026-09-11T07:28:37.4574561Z;2;ROZHODNUTÍ JEDINÉHO AKCIONÁŘE Olomoucký pivovar a.s.;11708379 ROZHODNUTÍ JEDINÉHO AKCIONÁŘE Olomoucký pivovar a.s
ventax s r o;Name;VENTAX s.r.o.;Found;61324230;VENTAX s.r.o.;SpoleÄŤnost s ruÄŤenĂ­m omezenĂ˝m;112;Jablonec nad Nisou;Zemědělská 3944/5a, Lukášov, 46605 Jablonec nad Nisou;True;1;;2026-09-11T07:28:37.8584437Z;6;Prosba o stanovisko ke KS - projetkové financování - VENTAX s.r.o. - IČ 61324230;61324230 VENTAX s.r.o
dangus s r o;Name;Dangus s.r.o.;Found;05950724;Dangus s.r.o.;SpoleÄŤnost s ruÄŤenĂ­m omezenĂ˝m;112;Drahenice;č.p. 1, 26285 Drahenice;True;1;;2026-09-11T07:28:38.0856869Z;2;Fw: Posouzení kupní smlouvy;71480501 Mgr. Monika Vencovská, advokátka
protivitr invest s r o;Name;Protivítr- invest s.r.o.;NotFound;;;;;;;;0;no candidate in the register;2026-09-11T07:28:38.3073348Z;3;Dotaz projektové financování Protivítr;27477096 Protivítr - invest s.r.o
2 ka investment s r o;Name;2.KA Investment s.r.o.;Found;09374876;2.KA Investment s.r.o.;SpoleÄŤnost s ruÄŤenĂ­m omezenĂ˝m;112;Praha;Vojtěšská 211/6, Nové Město, 11000 Praha 1;True;1;;2026-09-11T07:28:38.5889350Z;4;Fw: Dotaz - zápis z valné hromady;09374876 2.KA Investment s.r.o
45274983;Ico;45274983;Found;45274983;TOP CON SERVIS s.r.o.;SpoleÄŤnost s ruÄŤenĂ­m omezenĂ˝m;112;Praha;Varšavská 249/30, Vinohrady, 12000 Praha 2;True;0;;2026-09-11T07:28:38.7737401Z;2;Re: TOP CON SERVIS s.r.o.-Fw: CPS2076298387;45274983 TOP CON SERVIS s.r.o
centra cz s r o;Name;CENTRA CZ s.r.o.;Found;25567624;CENTRA CZ s.r.o.;SpoleÄŤnost s ruÄŤenĂ­m omezenĂ˝m;112;Slatinky;č.p. 96, 78342 Slatinky;True;2;;2026-09-11T07:28:39.1524491Z;3;Re: dotaz - žádost odštěpení;29271771 CENTRA METAL s.r.o
imf soft s r o;Name;IMF soft s.r.o.;NotFound;;;;;;;;0;no candidate in the register;2026-09-11T07:28:39.3279913Z;1;Re: IMF soft s.r.o. - vyjádření RISKU;26851181 IMFsoft, s.r.o
svj pripominky jiriny tourau;Name;SVJ - připomínky Jiřiny Tourau;NotFound;;;;;;;;0;no candidate in the register;2026-09-11T07:28:39.6083960Z;4;Fw: SVJ - připomínky Jiřiny Tourau;26064138 Společenství vlastníků jednotek domu čp. 620 v Sezimově Ústí
sewing development czech company s r o;Name;Sewing Development Czech Company s.r.o.;Found;04928555;Sewing Development Czech Company s.r.o.;SpoleÄŤnost s ruÄŤenĂ­m omezenĂ˝m;112;Jablonec nad Nisou;Lesní 528/17, 46601 Jablonec nad Nisou;True;1;;2026-09-11T07:28:39.9049532Z;6;FW: Sewing Development Czech Company s.r.o., IČ 04928555 - odštěpení společnosti;04928555 Sewing Development Czech Company s.r.o
svj vcetne bd privatizace 368 604 384 384 393 20 5 4;Name;SVJ (včetně BD-privatizace) 368 604 384 384 393 20 5 4;NotFound;;;;;;;;0;no candidate in the register;2026-09-11T07:28:40.1265920Z;2;FW: konfigurátor Residence Staropramenná;SVJ (včetně BD-privatizace) 368 604 384 384 393 20 5 4
pila lostice s r o;Name;Pila Loštice s.r.o.;Found;05925142;Pila Loštice s.r.o.;SpoleÄŤnost s ruÄŤenĂ­m omezenĂ˝m;112;Praha;Kunětická 2534/2, Vinohrady, 12000 Praha 2;True;2;;2026-09-11T07:28:40.4710069Z;10;Fw: odštěpení  - Pila Loštice s.r.o. ič 05925142 -do Pila Loštice Property s.r..o., ič 22400559;22400559 Pila Loštice Property s.r.o
liennam s r o;Name;LIENNAM s.r.o.;Found;08228817;LIENNAM s.r.o.;SpoleÄŤnost s ruÄŤenĂ­m omezenĂ˝m;112;Veselí nad Moravou;Hutník 1460, 69801 Veselí nad Moravou;True;1;;2026-09-11T07:28:40.6694511Z;8;Fw: LIENNAM s.r.o., projektové financování, Ič 08228817, v CPS 2044646746 - aktuální dodatek k prodloužení čerpání a 2033955947 - původní žádost;08228817 LIENNAM s.r.o
silnice doprava a s;Name;Silnice doprava a.s.;Found;25827898;Silnice doprava a.s.;AkciovĂˇ spoleÄŤnost;121;Ostrava;Polanecká 827/49, Svinov, 72100 Ostrava;True;1;;2026-09-11T07:28:40.9429747Z;3;Fw: kontrola NZ - pro společnost Hal servis group, a.s. ičo 25875019, Silnice doprava a.s. ičo 25827898;25827898 Silnice doprava a.s
d arma stavebnictvi s r o;Name;D ARMA stavebnictví s.r.o.;NotFound;;;;;;;;0;no candidate in the register;2026-09-11T07:28:41.2152076Z;1;Re: konzultace rezervačních smluv k projektovému financování;06554768 DARMA stavebnictví s.r.o
ubytovny cz s r o;Name;UBYTOVNY CZ s.r.o.;Found;05470269;UBYTOVNY CZ s.r.o.;SpoleÄŤnost s ruÄŤenĂ­m omezenĂ˝m;112;Příseka;č.p. 52, 58291 Příseka;True;1;;2026-09-11T07:28:41.4639119Z;4;FW: UBYTOVNY CZ - oznámení o snížení základního kapitálu -  UBYTOVNY CZ s.r.o., ič 05470269;05470269 UBYTOVNY CZ s.r.o
johndee s r o;Name;JohnDee s.r.o.;Found;01783653;JohnDee s.r.o.;SpoleÄŤnost s ruÄŤenĂ­m omezenĂ˝m;112;Praha;Únorová 76/8, Nedvězí u Říčan, 10300 Praha 10;True;1;;2026-09-11T07:28:41.7463879Z;5;Fw: Kupní smlouva - finální verze JohnDee s.r.o. , IČ 01783653;01783653 JohnDee s.r.o
mibel s r o;Name;MIBEL s.r.o.;Found;11943858;MIBEL s.r.o.;SpoleÄŤnost s ruÄŤenĂ­m omezenĂ˝m;112;Ostrava;28. října 810/246, Mariánské Hory, 70900 Ostrava;True;1;;2026-09-11T07:28:41.9823658Z;3;Fw: Dotaz k úvěru pro MIBEL s.r.o.;11943858 MIBEL s.r.o
ddl invest s r o;Name;DDL INVEST s.r.o.;Found;10698451;DDL INVEST s.r.o.;SpoleÄŤnost s ruÄŤenĂ­m omezenĂ˝m;112;Praha;Rybná 716/24, Staré Město, 11000 Praha 1;True;1;;2026-09-11T07:28:42.2641323Z;16;Fw: DDL INVEST s.r.o., IČ: 10698451;10698451 DDL INVEST s.r.o
penzion mohelno s r o;Name;Penzion Mohelno s.r.o.;Found;21479046;Penzion Mohelno s.r.o.;SpoleÄŤnost s ruÄŤenĂ­m omezenĂ˝m;112;Mohelno;č.p. 24, 67575 Mohelno;True;1;;2026-09-11T07:28:42.5395883Z;6;Penzion Mohelno s.r.o. ičo: 21479046;21479046 Penzion Mohelno s.r.o
cars breclav s r o;Name;Cars Břeclav s.r.o.;Found;27688801;CARs Břeclav, s.r.o. v likvidaci;SpoleÄŤnost s ruÄŤenĂ­m omezenĂ˝m;112;Břeclav;Bratislavská 4303, 69002 Břeclav;True;1;;2026-09-11T07:28:42.7701239Z;2;Cars Břeclav s.r.o. IČ: 27688801;27688801 CARs Břeclav, s.r.o. v likvidaci
28749740;Ico;28749740;Found;28749740;PERM Technologies s.r.o.;SpoleÄŤnost s ruÄŤenĂ­m omezenĂ˝m;112;Lomnice nad Popelkou;Stará Lomnice 813, 51251 Lomnice nad Popelkou;True;0;;2026-09-11T07:28:42.9722104Z;1;FW: Korporátní souhlas, ú.č. 0661485199, Klient: PERM Technologies s.r.o;28749740 s.r.o
collect points s r o;Name;Collect Points s.r.o.;NotFound;;;;;;;;0;no candidate in the register;2026-09-11T07:28:43.3430997Z;2;Fw: Realizace odkoupení nemovitostí z konkurzní podstaty;24661015 Collect Points s.r.o
svj zengrova 1937 24;Name;SVJ Zengrova 1937/24;NotFound;;;;;;;;0;no candidate in the register;2026-09-11T07:28:43.5476878Z;2;Podmínka čerpání s odkazem na Dotaci -  CPS: CPS 2079401481, SVJ Zengrova 1937/24,26, IČ/RČ: 29414041;29414041 Společenství vlastníků jednotek Zengrova 1937-24,26
roxana company s r o;Name;ROXANA Company s.r.o.;Found;26168278;Roxana company s.r.o;SpoleÄŤnost s ruÄŤenĂ­m omezenĂ˝m;112;Praha;Ibsenova 1207/3, Vinohrady, 12000 Praha 2;True;1;;2026-09-11T07:28:43.8511313Z;4;ROXANA Company s.r.o., IČ 26168278 - Kupní smlouva ;26168278 Roxana company s.r.o
svj timto schvaluje financovani investicni akce rekon;Name;SVJ tímto schvaluje financování investiční akce „Rekon;NotFound;;;;;;;;0;no candidate in the register;2026-09-11T07:28:44.0806901Z;1;Fw: Návrh bodu schůze ohledně úvěru financování rekonstrukce BD;26196662 VEXTA a.s
autoserviselit s r o;Name;AutoservisElit s.r.o.;Found;05713188;AutoservisElit s.r.o.;SpoleÄŤnost s ruÄŤenĂ­m omezenĂ˝m;112;Praha;Jaurisova 515/4, Michle, 14000 Praha 4;True;1;;2026-09-11T07:28:44.3572999Z;3;AutoservisElit s.r.o. IČO 05713188;05713188 AutoservisElit s.r.o
bella volbek s r o;Name;Bella Volbek s.r.o.;Found;23707135;Bella Volbek s.r.o.;SpoleÄŤnost s ruÄŤenĂ­m omezenĂ˝m;112;Praha;Rybná 716/24, Staré Město, 11000 Praha 1;True;1;;2026-09-11T07:28:44.6279390Z;1;Bella Volbek s.r.o., ID: 2080610173;00064581 HLAVNÍ MĚSTO PRAHA
plazenska apartamento s r o;Name;Plazenska apartamento s.r.o.;NotFound;;;;;;;;0;no candidate in the register;2026-09-11T07:28:44.8710318Z;8;Re: Plazenska apartamento s.r.o. IČO 01419277;01419277 Plzenska apartamento s.r.o
19258828;Ico;19258828;Found;19258828;Bydlení Lužec n. C, spol. s r. o.;SpoleÄŤnost s ruÄŤenĂ­m omezenĂ˝m;112;Lužec nad Cidlinou;č.p. 203, 50362 Lužec nad Cidlinou;True;0;;2026-09-11T07:28:45.0661366Z;4;Fw: Smlouva mezi obcí Lužec nad Cidlinou a společností Bydlení Lužec n.C;19258828
spolecenstvi vlastniku halkova 1616;Name;Společenství vlastníků Hálkova 1616;Found;07847289;Společenství vlastníků Hálkova 1616, Praha 2, Nové Město;;145;Praha;Hálkova 1616/13, Nové Město, 12000 Praha 2;True;1;;2026-09-11T07:28:45.4393443Z;3;Společenství vlastníků Hálkova 1616, Praha 2, Nové Město-Fw: Konzultace - úvěr SVJ, IČ 07847289;07847289 Společenství vlastníků Hálkova 1616, Praha 2, Nové Město
varga reality s r o;Name;VARGA REALITY s.r.o.;Found;02070235;VARGA REALITY s.r.o.;SpoleÄŤnost s ruÄŤenĂ­m omezenĂ˝m;112;Praha;Mojmírova 1370/14, Nusle, 14000 Praha 4;True;1;;2026-09-11T07:28:45.6837025Z;1;Kubát: vyčíslení, souhlas banky;27545857 Geodézie Chrudim s.r.o
spolecenstvi vlastniku hybesova 863;Name;Společenství vlastníků Hybešova 863;Found;07861168;Společenství vlastníků Hybešova 863, Třeboň;;145;Třeboň;Hybešova 863, Třeboň II, 37901 Třeboň;True;1;;2026-09-11T07:28:45.9268871Z;3;Fw: Posouzení Zápisu ze shromáždění Hyběšova, Třeboň;09044761 Bohuslav Sokolík
dome capital s r o;Name;Dome Capital s.r.o.;Found;11984791;Dome Capital s.r.o.;SpoleÄŤnost s ruÄŤenĂ­m omezenĂ˝m;112;Praha;Kroftova 379/7, Smíchov, 15000 Praha 5;True;1;;2026-09-11T07:28:46.2490801Z;4;Fw: Dome Capital s.r.o., ičo 11984791, případ 2074306991;11984791 Dome Capital s.r.o
machac dentist s r o;Name;Machač dentist s.r.o.;Found;08096503;Machač dentist s.r.o.;SpoleÄŤnost s ruÄŤenĂ­m omezenĂ˝m;112;Brno;Křídlovická 351/47a, Staré Brno, 60300 Brno;True;1;;2026-09-11T07:28:46.4485371Z;3;Machač dentist s.r.o. ič: 08096503;08096503 Machač dentist s.r.o
anchormen s r o;Name;AnchorMen s.r.o.;Found;09052593;AnchorMen s.r.o.;SpoleÄŤnost s ruÄŤenĂ­m omezenĂ˝m;112;Frýdek-Místek;Potoční 1094, Frýdek, 73801 Frýdek-Místek;True;1;;2026-09-11T07:28:46.7009020Z;3;RE: firma AnchorMen s.r.o. IČ: 09052593 - PODPIS smluvní dokumentace RVG úvěr - klienti NEROZUMÍ česky - prosba o konzultaci;09052593 AnchorMen s.r.o
salvia s r o;Name;SALVIA s.r.o.;NotFound;;;;;;;;5;5 candidate(s), none an exact name match;2026-09-11T07:28:47.0229562Z;8;Re: SALVIA s.r.o., IČ 25270273 -  doplnění info ;25270273 SALVIA, s.r.o
svj masarykova 621 ic 25460056 vyjadreni z lcd k zap;Name;SVJ  Masarykova 621 ič 25460056 : vyjádření z LCD k záp;NotFound;;;;;;;;0;no candidate in the register;2026-09-11T07:28:47.2402941Z;2;Fw: Prosba o stanovisko LCD - SVJ  Masarykova 621 ič 25460056 : vyjádření z LCD k zápisu z jednání SVJ;25460056 Společenství vlastníků jednotek Masarykova 621-19, 460 01 Liberec 1
v ramci akciove spolecnosti royl spa a s;Name;V rámci akciové společnosti ROYL SPA a.s.;NotFound;;;;;;;;0;no candidate in the register;2026-09-11T07:28:47.5034256Z;2;Fw: Your scanned document;26968614 ROYAL SPA, a.s
stavo invest cb s r o;Name;Stavo Invest CB s.r.o.;Found;26101327;STAVO INVEST CB s. r. o.;SpoleÄŤnost s ruÄŤenĂ­m omezenĂ˝m;112;České Budějovice;Hraniční 2876/11, České Budějovice 5, 37006 České Budějovice;True;1;;2026-09-11T07:28:47.7820818Z;5;RE: Stavo Invest CB s.r.o. ičo 26101327, úvěr č. 506732129;26101327 STAVO INVEST CB s. r. o
dmk system s r o;Name;DMK system s.r.o.;Found;28291786;DMK  system s.r.o.;SpoleÄŤnost s ruÄŤenĂ­m omezenĂ˝m;112;Střítež;Hrotovická-Průmyslová Zóna 169, 67401 Střítež;True;1;;2026-09-11T07:28:48.0462469Z;3;Re: DMK  system s.r.o., IČ 28291786;28291786 DMK system s.r.o
diamil s r o;Name;Diamil s.r.o.;Found;24800899;Diamil s.r.o.;SpoleÄŤnost s ruÄŤenĂ­m omezenĂ˝m;112;Praha;Karlova 163/30, Staré Město, 11000 Praha 1;True;1;;2026-09-11T07:28:48.3204303Z;3;Re: Diamil s.r.o.  24800899;24800899 Diamil s.r.o
bedrun company s r o;Name;Bedrun Company s.r.o.;Found;01929798;Bedrun Company s. r. o.;SpoleÄŤnost s ruÄŤenĂ­m omezenĂ˝m;112;Praha;Bartoškova 1411/20, Nusle, 14000 Praha 4;True;1;;2026-09-11T07:28:48.5682395Z;3;RE: 2054367214 Bedrun Company s. r. o.;06493327 Other way a. s
wspk na cs zp malse a s;Name;WSPK na ČS ZP Malše a.s.;NotFound;;;;;;;;0;no candidate in the register;2026-09-11T07:28:48.7844543Z;4;Dotaz KTK  převod  z WSPK na ČS     ZP Malše a.s. IČ: 26027518  ;26027518 Zemědělský podnik Malše a. s
ktery bude vlozen do nove vznikle s r o;Name;který bude vložen do nově vzniklé s.r.o.;NotFound;;;;;;;;0;no candidate in the register;2026-09-11T07:28:49.0520046Z;3;Geotermie Klapáč - příprava financování pro nově vzniklou společnost;14649225 Josef Klapáč
novak s r o;Name;Novák s.r.o.;NotFound;;;;;;;;5;5 candidate(s), none an exact name match;2026-09-11T07:28:49.3863539Z;3;Re: RE: Koncept nájemní smlouvy - Kunovská/Nehybovi;24196509 Sokol, Novák, Trojan, Doleček a partneři, advokátní kancelář s.r.o
28586247;Ico;28586247;Found;28586247;EMONIX elektric s.r.o.;SpoleÄŤnost s ruÄŤenĂ­m omezenĂ˝m;112;Suchdol nad Odrou;Za nádražím 632, 74201 Suchdol nad Odrou;True;0;;2026-09-11T07:28:49.5228182Z;2;vyjádření k zápisu valné hromady;28586247 V alné hromady společnosti Emonix elektric s.r.o
v alne hromady spolecnosti emonix elektric s r o;Name;V alné hromady společnosti Emonix elektric s.r.o.;NotFound;;;;;;;;0;no candidate in the register;2026-09-11T07:28:49.8963511Z;1;vyjádření k zápisu valné hromady;28586247 V alné hromady společnosti Emonix elektric s.r.o
havarie voda plyn kotle s r o;Name;Havárie Voda Plyn Kotle s.r.o.;Found;14123428;Havárie Voda Plyn Kotle s.r.o.;SpoleÄŤnost s ruÄŤenĂ­m omezenĂ˝m;112;Praha;Sekaninova 1021/26, Nusle, 12800 Praha 2;True;1;;2026-09-11T07:28:50.1913299Z;3;Re: Havárie Voda Plyn Kotle s.r.o.-Fw: právní analýza + podmínky transakce;17580102 Service estate team s.r.o
polyston cz a s;Name;Polyston CZ a.s.;NotFound;;;;;;;;0;no candidate in the register;2026-09-11T07:28:50.4015890Z;2;Polyston CZ a.s. _Fw: IČO 09354280;09354280 POM gallery a.s
muzor rent s r o;Name;MUZOR RENT s.r.o.;Found;19883722;MUZOR RENT s.r.o.;SpoleÄŤnost s ruÄŤenĂ­m omezenĂ˝m;112;Mariánské Lázně;Nádražní náměstí 299/8, 35301 Mariánské Lázně;True;1;;2026-09-11T07:28:50.6789800Z;6;MUZOR RENT s.r.o., IČ:  19883722, ID žádosti: 2067717178, posouzení nájemní smlouvy, Projektové financování. ;19883722 MUZOR RENT s.r.o
spolecenstvi vlastniku jednotek bl 714;Name;Společenství vlastníků jednotek bl. 714;Found;28746571;Společenství vlastníků jednotek bl. 714, č.p. 928, 929, 930, 931, 932, ulice Jana Kříže, Most;;145;;Most, ul. Jana Kříže, bl. 714, č.p. 928, PSČ 43401;True;1;;2026-09-11T07:28:50.8885196Z;2;Fw: SVJ bl. 714 - zápis-Společenství vlastníků jednotek bl. 714, č.p. 928, 929, 930, 931, 932, ulice Jana Kříže, Most;28733801 Společenství vlastníků jednotek bl. 547, č.p. 1348, ulice Rozmarýnová, Most
mc stone s r o;Name;MC Stone s.r.o.;Found;06831958;MC Stone s.r.o.;SpoleÄŤnost s ruÄŤenĂ­m omezenĂ˝m;112;Kamenice;Benešovská 199, Ládví, 25168 Kamenice;True;1;;2026-09-11T07:28:51.1671733Z;6;Fw: MC Stone s.r.o. 06831958;06831958 MC Stone s.r.o
grentstone s r o;Name;GRENTSTONE s.r.o.;Found;09989391;GRENTSTONE s.r.o.;SpoleÄŤnost s ruÄŤenĂ­m omezenĂ˝m;112;Praha;Rybná 716/24, Staré Město, 11000 Praha 1;True;1;;2026-09-11T07:28:51.4310276Z;2;GRENTSTONE s.r.o. --- konzultace dvou bodů pro Risk;13584324 ČSOB Hypoteční banka, a.s
meteor investment s r o;Name;METEOR INVESTMENT s.r.o.;Found;01657828;METEOR INVESTMENT s.r.o.;SpoleÄŤnost s ruÄŤenĂ­m omezenĂ˝m;112;Karlovy Vary;Rybářská 839/2, Stará Role, 36017 Karlovy Vary;True;1;;2026-09-11T07:28:51.6744119Z;3;Re: METEOR INVESTMENT s.r.o. IČO 01657828 - žádost CPS+ 01657828;01657828 METEOR INVESTMENT s.r.o
llp develop s r o;Name;LLP Develop s.r.o.;Found;08482691;LLP Develop s.r.o.;SpoleÄŤnost s ruÄŤenĂ­m omezenĂ˝m;112;Praha;Kaprova 42/14, Staré Město, 11000 Praha 1;True;1;;2026-09-11T07:28:52.0115577Z;6;Zápis z jednání valné hromady, LLP Develop s.r.o. IČ 08482691, ID 2075426358;08482691 LLP Develop s.r.o
mja cz a s;Name;MJA CZ a.s.;Found;64789616;MJA CZ a.s.;AkciovĂˇ spoleÄŤnost;121;Smržov;č.p. 108, 50303 Smržov;True;1;;2026-09-11T07:28:52.2132456Z;1;Fwd: MJA - Víchová;64789616 MJA CZ a.s
brenako s r o;Name;BRENAKO s.r.o.;Found;05957192;BRENAKO s.r.o.;SpoleÄŤnost s ruÄŤenĂ­m omezenĂ˝m;112;Břeclav;Žerotínova 895/5a, 69002 Břeclav;True;1;;2026-09-11T07:28:52.5035196Z;4;BRENAKO s.r.o. ičo: 05957192;05957192 BRENAKO s.r.o
v o s;Name;v.o.s.;Failed;;;;;;;;0;HTTP 400 - The remote server returned an error: (400) Bad Request.;2026-09-11T07:28:52.8025296Z;15;RE: AUTOCAMP - Sedmihorky veřejná obchodní společnost-Fw: dokumenty dedictvi Sasa Rakosnikova;v.o.s
optimal consulting s r o;Name;Optimal Consulting s.r.o.;Found;29268087;OPTIMAL Consulting, s.r.o.;SpoleÄŤnost s ruÄŤenĂ­m omezenĂ˝m;112;Podmolí;č.p. 23, 66902 Podmolí;True;1;;2026-09-11T07:28:53.0292881Z;4;Re: Optimal Consulting s.r.o., IČ 29268087 - konzultace smlouvy o budoucí smlouvě kupní;29268087 OPTIMAL Consulting, s.r.o
realm stav s r o;Name;REALM Stav s.r.o.;Found;17242398;REALM Stav s.r.o.;SpoleÄŤnost s ruÄŤenĂ­m omezenĂ˝m;112;Praha;K hájovně 753/9, Libuš, 14200 Praha 4;True;1;;2026-09-11T07:28:53.2659675Z;7;RE: REALM Stav s.r.o., IČ 17242398 ;17242398 REALM Stav s.r.o
sr an markovic architektonicky atelier s r o;Name;Srđan Marković architektonický ateliér s.r.o.;NotFound;;;;;;;;0;no candidate in the register;2026-09-11T07:28:53.5206316Z;10;Fw: Srđan Marković architektonický ateliér s.r.o. 24208701 -dotaz klienta;24208701 SMAA s.r.o
dobsicke testoviny s r o;Name;Dobšické těstoviny s.r.o.;Found;27697797;DOBŠICKÉ TĚSTOVINY s.r.o.;SpoleÄŤnost s ruÄŤenĂ­m omezenĂ˝m;112;Bantice;č.p. 97, 67161 Bantice;True;1;;2026-09-11T07:28:54.1208827Z;3;Re: Dobšické těstoviny s.r.o., IČ 27697797 ;27697797 DOBŠICKÉ TĚSTOVINY s.r.o
74871340;Ico;74871340;Found;74871340;Andrea Kollárová;FyzickĂˇ osoba podnikajĂ­cĂ­ dle ĹľivnostenskĂ©ho zĂˇkona;101;Velká Polom;9. května 373, 74764 Velká Polom;True;0;;2026-09-11T07:28:54.1974532Z;4;MNDU MK - kupní smlouva k projektovému financování;74871340 MNDU MK s.r.o
mndu mk s r o;Name;MNDU MK s.r.o.;Found;23287659;MNDU MK s.r.o.;SpoleÄŤnost s ruÄŤenĂ­m omezenĂ˝m;112;Ostrava;Sládkova 372/8, Moravská Ostrava, 70200 Ostrava;True;1;;2026-09-11T07:28:54.5694230Z;4;MNDU MK - kupní smlouva k projektovému financování;74871340 MNDU MK s.r.o
spolecenstvi vlastniku domu ledenicka 497;Name;Společenství vlastníků domu Ledenická 497;Found;02264625;Společenství vlastníků domu Ledenická 497, České Budějovice;;145;České Budějovice;Ledenická 497/11, České Budějovice 5, 37006 České Budějovice;True;1;;2026-09-11T07:28:54.8212330Z;2;FW: Posouzení Zápisu ze shromáždění Ledenická 497;02264625 Společenství vlastníků domu Ledenická 497, České Budějovice
gelmat czech s r o;Name;GELMAT CZECH s.r.o.;NotFound;;;;;;;;0;no candidate in the register;2026-09-11T07:28:55.0315196Z;3;Fw: dotaz;10687904 CADUCO s.r.o
kontrola dokumentu statek vodnansky s r o;Name;Kontrola dokumentů Statek Vodňanský s.r.o.;NotFound;;;;;;;;0;no candidate in the register;2026-09-11T07:28:55.3374103Z;4;SBERBANK-Fw: Kontrola dokumentů Statek Vodňanský s.r.o. 038124-002;25083325 Sberbank CZ, a.s. v likvidaci
lecebne centrum s r o;Name;LÉČEBNÉ CENTRUM s.r.o.;Found;03967042;LÉČEBNÉ CENTRUM s.r.o.;SpoleÄŤnost s ruÄŤenĂ­m omezenĂ˝m;112;Havířov;Kochova 1227/2, Šumbark, 73601 Havířov;True;5;;2026-09-11T07:28:55.6613685Z;4;Re: LÉČEBNÉ CENTRUM s.r.o.-Fw: CPS: CPS - MSE: výsledek schvalování;03967042 LÉČEBNÉ CENTRUM s.r.o
vas novy byt s r o;Name;Váš Nový Byt s.r.o.;Found;21177155;Váš Nový Byt s.r.o.;SpoleÄŤnost s ruÄŤenĂ­m omezenĂ˝m;112;Praha;Hráského 2231/25, Chodov, 14800 Praha 4;True;3;;2026-09-11T07:28:55.8801157Z;7;Fw: Projektové financování na výstavbu 23 bytových jednotek - Váš Nový Byt s.r.o., IČ: 21177155;21177155 Váš Nový Byt s.r.o
a nemovitostni a s;Name;A-Nemovitostní a.s.;Found;19496460;A-Nemovitostní a.s.;AkciovĂˇ spoleÄŤnost;121;Rochov;č.p. 8, 41301 Rochov;True;1;;2026-09-11T07:28:56.1117477Z;3;RE: A-Nemovitostní a.s., IČ 19496460;19496460 A-Nemovitostní a.s
bufashion cz s r o;Name;BUfashion.cz s.r.o.;NotFound;;;;;;;;0;no candidate in the register;2026-09-11T07:28:56.3751575Z;1;Dotaz - úvěr č. 660932129;06399835 ALFA manufacture AG s.r.o
dispozice k uctu vinarstvi pfeffer s r o;Name;Dispozice k účtu Vinařství Pfeffer s.r.o.;NotFound;;;;;;;;0;no candidate in the register;2026-09-11T07:28:56.6428220Z;2;Dispozice k účtu Vinařství Pfeffer s.r.o. IČ: 27703550;27703550 Vinařství Pfeffer s.r.o
voracek agro s r o;Name;VORÁČEK AGRO s.r.o.;Found;06631096;VORÁČEK AGRO s.r.o.;SpoleÄŤnost s ruÄŤenĂ­m omezenĂ˝m;112;Šanov;U dráhy 7, 67168 Šanov;True;1;;2026-09-11T07:28:56.9360550Z;3;Re: VORÁČEK AGRO s.r.o., IČ: 06631096;06631096 VORÁČEK AGRO s.r.o
svj na valech;Name;SVJ Na Valech;NotFound;;;;;;;;0;no candidate in the register;2026-09-11T07:28:57.1862626Z;2;Re: SVJ Na Valech, ič 28864298, verifikace stanov, zápisu ze schůze;28864298 SPOLEČENSTVÍ VLASTNÍKŮ NA VALECH 283-16
elektroprojekce s r o;Name;elektroprojekce s.r.o.;NotFound;;;;;;;;5;5 candidate(s), none an exact name match;2026-09-11T07:28:58.4946155Z;9;Fw: Černý Strnad - elektroprojekce s.r.o. 19134894	, případ ID 2076671793;19134894 Černý Strnad - elektroprojekce s.r.o
prosim o konzultaci ke spolecnosti malang s r o;Name;Prosím o konzultaci ke společnosti MALANG s.r.o.;NotFound;;;;;;;;0;no candidate in the register;2026-09-11T07:28:58.6627450Z;3;Re: konzultace;27720993 MALANG s.r.o
mudr hojdikova s r o;Name;MUDr. Hojdíková s.r.o.;Found;04140249;MUDr. Helena Hojdíková s.r.o.;SpoleÄŤnost s ruÄŤenĂ­m omezenĂ˝m;112;Hradec Králové;Bratří Štefanů 895/1, Slezské Předměstí, 50003 Hradec Králové;True;1;;2026-09-11T07:28:58.9139042Z;5;Klient - MUDr. Hojdíková s.r.o., IČ 04140249;04140249 MUDr. Helena Hojdíková s.r.o
lamapro s r o;Name;Lamapro s.r.o.;Found;19898177;LAMAPRO s.r.o.;SpoleÄŤnost s ruÄŤenĂ­m omezenĂ˝m;112;Všemyslice;Neznašov 213, 37302 Všemyslice;True;1;;2026-09-11T07:28:59.1693812Z;5;Fw: Lamapro s.r.o. ičo 19898177;19898177 LAMAPRO s.r.o
svj dedinova;Name;SVJ Dědinova;NotFound;;;;;;;;0;no candidate in the register;2026-09-11T07:28:59.4483933Z;2;Fwd: SVJ Dědinova, IČ: 75131927 - poznámky ke smlouvám;75131927 Společenství vlastníků jednotek Dědinova 2006-8, Praha 4
bd cihadla s r o;Name;BD Čihadla s.r.o.;NotFound;;;;;;;;0;no candidate in the register;2026-09-11T07:28:59.7082972Z;7;Re: Smlouvy SOSBK - Projekt BD Pod Jezem - final znění vč. všech příloh pro kontrolu;06127801 Bytové domy Čihadla s.r.o
gabostav s r o;Name;Gabostav s.r.o.;Found;08885028;Gabostav s.r.o.;SpoleÄŤnost s ruÄŤenĂ­m omezenĂ˝m;112;Zbraslavice;č.p. 412, 28521 Zbraslavice;True;1;;2026-09-11T07:28:59.9536245Z;2;Re:  Gabostav s.r.o.;08885028 Gabostav s.r.o
kontrola dokumentu tachtech s r o;Name;Kontrola dokumentů TACHTECH s.r.o.;NotFound;;;;;;;;0;no candidate in the register;2026-09-11T07:29:00.2200013Z;4;FW: SBERBANK-Fw: Kontrola dokumentů TACHTECH s.r.o. 25031902;25031902 Průmyslové služby Krupka s.r.o
juston a s;Name;JUSTON a.s.;NotFound;;;;;;;;0;no candidate in the register;2026-09-11T07:29:00.4773116Z;3;Re: financování - účel úvěru;07556055 NANOSHIELD s.r.o
pedorin one s r o;Name;Pedorin One s.r.o.;Found;10686363;Pedorin One s.r.o.;SpoleÄŤnost s ruÄŤenĂ­m omezenĂ˝m;112;Praha;Kamenická 626/38, Holešovice, 17000 Praha 7;True;1;;2026-09-11T07:29:00.7583218Z;3;Fw: Pedorin One s.r.o.,  IČ 10686363,  v CPS 2061094483;10686363 Pedorin One s.r.o
10801499;Ico;10801499;Found;10801499;Společenství vlastníků K Jeslím 444, Semily;;145;Semily;K Jeslím 444, Podmoklice, 51301 Semily;True;0;;2026-09-11T07:29:00.9433686Z;2;Společenství vlastníků K Jeslím 444, Semily-Fw: Shromáždění SVJ 444 - zápis;10801499 SVJ 444 - zápis
svj 444 zapis;Name;SVJ 444 - zápis;NotFound;;;;;;;;0;no candidate in the register;2026-09-11T07:29:01.3199263Z;2;Společenství vlastníků K Jeslím 444, Semily-Fw: Shromáždění SVJ 444 - zápis;10801499 SVJ 444 - zápis
janakiev group s r o;Name;Janakiev Group s.r.o.;Found;08342105;Janakiev Group s.r.o.;SpoleÄŤnost s ruÄŤenĂ­m omezenĂ˝m;112;Lomnice nad Popelkou;5. května 754, 51251 Lomnice nad Popelkou;True;1;;2026-09-11T07:29:01.5440315Z;6;Re: KOnzultace k vypořádání kupní ceny Janakiev Group s.r.o. 08342105;08342105 Janakiev Group s.r.o
taka factory s r o;Name;TAKA FACTORY s.r.o.;Found;48539392;TAKA FACTORY s.r.o.;SpoleÄŤnost s ruÄŤenĂ­m omezenĂ˝m;112;Nýrsko;U Banky 130, 34022 Nýrsko;True;1;;2026-09-11T07:29:01.8197162Z;1;Re: Konzultace plné moc TAKA INVEST s.r.o., TAKA FACTORY s.r.o.;48539392 TAKA FACTORY s.r.o
pr s r o;Name;PR s.r.o.;NotFound;;;;;;;;5;5 candidate(s), none an exact name match;2026-09-11T07:29:02.2004783Z;2;Pro PR s.r.o.,  IČ: 27552268;27552268 Pro PR s.r.o
jedna se o klienta solid property a s;Name;Jedná se o klienta SOLID PROPERTY a.s.;NotFound;;;;;;;;0;no candidate in the register;2026-09-11T07:29:02.3431734Z;1;Fw: SOLID PROPERTY _ Zápis z valné hromady aval biankosměnky upraveny, Listina přítomných a Potvrzeni dozorčí rady;28198816 SOLID PROPERTY a.s
asphericon s r o;Name;asphericon s.r.o.;Found;04670361;asphericon s.r.o.;SpoleÄŤnost s ruÄŤenĂ­m omezenĂ˝m;112;Jeřmanice;Milířská 449, 46312 Jeřmanice;True;1;;2026-09-11T07:29:02.7054307Z;4;"Fw: asphericon s.r.o., IČ 04670361 - Dotaz k financování s ""existencí"" zahraniční matky (75 %)";04670361 asphericon s.r.o
lchaim s r o;Name;Lchaim s.r.o.;Found;26776791;Lchaim s.r.o.;SpoleÄŤnost s ruÄŤenĂ­m omezenĂ˝m;112;Praha;Heřmanova 558/47, Holešovice, 17000 Praha 7;True;1;;2026-09-11T07:29:02.8824906Z;4;RE: Lchaim s.r.o., IČ 26776791;26776791 Lchaim s.r.o
pod cz s r o;Name;POD CZ s.r.o.;Found;07429649;POD CZ s.r.o.;SpoleÄŤnost s ruÄŤenĂ­m omezenĂ˝m;112;Praha;Jaurisova 515/4, Michle, 14000 Praha 4;True;2;;2026-09-11T07:29:03.1776755Z;3;Re: Podklady věc poptávky 6.5.2025;07429649 POD CZ s.r.o
spolecenstvi vlastniku jednotek bl 99;Name;Společenství vlastníků jednotek bl. 99;NotFound;;;;;;;;2;2 candidate(s), none an exact name match;2026-09-11T07:29:03.4592503Z;1;RE: Znění textace na per rollam - Společenství vlastníků jednotek bl. 99, č.p. 2397, 2398, 2399, tř. Budovatelů, Most IČ 28751477;28751477 Společenství vlastníků jednotek bl. 99, č.p. 2397, 2398, 2399, tř. Budovatelů, Most
svj koliste;Name;SVJ Koliště.;NotFound;;;;;;;;0;no candidate in the register;2026-09-11T07:29:03.6634333Z;2;odnět k přezkumnému řízení;09408355 Společenství vlastníků domu Koliště 49, Brno
gefest auto s r o;Name;Gefest Auto s.r.o.;Found;07206011;Gefest Auto s.r.o.;SpoleÄŤnost s ruÄŤenĂ­m omezenĂ˝m;112;Ostrava;Emila Filly 296/13, Mariánské Hory, 70900 Ostrava;True;1;;2026-09-11T07:29:03.9371404Z;2;Fw: založení účtu - dotaz, IČ 072 06 011, Gefest Auto s.r.o.;07206011 Gefest Auto s.r.o
silmet pribram a s;Name;SILMET Příbram a.s.;Found;26210428;SILMET Příbram a.s.;AkciovĂˇ spoleÄŤnost;121;Příbram;Na Flusárně 168, Příbram III, 26101 Příbram;True;1;;2026-09-11T07:29:04.2155693Z;3;FW: dokumenty Kolín - smlouva o zápůjčce SIlmet a dokumenty z jednání dozorčí rady;17376815 LDM Group - Street Kolín s.r.o
24198005;Ico;24198005;Found;24198005;CREDO REAL GROUP a.s.;AkciovĂˇ spoleÄŤnost;121;Moravany;Luční 375/3, 66448 Moravany;True;0;;2026-09-11T07:29:04.3985731Z;4;Fw: CREDO REAL GROUP ;24198005 CREDO REAL GROUP a.s
credo real group a s;Name;CREDO REAL GROUP a.s.;Found;24198005;CREDO REAL GROUP a.s.;AkciovĂˇ spoleÄŤnost;121;Moravany;Luční 375/3, 66448 Moravany;True;1;;2026-09-11T07:29:04.7942297Z;4;Fw: CREDO REAL GROUP ;24198005 CREDO REAL GROUP a.s
dvtm s r o;Name;DVTM s.r.o.;Found;27673383;DVTM s.r.o.;SpoleÄŤnost s ruÄŤenĂ­m omezenĂ˝m;112;Zlín;Jarolímkovo náměstí 971, Malenovice, 76302 Zlín;True;1;;2026-09-11T07:29:04.9883925Z;1;Fw: podmínka čerpání - valná hromada - DVTM s.r.o.;27673383 DVTM s.r.o
galla group s r o;Name;Galla group s.r.o.;Found;08975990;Galla group s.r.o.;SpoleÄŤnost s ruÄŤenĂ­m omezenĂ˝m;112;Plzeň;Mozartova 2238/62, Bolevec, 32300 Plzeň;True;1;;2026-09-11T07:29:05.2424095Z;2;Dotaz;Galla group s.r.o
tcm point s r o;Name;TCM POINT s.r.o.;Found;28785517;TCM POINT s.r.o.;SpoleÄŤnost s ruÄŤenĂ­m omezenĂ˝m;112;Praha;Příčná 1892/4, Nové Město, 11000 Praha 1;True;1;;2026-09-11T07:29:05.4976040Z;3;Rozštěpení závodu TCM Point;11835761 MyTao s.r.o
jozzby s r o;Name;JOZZBY s.r.o.;Found;14245299;JOZZBY s.r.o.;SpoleÄŤnost s ruÄŤenĂ­m omezenĂ˝m;112;Praha;Rybná 716/24, Staré Město, 11000 Praha 1;True;1;;2026-09-11T07:29:05.7680314Z;3;Fw: JOZZBY s.r.o., IČ: 14245299 --- kontrola Kupní smlouvy --- prosím Urgent;14245299 JOZZBY s.r.o
profi tisk group s r o;Name;Profi-tisk group s.r.o.;Found;26868954;Profi-tisk group s.r.o.;SpoleÄŤnost s ruÄŤenĂ­m omezenĂ˝m;112;Olomouc;Chválkovická 223/5, Chválkovice, 77900 Olomouc;True;1;;2026-09-11T07:29:06.0598797Z;2;Fw: Jiří Kalbáč / 8009-05-13-12.13.29.789902 / CPS ID 2051804541;26868954 Profi-tisk group s.r.o
janteco s r o;Name;Janteco s.r.o.;Found;04496515;Janteco s.r.o.;SpoleÄŤnost s ruÄŤenĂ­m omezenĂ˝m;112;Brno;Příkop 838/6, Zábrdovice, 60200 Brno;True;1;;2026-09-11T07:29:06.3089229Z;3;RE: Janteco s.r.o.-Fw: Dotaz , prosba ;04496515 Janteco s.r.o
moravianna vinohrady s r o;Name;Moravianna Vinohrady s.r.o.;Found;19288999;MORAVIANNA Vinohrady s.r.o.;SpoleÄŤnost s ruÄŤenĂ­m omezenĂ˝m;112;Praha;Moravská 1401/38, Vinohrady, 12000 Praha 2;True;1;;2026-09-11T07:29:06.5646765Z;4;Re: Zástavní smlouva ;Moravianna Vinohrady s.r.o
look ever gold s r o;Name;LOOK EVER GOLD s.r.o.;Found;06808131;LOOK EVER GOLD s.r.o.;SpoleÄŤnost s ruÄŤenĂ­m omezenĂ˝m;112;Praha;Průmyslová 566/5, Malešice, 10800 Praha 10;True;1;;2026-09-11T07:29:06.8231442Z;11;Re: LOOK EVER GOLD s.r.o., IČ: 06808131;06808131 LOOK EVER GOLD s.r.o
dajan obchodni s r o;Name;DAJAN obchodní s.r.o.;NotFound;;;;;;;;0;no candidate in the register;2026-09-11T07:29:07.0701858Z;3;Re: CRU - správa klientů (zaniklí klienti) - 0800 - nedořešené zaniklé subjekty od 11/2020;60917415 EUC Klinika a.s
esthes spol s r o;Name;ESTHES spol. s r.o.;Found;27729893;ESTHES spol. s r.o.;SpoleÄŤnost s ruÄŤenĂ­m omezenĂ˝m;112;Třebíč;Sokolská 187/3, Horka-Domky, 67401 Třebíč;True;1;;2026-09-11T07:29:07.3398392Z;6;Fw: ESTHES spol. s r.o.  , IČ 27729893;27729893 ESTHES spol. s r.o
potraviny predin s r o;Name;Potraviny Předín s.r.o.;Found;26217104;Potraviny Předín s.r.o.;SpoleÄŤnost s ruÄŤenĂ­m omezenĂ˝m;112;Předín;č.p. 35, 67527 Předín;True;1;;2026-09-11T07:29:07.6022359Z;2;Fw: Zjištěné informace ze schůzky s klientem;26217104 Potraviny Předín s.r.o
cloverleaf group s r o;Name;Cloverleaf group s.r.o.;Found;05295475;Cloverleaf group s.r.o.;SpoleÄŤnost s ruÄŤenĂ­m omezenĂ˝m;112;Ostrava;Puchmajerova 489/7, Moravská Ostrava, 70200 Ostrava;True;1;;2026-09-11T07:29:07.9429377Z;4;Cloverleaf group s.r.o.-Fw: Cloverleaf - korporátní souhlas;05295475 Cloverleaf group s.r.o
svj u lesoparku 739;Name;SVJ U Lesoparku 739;NotFound;;;;;;;;0;no candidate in the register;2026-09-11T07:29:08.1192077Z;1;Dotaz k účelu úvěru pro SVJ U Lesoparku 739;28281101 AZ - fruit, s.r.o
cha ty ratmirov s r o;Name;Cha ty Ratmírov s.r.o.;NotFound;;;;;;;;0;no candidate in the register;2026-09-11T07:29:08.3749589Z;1;Chaty Ratmírov - kupní smlouva + plná moc k posouzení;05272947 Chaty Ratmírov s.r.o
morczinek s r o;Name;Morczinek s.r.o.;NotFound;;;;;;;;0;no candidate in the register;2026-09-11T07:29:08.6440976Z;2;Fw: Jednání za klienta - firmu Morczinek s.r.o., IC 25881370;25881370 Morcinek, s.r.o
freax media group s r o;Name;Freax Media Group s.r.o.;NotFound;;;;;;;;0;no candidate in the register;2026-09-11T07:29:08.8879824Z;3;posouzení znění Rozhodnutí jediného společníka k případu ID 2073705267;24851507 Deditus Group s.r.o
svj c drahlovskeho 871 17;Name;SVJ - Č. Drahlovského 871/17;NotFound;;;;;;;;0;no candidate in the register;2026-09-11T07:29:09.1735327Z;5;SVJ - Č. Drahlovského 871/17 - Smlouva o úvěru - předčasné splacení úvěru;SVJ - Č. Drahlovského 871-17
strange training s r o;Name;Strange Training s.r.o.;Found;08268509;Strange Training s.r.o.;SpoleÄŤnost s ruÄŤenĂ­m omezenĂ˝m;112;Žerůtky;č.p. 72, 67151 Žerůtky;True;1;;2026-09-11T07:29:09.4333558Z;6;FW: Strange Training s.r.o. ičo: 08268509 - valná hromada;08268509 Strange Training s.r.o
konzultace kovo fritz s r o;Name;Konzultace KOVO FRITZ? s.r.o.;NotFound;;;;;;;;0;no candidate in the register;2026-09-11T07:29:09.6797106Z;7;Re: Konzultace KOVO FRITZ? s.r.o., IČ 28143795;28143795 KOVO FRITZ s.r.o
ulrichova vila s r o;Name;Ulrichova Vila s.r.o.;Found;22317171;Ulrichova Vila s.r.o.;SpoleÄŤnost s ruÄŤenĂ­m omezenĂ˝m;112;Nový Bydžov;Třída B. Smetany 1813, 50401 Nový Bydžov;True;1;;2026-09-11T07:29:09.9338987Z;3;Fw: Posouzení SoDo k projektovému financování Ulrichova Vila;22317171 Ulrichova Vila s.r.o
realdata spol s r o;Name;RealData spol. s.r.o.;Found;26253119;RealData spol.s r.o.;SpoleÄŤnost s ruÄŤenĂ­m omezenĂ˝m;112;Brno;Cejl 858/7, Zábrdovice, 60200 Brno;True;1;;2026-09-11T07:29:10.2186217Z;2;FW: prosím o právní posouzení;RealData spol. s.r.o
gemo a s;Name;GEMO a.s.;Found;13642464;GEMO a.s.;AkciovĂˇ spoleÄŤnost;121;Olomouc;Dlouhá 562/22, Lazce, 77900 Olomouc;True;3;;2026-09-11T07:29:10.5041043Z;6;Re: GEMO a ESSO Jaromír Uhýrek Group - DOTAZ;GEMO a.s
05088399;Ico;05088399;Found;05088399;ChampionBet Group SE;;932;Praha;Letenské náměstí 157/4, Bubeneč, 17000 Praha 7;True;0;;2026-09-11T07:29:10.6636792Z;2;Žádost o posouzení plné moci - ChampionBet Group SE;05088399 a.s
venamo s r o;Name;VENAMO s.r.o.;Found;60730340;VENAMO s.r.o.;SpoleÄŤnost s ruÄŤenĂ­m omezenĂ˝m;112;Veselí nad Moravou;Zámecká 7, 69801 Veselí nad Moravou;True;1;;2026-09-11T07:29:11.0413202Z;3;60730340 VENAMO s.r.o. - zápis z valné hromady;60730340 VENAMO s.r.o
relax valtice s r o;Name;Relax Valtice s.r.o.;Found;27667251;Relax Valtice s.r.o.;SpoleÄŤnost s ruÄŤenĂ­m omezenĂ˝m;112;Valtice;Břeclavská 1100, 69142 Valtice;True;1;;2026-09-11T07:29:11.2972439Z;3;Relax Valtice s.r.o.;27667251 Relax Valtice s.r.o
south moravia apartments s r o;Name;South Moravia Apartments s.r.o.;Found;19404026;South Moravia apartments s.r.o.;SpoleÄŤnost s ruÄŤenĂ­m omezenĂ˝m;112;Břeclav;Lednická 729/159, Charvátská Nová Ves, 69006 Břeclav;True;1;;2026-09-11T07:29:11.5172445Z;7;South Moravia Apartments s.r.o. IČ: 19404026 ;19404026 South Moravia apartments s.r.o
26108071;Ico;26108071;Found;26108071;Společenství vlastníků jednotek tř. 28. října 1307/26;;145;České Budějovice;tř. 28. října 1307/26, České Budějovice 3, 37001 České Budějovice;True;0;;2026-09-11T07:29:11.7217965Z;4;Fw: SVJ  tř. 28. října 1307/26 ČB - zápisy ke kontrole;26108071 SVJ tř. 28. října 1307-26 ČB - zápisy ke kontrole
s vision s r o;Name;S-Vision s.r.o.;Found;04474694;S-Vision s.r.o.;SpoleÄŤnost s ruÄŤenĂ­m omezenĂ˝m;112;Pecka;Staňkov 16, 50782 Pecka;True;1;;2026-09-11T07:29:12.0884222Z;5;FW: S-Vision s.r.o._Fw: ID 2051467065;04474694 S-Vision s.r.o
d3 reality s r o;Name;D3 Reality s.r.o.;Found;07832524;D3 Reality s.r.o.;SpoleÄŤnost s ruÄŤenĂ­m omezenĂ˝m;112;Nebahovy;č.p. 105, 38401 Nebahovy;True;1;;2026-09-11T07:29:12.2979933Z;7;Re: D3 Reality s.r.o. 07832524	2066886133;07832524 D3 Reality s.r.o
posouzeni small property invest s r o;Name;Posouzení Small Property Invest s.r.o.;NotFound;;;;;;;;0;no candidate in the register;2026-09-11T07:29:12.5624051Z;4;Re: Posouzení Small Property Invest s.r.o. 21708673	2074121194 0627439199;21708673 Small Property Invest s.r.o
27659101;Ico;27659101;Found;27659101;Vila Děvín, s.r.o.;SpoleÄŤnost s ruÄŤenĂ­m omezenĂ˝m;112;Praha;Švédská 635/8, Smíchov, 15000 Praha 5;True;0;;2026-09-11T07:29:12.7748626Z;2;Fw: plná moc - Vila Děvín IČ ;27659101 s.r.o
budy pod horou s r o;Name;Budy Pod Horou s.r.o.;Found;06305598;Budy Pod Horou s.r.o.;SpoleÄŤnost s ruÄŤenĂ­m omezenĂ˝m;112;Mutěnice;č.ev. 1125, 69611 Mutěnice;True;1;;2026-09-11T07:29:13.1421093Z;2;RE: Budy Pod Horou s.r.o. IC 06305598, úvěr 0728952119;06305598 Budy Pod Horou s.r.o
kaja projekt a s;Name;KAJA projekt a.s.;NotFound;;;;;;;;0;no candidate in the register;2026-09-11T07:29:13.3385093Z;3;Fw: KAJA projekt a.s. IČ:260 41 138;26041138 KAJA project a.s
chce toto s r o;Name;Chce toto s.r.o.;NotFound;;;;;;;;0;no candidate in the register;2026-09-11T07:29:13.6105192Z;6;Fw: prodej závodu;Chce toto s.r.o
wash me cz s r o;Name;Wash me CZ s.r.o.;Found;06368557;Wash Me CZ s.r.o.;SpoleÄŤnost s ruÄŤenĂ­m omezenĂ˝m;112;Luhačovice;Uherskobrodská č.ev. 38, 76326 Luhačovice;True;1;;2026-09-11T07:29:13.8895398Z;4;Re: Wash me CZ s.r.o., IČ 06368557 - podpis směnky s avalem;06368557 Wash Me CZ s.r.o
starstav s r o;Name;STARSTAV s.r.o.;Found;63074419;STARSTAV s.r.o.;SpoleÄŤnost s ruÄŤenĂ­m omezenĂ˝m;112;Praha;Počernická 513/56, Malešice, 10800 Praha 10;True;5;;2026-09-11T07:29:14.2022517Z;3;Re: STARSTAV s.r.o. IČ: 63074419 (smlouva o úvěru se zápočtem);63074419 STARSTAV s.r.o
ceske hory s r o;Name;České hory s.r.o.;Found;08190721;České hory s.r.o.;SpoleÄŤnost s ruÄŤenĂ­m omezenĂ˝m;112;Malé Kyšice;Vyhlídková č.ev. 140, 27351 Malé Kyšice;True;1;;2026-09-11T07:29:14.3973713Z;8;Fw: České hory s.r.o., IČ: 08190721;08190721 České hory s.r.o
axa racing s r o;Name;AXA Racing s.r.o.;Found;19842465;AXA Racing s.r.o.;SpoleÄŤnost s ruÄŤenĂ­m omezenĂ˝m;112;Činěves;č.p. 294, 28901 Činěves;True;1;;2026-09-11T07:29:14.6822803Z;4;AXA Racing s.r.o., IČ: 19842465;19842465 AXA Racing s.r.o
orna corporation v o s;Name;Orna Corporation v.o.s.;Found;46359800;Orna Corporation, v.o.s.;VeĹ™ejnĂˇ obchodnĂ­ spoleÄŤnost;111;Kladno;T. G. Masaryka 345, 27201 Kladno;True;1;;2026-09-11T07:29:14.9221502Z;2;Re: Tyršova Kladno;46359800 Orna Corporation, v.o.s
farber elektrotechnik s r o;Name;Färber Elektrotechnik s.r.o.;Found;28765362;Färber Elektrotechnik s.r.o.;SpoleÄŤnost s ruÄŤenĂ­m omezenĂ˝m;112;Žichlínek;č.p. 28, 56301 Žichlínek;True;1;;2026-09-11T07:29:15.1862731Z;2;Fw: Dotaz k pojištění vkladů _ klient: Färber Elektrotechnik s.r.o.;28765362 Färber Elektrotechnik s.r.o
svj okruzni ic 015 827 47 zapis;Name;SVJ Okružní IČ 015 827 47 - zápis;NotFound;;;;;;;;0;no candidate in the register;2026-09-11T07:29:15.4532652Z;3;Re: SVJ Okružní IČ 015 827 47 - zápis;01582747 Společenství vlastníků Okružní 873, Hradec Králové
motorsport24 s r o;Name;Motorsport24 s.r.o.;Found;08135282;Motorsport24 s.r.o.;SpoleÄŤnost s ruÄŤenĂ­m omezenĂ˝m;112;Praha;Antala Staška 511/40, Krč, 14000 Praha 4;True;1;;2026-09-11T07:29:15.7239035Z;3;Fw: Smlouva o dílo Motorsport24 s.r.o. 08135282 2054547821;08135282 Motorsport24 s.r.o
bautim s r o;Name;BAUTIM s.r.o.;Found;28268181;BAUTIM  s.r.o.;SpoleÄŤnost s ruÄŤenĂ­m omezenĂ˝m;112;Praha;Velenovského 3251/1, Záběhlice, 10600 Praha 10;True;1;;2026-09-11T07:29:16.0149859Z;7;Interflex, kontrola zápisu valné hromady firmy Bautim;BAUTIM s.r.o
c30 c a vallino s r o;Name;C30 C a vallino s.r.o.;NotFound;;;;;;;;0;no candidate in the register;2026-09-11T07:29:16.2455937Z;3;Fw: Karlštejn financovnání: Dobroslava Kožíšková;25732820 Cavallino s.r.o
svj jako pojistnik a adway jako vlastnik da souhlas s;Name;SVJ jako pojistník a Adway jako vlastník dá souhlas. S;NotFound;;;;;;;;0;no candidate in the register;2026-09-11T07:29:16.5608766Z;2;Pojistná smlouva Adway cps. 2079190371;SVJ jako pojistník a Adway jako vlastník dá souhlas. S
spolecenstvi vlastniku jednotek domu cp 260;Name;Společenství vlastníků jednotek domu čp. 260;Found;26077035;Společenství vlastníků jednotek domu čp. 260;;145;Strakonice;Povážská 260, Přední Ptákovice, 38601 Strakonice;True;1;;2026-09-11T07:29:16.8184925Z;3;kontrola zápisu Společenství vlastníků jednotek domu čp. 260, Jistebnice, IČ 28101138;28101138 Společenství vlastníků jednotek domu č.p. 260, Jistebnice
04473477;Ico;04473477;Found;04473477;REALITY GROUP ALFA a.s.;AkciovĂˇ spoleÄŤnost;121;Praha;Nad svahem 2046/8, Krč, 14000 Praha 4;True;0;;2026-09-11T07:29:16.9675222Z;2;Fw: PBH Sláma CLUID 2002-11-07-23.33.39.344784;04473477 REALITY GROUP ALFA a.s
reality group alfa a s;Name;REALITY GROUP ALFA a.s.;Found;04473477;REALITY GROUP ALFA a.s.;AkciovĂˇ spoleÄŤnost;121;Praha;Nad svahem 2046/8, Krč, 14000 Praha 4;True;1;;2026-09-11T07:29:17.3498950Z;2;Fw: PBH Sláma CLUID 2002-11-07-23.33.39.344784;04473477 REALITY GROUP ALFA a.s
bonus dental s r o;Name;Bonus Dental s.r.o.;Found;08314608;Bonus Dental s.r.o.;SpoleÄŤnost s ruÄŤenĂ­m omezenĂ˝m;112;Havířov;U Stružníku 1199/71, Bludovice, 73601 Havířov;True;1;;2026-09-11T07:29:17.5570925Z;3;Re: klient: Bonus Dental s.r.o., IČO 08314608, ID požadavku 2053490512;08314608 Bonus Dental s.r.o
adelinex invest a s;Name;ADELINEX Invest a.s.;Found;03887995;ADELINEX Invest a.s.;AkciovĂˇ spoleÄŤnost;121;Praha;U lužického semináře 99/22, Malá Strana, 11800 Praha 1;True;1;;2026-09-11T07:29:17.8388516Z;2;RE: ADELINEX Invest a.s. - IČ 03887995 - Rozhodnutí jediného akcionáře;03887995 ADELINEX Invest a.s
uspory energii ve spolecnosti zahradnictvi stastny spol s r o;Name;Úspory energií ve společnosti Zahradnictví Šťastný spol. s r.o.;NotFound;;;;;;;;0;no candidate in the register;2026-09-11T07:29:18.0820066Z;3;"Fw: 2044013948 _ Zahradnictví Šťastný spol. s r. o. _ úvěr 0608799199 _ ""Projekt"" _ Úspory energií ve společnosti Zahradnictví Šťastný spol. s r.o.";06477364 Zahradnictví Šťastný spol. s r. o
grocholovou z cs a s;Name;Grocholovou z ČS a.s.;NotFound;;;;;;;;0;no candidate in the register;2026-09-11T07:29:18.4540062Z;2;Fw: koncept sdružené smlouvy kupní;04769881 Mgr. VÍT FEBER, advokát
svj nebo i majitelu jednotek prislusneho svj;Name;SVJ nebo i majitelů jednotek příslušného SVJ);NotFound;;;;;;;;0;no candidate in the register;2026-09-11T07:29:18.6318827Z;1;Re: Úvěrová smlouva - SVJ;SVJ nebo i majitelů jednotek příslušného SVJ)
prosperity kv s r o;Name;Prosperity KV s.r.o.;NotFound;;;;;;;;0;no candidate in the register;2026-09-11T07:29:18.8742134Z;1;Re: Prosperity KV - kupní smlouva/ podřízení ;02687178 PROJEKT-CONSTRUCT s.r.o
eko les rekultivacni s r o;Name;Eko-les rekultivační s.r.o.;Found;26043173;Eko-les rekultivační, s.r.o.;SpoleÄŤnost s ruÄŤenĂ­m omezenĂ˝m;112;Praha;Slezská 1919/87, Vinohrady, 13000 Praha 3;True;1;;2026-09-11T07:29:19.1464758Z;3;Urgence - chyba ČS - Eko-les rekultivační s.r.o., IČ 26043173, č.úvěru 	729552109/0800;26043173 Eko-les rekultivační, s.r.o
spolecenstvi vlastniku glennova 2703 1;Name;Společenství vlastníků Glennova 2703/1;Found;25442295;Společenství vlastníků Glennova 2703/1,2704/3,2705/5;;145;Ústí nad Labem;Glennova 2705/5, Severní Terasa, 40011 Ústí nad Labem;True;1;;2026-09-11T07:29:19.4042440Z;6;Re: Fw: Společenství vlastníků Glennova 2703/1,2704/3,2705/5, IČ 25442295 - 3. část;25442295 Společenství vlastníků Glennova 2703-1,2704-3,2705-5
spolecenstvi vlastniku jednotek jugoslavska 2815;Name;Společenství vlastníků jednotek Jugoslávská 2815;NotFound;;;;;;;;0;no candidate in the register;2026-09-11T07:29:19.6913949Z;1;Re: Společenství vlastníků jednotek Jugoslávská 2815, IČ: 11922699;11922699 Společenství vlastníků Jugoslávská 2815, 2816
prosba ohledne smluv likrem s r o;Name;Prosba ohledně smluv LIKREM s.r.o.;NotFound;;;;;;;;0;no candidate in the register;2026-09-11T07:29:19.9269079Z;1;Re: Prosba ohledně smluv LIKREM s.r.o. - IČ 46712747 - obnova KTK novou smluvní dokumentací;46712747 LIKREM s.r.o
asas invest a s;Name;ASAS Invest a.s.;Found;05776023;ASAS Invest a.s.;AkciovĂˇ spoleÄŤnost;121;Trutnov;Zahradní 75, Dolní Staré Město, 54101 Trutnov;True;1;;2026-09-11T07:29:20.2244813Z;5;Fw: ASAS Invest - prodej společnosti;03880966 ASAS Invest a.s
zadatel horizon fuel cell europe s r o;Name;Žadatel Horizon Fuel Cell Europe s.r.o.;NotFound;;;;;;;;0;no candidate in the register;2026-09-11T07:29:20.4495521Z;3;Fw: OPS Posouzení avalu na směnce klient Žadatel Horizon Fuel Cell Europe s.r.o. RČ/IČ 24840220;24840220 Horizon Fuel Cell Europe s.r.o
citen s r o;Name;CITEN s.r.o.;Found;25595253;CITEN s.r.o.;SpoleÄŤnost s ruÄŤenĂ­m omezenĂ˝m;112;Brno;Křídlovická 41/28, Staré Brno, 60300 Brno;True;1;;2026-09-11T07:29:20.7255762Z;3;CITEN s.r.o., IČ 25595253 - klient migrovaný ze Sberban - KTK (vykrývací úvěr);25595253 CITEN s.r.o
konzultace pripadu palazzio stavebni s r o;Name;Konzultace případu Palazzio Stavební s.r.o.;NotFound;;;;;;;;0;no candidate in the register;2026-09-11T07:29:20.9894742Z;2;Re: Konzultace případu Palazzio Stavební s.r.o., IČ 24702226 - rozdělení nemovitosti;24702226 Palazzio stavební s.r.o
d d cv1720 s r o;Name;D-D CV1720 s.r.o.;Found;25495615;D-D CV1720 s.r.o.;SpoleÄŤnost s ruÄŤenĂ­m omezenĂ˝m;112;Chomutov;Blatenská 1720/58, 43001 Chomutov;True;1;;2026-09-11T07:29:21.2895894Z;3;Re: Dotaz firma D-D CV1720 s.r.o., IČO:  25495615;25495615 D-D CV1720 s.r.o
flenexa plus s r o;Name;Flenexa plus s.r.o.;Found;24741621;Flenexa plus s.r.o.;SpoleÄŤnost s ruÄŤenĂ­m omezenĂ˝m;112;Přáslavice;č.p. 335, 78354 Přáslavice;True;1;;2026-09-11T07:29:21.5343763Z;3;RE: Flenexa Plus s.r.o-Fw: Právní posouzení návrhu Dohody;24741621 Flenexa plus s.r.o
jakonstav s r o;Name;JAKonstav s.r.o.;Found;03489850;JAKonstav s.r.o.;SpoleÄŤnost s ruÄŤenĂ­m omezenĂ˝m;112;Vráž;Horní Stupice 254, 26711 Vráž;True;1;;2026-09-11T07:29:21.8294156Z;1;JAKonstav s.r.o-Fw: Žádost o kontrolu návrhu rozhodnutí jediného společníka - podmínka čerpání;01748432 AGRO Development s.r.o
svj odjizdi do zahranici a potrebuji provest cerpani;Name;SVJ odjíždí do zahraničí a potřebují provést čerpání.;NotFound;;;;;;;;0;no candidate in the register;2026-09-11T07:29:22.0382756Z;1;Urgence žádosti ID 2069911255;01711440 Společenství vlastníků Na Petříně 234, Kolín II
svj x bd stavebni bytove druzstvo decin ic 0004172;Name;SVJ x BD   STAVEBNÍ BYTOVÉ DRUŽSTVO DĚČÍN  IČ: 0004172;NotFound;;;;;;;;0;no candidate in the register;2026-09-11T07:29:22.3231804Z;3;Dotaz na možnost převzetí úvěru   SVJ x BD   STAVEBNÍ BYTOVÉ DRUŽSTVO DĚČÍN  IČ: 00041726 ;00041726 STAVEBNÍ BYTOVÉ DRUŽSTVO DĚČÍN
services s r o;Name;Services s.r.o.;Failed;;;;;;;;0;HTTP 400 - The remote server returned an error: (400) Bad Request.;2026-09-11T07:29:22.5773741Z;4;Fw: MC Systems & Services s.r.o., IČ 28252063;28252063 MC Systems & Services s.r.o
chirurgie s r o;Name;CHIRURGIE s.r.o.;NotFound;;;;;;;;5;5 candidate(s), none an exact name match;2026-09-11T07:29:22.9287775Z;5;Re: ID žádosti 2053342198,  ANGIO - CHIRURGIE s.r.o.;06196306 ANGIO - CHIRURGIE s.r.o
projekt premeny spolecnosti brackels limited s r o;Name;Projekt přeměny společnosti BRACKELS LIMITED s.r.o.;NotFound;;;;;;;;0;no candidate in the register;2026-09-11T07:29:23.1188938Z;4;Konzultace  k:  Projekt přeměny společnosti BRACKELS LIMITED s.r.o., IČ 26488191;26488191 BRACKELS LIMITED s.r.o
rezidence na plachte s r o;Name;Rezidence Na Plachtě s.r.o.;Found;28252161;Rezidence Na Plachtě s.r.o.;SpoleÄŤnost s ruÄŤenĂ­m omezenĂ˝m;112;Praha;Běžecká 2407/2, Břevnov, 16900 Praha 6;True;1;;2026-09-11T07:29:23.3662692Z;1;Re: Odsouhlasení vypuštění podmínky Korporátního souhlasu;28252161 Rezidence Na Plachtě s.r.o
a a s;Name;A a.s.;Failed;;;;;;;;0;HTTP 400 - The remote server returned an error: (400) Bad Request.;2026-09-11T07:29:23.6696163Z;1;koncept KS klient CLUID  8021-02-28-06.01.25.360270;26222230 SYNOT - A a.s
spolecnosti poskytnout ve prospech ceske sporitelny a s;Name;Společnosti poskytnout ve prospěch České spořitelny a.s.;NotFound;;;;;;;;0;no candidate in the register;2026-09-11T07:29:23.8925778Z;5;AMME Projekt s.r.o-Fw: Rozhodnutí jediného společníka;06381332 AMME Projekt s.r.o
29310971;Ico;29310971;Found;29310971;SWORTI s.r.o.;SpoleÄŤnost s ruÄŤenĂ­m omezenĂ˝m;112;Brno;Optátova 708/37, Jundrov, 63700 Brno;True;0;;2026-09-11T07:29:24.1030109Z;2;Fw: Rezidence F.N. s.r.o. - smluvní dokumentace k posouzení. ŽÁDOST/prosba;29310971 Rezidence F.N. s.r.o
rs vision s r o;Name;RS Vision s.r.o.;Found;06182623;RS Vision s.r.o.;SpoleÄŤnost s ruÄŤenĂ­m omezenĂ˝m;112;Jablonec nad Nisou;Mincovní 4477/5, 46601 Jablonec nad Nisou;True;2;;2026-09-11T07:29:24.4762585Z;2;Fw: RS Vision s.r.o. : SMART: Notifikace o přidělení úkolu Doplnění požadavku;07127707 RV Electronic s.r.o
tobias real s r o;Name;Tobiáš real s.r.o.;Found;23037016;Tobiáš real s.r.o.;SpoleÄŤnost s ruÄŤenĂ­m omezenĂ˝m;112;Frenštát pod Radhoštěm;Dráhy 173, 74401 Frenštát pod Radhoštěm;True;1;;2026-09-11T07:29:24.7035133Z;6;Re: smlouva o půjčce - Tobiáš real s.r.o., IČ/: 23037016;23037016 Tobiáš real s.r.o
bladent nmnm s r o;Name;Bladent NMNM s.r.o.;Found;29307074;Bladent NMNM s.r.o.;SpoleÄŤnost s ruÄŤenĂ­m omezenĂ˝m;112;Nové Město na Moravě;Štursova 111, 59231 Nové Město na Moravě;True;1;;2026-09-11T07:29:24.9838622Z;1;Fw: zákonné štěpení Bladent NMNM s.r.o., IČ 29307074;29307074 Bladent NMNM s.r.o
svj trebizskeho 382 pisek;Name;SVJ Třebízského 382 Písek;NotFound;;;;;;;;0;no candidate in the register;2026-09-11T07:29:25.2286755Z;3;FW: Kontrola zápisu SVJ Třebízského 382 Písek, Č 26105900;26105900 Společenství vlastníků jednotek domu č.p. 382 v Třebízského ulici v Písku
svj na takovou akci malo penez tak uvazuji o tom;Name;SVJ na takovou akci málo peněz. Tak uvažují o tom;NotFound;;;;;;;;0;no candidate in the register;2026-09-11T07:29:25.4862094Z;2;Fw: prosba - dotaz;SVJ na takovou akci málo peněz. Tak uvažují o tom
jd rezidence s r o;Name;JD Rezidence s.r.o.;Found;09882383;JD Rezidence s.r.o.;SpoleÄŤnost s ruÄŤenĂ­m omezenĂ˝m;112;Praha;U průhonu 1589/13a, Holešovice, 17000 Praha 7;True;1;;2026-09-11T07:29:25.7473045Z;4;Re: JD Rezidence s.r.o.  IČ 09882383  - Projektové financování - PRODEJ;09882383 JD Rezidence s.r.o
svj pardubice;Name;SVJ Pardubice;NotFound;;;;;;;;0;no candidate in the register;2026-09-11T07:29:26.0254720Z;5;Re: IČ 25967860, SVJ Pardubice, Žel.Pluku2046.;25967860 Společenství vlastníků jednotek v domě čp. 2046 ulice Železničního pluku v Pardubicích
28087925;Ico;28087925;Found;28087925;SERVICE CAR ASSISTANCE s.r.o.;SpoleÄŤnost s ruÄŤenĂ­m omezenĂ˝m;112;Boršov nad Vltavou;U Zámečku 615, Poříčí, 37382 Boršov nad Vltavou;True;0;;2026-09-11T07:29:26.2248347Z;5;Fw: Posouzení kupní smlouvy - SERVICE CAR ASSISTANCE s.r.o.;28087925 SERVICE CAR ASSISTANCE s.r.o
svj 447 448 449 iii sobeslav ic 26101378;Name;SVJ 447-448-449/III Soběslav - IČ 26101378;NotFound;;;;;;;;0;no candidate in the register;2026-09-11T07:29:26.5755349Z;3;Zápis SVJ 447-448-449/III Soběslav - IČ 26101378;26101378 Společenství vlastníků jednotek domu čp. 447-448-449-III Soběslav
parketarna byty s r o;Name;Parketárna byty s.r.o.;Found;05029741;Parketárna byty s.r.o.;SpoleÄŤnost s ruÄŤenĂ­m omezenĂ˝m;112;Úvaly;Arnoštova 374, 25082 Úvaly;True;1;;2026-09-11T07:29:26.8415747Z;3;Fw: Parketárna byty s.r.o. IČ: 05029741;05029741 Parketárna byty s.r.o
20220219;Ico;20220219;NotFound;20220219;;;;;;;0;not in the register;2026-09-11T07:29:26.9762185Z;1;úprava šablony: Žádost o úvěr - pro el. podepisování vícestatutárů;20220219 a.s
proflooring s r o;Name;ProFlooring s.r.o.;Found;24748064;ProFlooring s.r.o.;SpoleÄŤnost s ruÄŤenĂ­m omezenĂ˝m;112;Praha;Raichlova 2610/9, Stodůlky, 15500 Praha 5;True;1;;2026-09-11T07:29:27.4297426Z;4;Fw: ProFlooring s.r.o. ič: 24748064 - dodatek k hypo č. 496517109;24748064 ProFlooring s.r.o
j plus s s r o;Name;J plus S s.r.o.;Found;25404750;J plus S s.r.o.;SpoleÄŤnost s ruÄŤenĂ­m omezenĂ˝m;112;Hřensko;Mezná 37, 40502 Hřensko;True;5;;2026-09-11T07:29:27.7524444Z;2;Dotaz  ke klientovi 9008-07-19-04.24.46.791191;25404750 J plus S s.r.o
spolecenstvi vlastniku josefa suka 1592;Name;Společenství vlastníků, Josefa Suka 1592;Found;28739001;Společenství vlastníků, Josefa Suka 1592, Most;;145;Most;Josefa Suka 1592/3, 43401 Most;True;1;;2026-09-11T07:29:27.9075419Z;2;Re: Změna úrokové sazby - námitka k Vašemu stanovisku;28739001 Společenství vlastníků, Josefa Suka 1592, Most
11700009;Ico;11700009;Found;11700009;Andrea Vávrová;FyzickĂˇ osoba podnikajĂ­cĂ­ dle ĹľivnostenskĂ©ho zĂˇkona;101;Spojil;Na Příkopech 192, 53002 Spojil;True;0;;2026-09-11T07:29:28.0951731Z;1;Fw: SC0000000065808878 - zástava/omezení převodu;11700009 a.s
18009158;Ico;18009158;Found;18009158;Medexy s.r.o.;SpoleÄŤnost s ruÄŤenĂ­m omezenĂ˝m;112;Praha;Pod špitálem 1355, Zbraslav, 15600 Praha 5;True;0;;2026-09-11T07:29:28.3994700Z;2;Fw: Plná moc-Medexy založení účtu;18009158 MEDEXY s.r.o
medexy s r o;Name;MEDEXY s.r.o.;Found;18009158;Medexy s.r.o.;SpoleÄŤnost s ruÄŤenĂ­m omezenĂ˝m;112;Praha;Pod špitálem 1355, Zbraslav, 15600 Praha 5;True;1;;2026-09-11T07:29:28.8126788Z;2;Fw: Plná moc-Medexy založení účtu;18009158 MEDEXY s.r.o
svj v rejstriku svj;Name;SVJ v rejstříku SVJ;NotFound;;;;;;;;0;no candidate in the register;2026-09-11T07:29:29.0228889Z;4;FW: Zápis ze schůze SVJ;SVJ v rejstříku SVJ
senior haus vacov s r o;Name;Senior haus Vacov s.r.o.;NotFound;;;;;;;;0;no candidate in the register;2026-09-11T07:29:29.2382892Z;3;Fw: Senior haus Vacov s.r.o., IČ: 05890900;05890900 Senior haus Vacov s.r.o
idcm s r o;Name;IDCM s.r.o.;Found;10666630;IDCM s.r.o.;SpoleÄŤnost s ruÄŤenĂ­m omezenĂ˝m;112;Liberec;Hanychovská 328/10, Liberec III-Jeřáb, 46007 Liberec;True;1;;2026-09-11T07:29:29.4871192Z;7;Fw: Termínovník - IDCM s.r.o. (10666630) - 0660926159;10666630 IDCM s.r.o
ikomplet s r o;Name;Ikomplet s.r.o.;Found;25820761;iKOMPLET s.r.o.;SpoleÄŤnost s ruÄŤenĂ­m omezenĂ˝m;112;Prostějov;Šárka 1907/21, 79601 Prostějov;True;1;;2026-09-11T07:29:29.7727469Z;3;Re: Ikomplet s.r.o. IČ:  25820761 - odsouhlasení návrhů  znění zápisů z valných hromad (podmínka čerpání) ;25820761 iKOMPLET s.r.o
svj ico 26276704;Name;SVJ ičo: 26276704;NotFound;;;;;;;;0;no candidate in the register;2026-09-11T07:29:30.0101688Z;4;Fw: Dotaz SVJ ičo: 26276704;26276704 Společenství vlastníků jednotek bytového domu Rubanice 204, Strání
carter reproplus s r o;Name;Carter\ reproplus s.r.o.;NotFound;;;;;;;;0;no candidate in the register;2026-09-11T07:29:30.3061279Z;4;Fw: Dotaz Urgent - Carter Reproplus / Bontia - příslib ;Carter- reproplus s.r.o
spolecenstvi vlastniku domu pozvankou ze 6 5 2024 s timto programem schuzi spol;Name;společenství vlastníků domu pozvánkou ze  6.5.2024 s tímto programem Schůzi spol;NotFound;;;;;;;;0;no candidate in the register;2026-09-11T07:29:30.5635348Z;3;Fw: Arlet Jindřich ostrava ZÁPIS ZE SHROMÁŽDĚNÍ UPRAVŠENÝ PODLE PŘIPOMÍNEK PRÁVNÍHO ODD ČS;25870769 Společenství vlastníků jednotek obytného domu č.p. 1512-1, Ostrava - Zábřeh
gentlemen s group s r o;Name;Gentlemen´s Group s.r.o.;Found;04985311;Gentlemen´s Group s.r.o.;SpoleÄŤnost s ruÄŤenĂ­m omezenĂ˝m;112;Ostrava;Varenská 2723/51, Moravská Ostrava, 70200 Ostrava;True;1;;2026-09-11T07:29:30.8151535Z;4;"Kupní smlouva ; Gentlemen´s Group s.r.o. - 04985311";04985311 Gentlemen´s Group s.r.o
spolecenstvi vlastniku do doby zrizeni uctu spolecenstvi vlastniku jednotek na;Name;společenství vlastníků (do doby zřízení účtu společenství vlastníků jednotek na;NotFound;;;;;;;;0;no candidate in the register;2026-09-11T07:29:31.0712546Z;2;Fw: FW: nové LV Na Čečeličce 4   [#16/2021];07218532 FLY PROJECT 1, s.r.o
invest king pd s r o;Name;INVEST KING PD s.r.o.;Found;07804318;INVEST KING PD s.r.o.;SpoleÄŤnost s ruÄŤenĂ­m omezenĂ˝m;112;Praha;Revoluční 763/15, Staré Město, 11000 Praha 1;True;1;;2026-09-11T07:29:31.3292690Z;2;Re: žádost o součinnost;02702177 INVEST KING s.r.o
farma radostna s r o;Name;Farma Radostná s.r.o.;Found;23338300;Farma Radostná s.r.o.;SpoleÄŤnost s ruÄŤenĂ­m omezenĂ˝m;112;Svrkyně;č.p. 105, 25264 Svrkyně;True;1;;2026-09-11T07:29:31.5906532Z;3;Re: Automatická odpověď: Souhlasy VH k transakci Farma Radostná;Farma Radostná s.r.o
26007592;Ico;26007592;Found;26007592;FALCO SOKOL a.s.;AkciovĂˇ spoleÄŤnost;121;Lukavice;Vížky 5, 53821 Lukavice;True;0;;2026-09-11T07:29:31.7904849Z;2;Fw: FALCO SOKOL  a.s.;26007592 FALCO SOKOL a.s
michalek investments s r o;Name;MICHALEK Investments s.r.o.;Found;06173322;MICHALEK Investments s.r.o.;SpoleÄŤnost s ruÄŤenĂ­m omezenĂ˝m;112;Praha;Vojtěšská 211/6, Nové Město, 11000 Praha 1;True;1;;2026-09-11T07:29:32.1573683Z;2;Dotaz - zápis z valné hromady;06173322 MICHALEK Investments s.r.o
redfood s r o;Name;Redfood s.r.o.;Found;03621472;Redfood s.r.o.;SpoleÄŤnost s ruÄŤenĂ­m omezenĂ˝m;112;Smilovice;č.p. 173, 73955 Smilovice;True;1;;2026-09-11T07:29:32.3643425Z;3;SC0000000061648818 - Redfood s.r.o. - čú: 038209-002;25083325 Sberbank CZ, a.s. v likvidaci
svj nebo osobne predat clenovi vyboru svj;Name;SVJ nebo osobně předat členovi výboru SVJ);NotFound;;;;;;;;0;no candidate in the register;2026-09-11T07:29:32.6301452Z;6;FW: k nahlédnutí p. Gazdové;SVJ nebo osobně předat členovi výboru SVJ)
stavby nevoral s r o;Name;Stavby Nevoral s.r.o.;Found;09917136;Stavby Nevoral s.r.o.;SpoleÄŤnost s ruÄŤenĂ­m omezenĂ˝m;112;Znojmo;Zelenářská 24/11, 66902 Znojmo;True;1;;2026-09-11T07:29:32.8855044Z;3;Fw: Stavby Nevoral s.r.o., IČ 09917136 - konzultace kupních smluv;09917136 Stavby Nevoral s.r.o
matex pm s r o;Name;MATEX PM s.r.o.;Found;26390906;MATEX PM, s.r.o.;SpoleÄŤnost s ruÄŤenĂ­m omezenĂ˝m;112;Plzeň;Morseova 1126/5, Skvrňany, 30100 Plzeň;True;1;;2026-09-11T07:29:33.1330470Z;6;Odsouhlasení Plná moc sloučená, MATEX PM s.r.o., IČ: 26390906, ID žádosti: 2053617573;26390906 MATEX PM, s.r.o
develop tech s r o;Name;Develop Tech s.r.o.;Found;26768577;Develop Tech s.r.o.;SpoleÄŤnost s ruÄŤenĂ­m omezenĂ˝m;112;Praha;Paříkova 910/11a, Vysočany, 19000 Praha 9;True;3;;2026-09-11T07:29:33.4157113Z;2;Fw: Nesvadbová PBHU;26768577 Develop Tech s.r.o
i rezidence manesova s r o;Name;I REZIDENCE MÁNESOVA s.r.o.;NotFound;;;;;;;;0;no candidate in the register;2026-09-11T07:29:33.6668404Z;3;FW: Návrh kupní smlouvy k odsouhlasení I REZIDENCE MÁNESOVA s.r.o.;06701035 JUDr. Zuzana Schneider Valentová, advokátka
kabely pruska s r o;Name;Kabely Pruška s.r.o.;Found;26477084;Kabely Pruška s.r.o.;SpoleÄŤnost s ruÄŤenĂ­m omezenĂ˝m;112;Králův Dvůr;Průmyslová 774, 26701 Králův Dvůr;True;1;;2026-09-11T07:29:33.9238435Z;3;Fw: Kabely Pruška s.r.o., IČ: 26477084, žádost č. 2067628258;26477084 Kabely Pruška s.r.o
09225641;Ico;09225641;Found;09225641;Reality R s.r.o.;SpoleÄŤnost s ruÄŤenĂ­m omezenĂ˝m;112;Ostrava;Riegrova 181/45, Hrušov, 71100 Ostrava;True;0;;2026-09-11T07:29:34.1374692Z;2;Reality R s.r.o. _ případ 2049024113 _ Projektové financování koupě s následným prodejem b.j. Ostrava-Hrušov;09225641 Reality R s.r.o
reality r s r o;Name;Reality R s.r.o.;Failed;;;;;;;;0;HTTP 400 - The remote server returned an error: (400) Bad Request.;2026-09-11T07:29:34.4661101Z;4;Reality R s.r.o. _ případ 2049024113 _ Projektové financování koupě s následným prodejem b.j. Ostrava-Hrušov;09225641 Reality R s.r.o
prima solar s r o;Name;PRIMA SOLAR s.r.o.;Found;28358538;PRIMA SOLAR s.r.o.;SpoleÄŤnost s ruÄŤenĂ­m omezenĂ˝m;112;Rosice;Na Štěpnici 1252, 66501 Rosice;True;1;;2026-09-11T07:29:34.7428652Z;3;Fw: PRIMA SOLAR s.r.o. - 28358538 (0214448409) ;28358538 PRIMA SOLAR s.r.o
money alive residence s r o;Name;MONEY ALIVE RESIDENCE s.r.o.;Found;17567131;MONEY ALIVE RESIDENCE s.r.o.;SpoleÄŤnost s ruÄŤenĂ­m omezenĂ˝m;112;České Budějovice;Mikuláše z Husi 766/39, České Budějovice 4, 37004 České Budějovice;True;1;;2026-09-11T07:29:35.0339751Z;3;MONEY ALIVE RESIDENCE s.r.o., IČ: 17567131 - kontrola SOBKS - projektové financování;17567131 MONEY ALIVE RESIDENCE s.r.o
spolecenstvi vlastniku karla vika 362 a 363 v jicine;Name;Společenství vlastníků Karla Vika 362 a 363 v Jičíně;Found;06519512;Společenství vlastníků Karla Vika 362 a 363 v Jičíně;;145;Jičín;K. Vika 363, Nové Město, 50601 Jičín;True;1;;2026-09-11T07:29:35.2577829Z;3;Dotaz ohledně bodu čerpání - klient IĆ 06519512 -  Společenství vlastníků Karla Vika 362 a 363 v Jičíně;06519512 Společenství vlastníků Karla Vika 362 a 363 v Jičíně
svj je uvedeno v bodu 4 pism c zapisu;Name;SVJ je uvedeno v bodu 4 písm. c) Zápisu;NotFound;;;;;;;;0;no candidate in the register;2026-09-11T07:29:35.4788882Z;4;FW: 	 Společenství pro dům Družstevní 500, Lázně Bohdaneč-Fw: odsouhlasení zápisu ze shromáždění;SVJ je uvedeno v bodu 4 písm. c) Zápisu
septembernine s r o;Name;SeptemberNine s.r.o.;Found;19272529;SeptemberNine s.r.o.;SpoleÄŤnost s ruÄŤenĂ­m omezenĂ˝m;112;Praha;Americká 177/35, Vinohrady, 12000 Praha 2;True;1;;2026-09-11T07:29:35.7360848Z;13;RE: PBH Jan Hloušek 9005-06-12-20.26.03.387083;SeptemberNine s.r.o
dikadesign s r o;Name;DIKADESIGN s.r.o.;Found;01781600;DIKADESIGN s.r.o.;SpoleÄŤnost s ruÄŤenĂ­m omezenĂ˝m;112;Višňové;č.p. 393, 67138 Višňové;True;1;;2026-09-11T07:29:36.0155408Z;5;Fw: DIKADESIGN s.r.o., IČ: 01781600 - spěchá, děkuji! ;01781600 DIKADESIGN s.r.o
do prilohy davam smlouvu klienta agrigento s r o;Name;Do přílohy dávám smlouvu klienta AGRIGENTO s.r.o.;NotFound;;;;;;;;0;no candidate in the register;2026-09-11T07:29:36.2636310Z;2;Dokument smlouva o zastavení pohledávek z pojistných smluv - vyplnění PŘÍLOHY: Vzor oznámení o vzniku Zástavního práva. PROSBA;29198691 AGRIGENTO s.r.o
hospitality group s r o;Name;Hospitality Group s.r.o.;NotFound;;;;;;;;5;5 candidate(s), none an exact name match;2026-09-11T07:29:36.6049903Z;3;Re: Paní Jana Cahová, CLUID 1997-04-09-17.10.24.554729;29383005 Hospitality Group s.r.o
hamernik s r o;Name;Hamerník s.r.o.;Found;27465829;Hamerník s.r.o.;SpoleÄŤnost s ruÄŤenĂ­m omezenĂ˝m;112;Praha;Kunětická 2534/2, Vinohrady, 12000 Praha 2;True;2;;2026-09-11T07:29:36.8255540Z;6;Re: urgentní: korporátní souhlasy - Hamerník s.r.o., IČ/: 27465829, produkt: Provozní úvěr standard, požadavek: Nový MSE úvěr. Žádost je ve stavu: Podpis.;27465829 Hamerník s.r.o
4interior tiles s r o;Name;4interior&tiles s.r.o.;Found;06054552;4interior&tiles s.r.o.;SpoleÄŤnost s ruÄŤenĂ­m omezenĂ˝m;112;Praha;Ostrovní 2064/5, Nové Město, 11000 Praha 1;True;1;;2026-09-11T07:29:37.0508212Z;1;RE: Upravené dokumenty od klienta k čerpání úvěru, 4interior&tiles s.r.o., IČ: 06054552, SC0000000076375857;06054552 4interior&tiles s.r.o
sberbank ingstrem s r o;Name;SBERBANK-INGSTREM s.r.o.;NotFound;;;;;;;;0;no candidate in the register;2026-09-11T07:29:37.2939723Z;4;Re: SBERBANK-INGSTREM s.r.o.-Fw: Žádost o vyjádření k požadavku klienta;49975579 INGSTREM, s.r.o
4p stavebni s r o;Name;4P Stavební s.r.o.;Found;05008751;4P STAVEBNÍ s.r.o.;SpoleÄŤnost s ruÄŤenĂ­m omezenĂ˝m;112;Praha;Velflíkova 1428/4, Dejvice, 16000 Praha 6;True;1;;2026-09-11T07:29:37.5556418Z;3;RE: Kontrola smluv o zápůjčkách - Rezidence Obřanská;04893247 4P REAL s.r.o
ktz realinvest s r o;Name;KTZ Realinvest s.r.o.;Found;08374988;KTZ Realinvest s.r.o.;SpoleÄŤnost s ruÄŤenĂ­m omezenĂ˝m;112;Praha;Na vysoké I 346/11, Radlice, 15000 Praha 5;True;1;;2026-09-11T07:29:37.8357553Z;3;Prosba o posouzení PM pro uzavření nájemních smluv - klient KTZ Realinvest s.r.o., IČ/RČ: 08374988,;08374988 KTZ Realinvest s.r.o
fondu ceskeho bydleni sicav a s;Name;Fondu Českého Bydlení SICAV a.s.;NotFound;;;;;;;;0;no candidate in the register;2026-09-11T07:29:38.0725925Z;2;Fw:  Fondu Českého Bydlení SICAV a.s. ičo  06872778  -Právní posouzení – žádost o souhlas se zástavou účtů společností FČB ve prospěch třetí banky;06872778 Fond Českého Bydlení SICAV, a.s
svj nema v cs zadnou angazovanost je mozne na zaklade;Name;SVJ nemá v ČS žádnou angažovanost. Je možné na základě;NotFound;;;;;;;;0;no candidate in the register;2026-09-11T07:29:38.3374857Z;1;Re: žádost o radu;05018935 SPOLEČENSTVÍ VLASTNÍKŮ JEDNOTEK MATHONOVA 28
svj pro ucel uveru ic 06797156;Name;SVJ pro účel úvěru - IČ 06797156;NotFound;;;;;;;;0;no candidate in the register;2026-09-11T07:29:38.5858489Z;8;FW: Společenství vlastníků jednotek U Francouzů 1126 Třeboň-Fw: Posouzení Zápisu ze shromáždění SVJ pro účel úvěru - IČ 06797156;06797156 Společenství vlastníků jednotek U Francouzů 1126 Třeboň
rec service cz s r o;Name;Rec Service CZ s.r.o.;NotFound;;;;;;;;0;no candidate in the register;2026-09-11T07:29:38.8846459Z;2;Fw: Změna vlastnické struktury u firmy Rec Service CZ s.r.o., IČO: 10878696;10878696 Rec Servis CZ s.r.o
itn invest s r o;Name;ITN Invest s.r.o.;Found;04488555;ITN Invest s.r.o.;SpoleÄŤnost s ruÄŤenĂ­m omezenĂ˝m;112;Praha;Jaurisova 515/4, Michle, 14000 Praha 4;True;1;;2026-09-11T07:29:39.1328343Z;4;Re: ITN Invest s.r.o. 04488555-smlouva o dílo;04488555 ITN Invest s.r.o
kancelare simkova s r o;Name;Kanceláře Šimkova s.r.o.;Found;24778397;Kanceláře Šimkova s.r.o.;SpoleÄŤnost s ruÄŤenĂ­m omezenĂ˝m;112;Praha;Karla Engliše 3221/2, Smíchov, 15000 Praha 5;True;1;;2026-09-11T07:29:39.4073429Z;6;Fw: Kanceláře Šimkova s.r.o. IČ: 24778397;24778397 Kanceláře Šimkova s.r.o
spolecenstvi vlastniku jednotek cp 789 a 790 v jindrichove hradci ii fw zapis;Name;Společenství vlastníků jednotek čp. 789 a 790 v Jindřichově Hradci II-Fw: Zápis;NotFound;;;;;;;;0;no candidate in the register;2026-09-11T07:29:39.6596212Z;5;Re: Společenství vlastníků jednotek čp. 789 a 790 v Jindřichově Hradci II-Fw: Zápis 789-790/II J.Hradec - IČ 28123123;28123123 Společenství vlastníků jednotek čp. 789 a 790 v Jindřichově Hradci II
hornosusska stavebni s r o;Name;Hornosušská stavební s.r.o.;Found;01573870;Hornosušská stavební s.r.o.;SpoleÄŤnost s ruÄŤenĂ­m omezenĂ˝m;112;Horní Suchá;Chrost 986/11, 73535 Horní Suchá;True;1;;2026-09-11T07:29:39.9306299Z;5;RE: kontrola smluvní dokumentace;Hornosušská stavební s.r.o
mojestineni s r o;Name;mojeStínění s.r.o.;Found;07870990;mojeStínění s.r.o.;SpoleÄŤnost s ruÄŤenĂ­m omezenĂ˝m;112;Čisovice;Bojov 34, 25210 Čisovice;True;1;;2026-09-11T07:29:40.2030962Z;4;Plná moc - Úvěr na koupi pozemku pro společnost mojeStínění s.r.o., IČ 07870990;07870990 mojeStínění s.r.o
faun bk s r o;Name;FAUN BK s.r.o.;Found;63249812;FAUN BK s.r.o.;SpoleÄŤnost s ruÄŤenĂ­m omezenĂ˝m;112;Zbytiny;č.p. 111, 38441 Zbytiny;True;1;;2026-09-11T07:29:40.4955822Z;6;Fw: FAUN BK s.r.o.  IČ: 63249812    úvěry č. 0506606149 a 7073394153 ;63249812 FAUN BK s.r.o
haly vrato s r o;Name;Haly vráto s.r.o.;Found;08305129;Haly Vráto s.r.o.;SpoleÄŤnost s ruÄŤenĂ­m omezenĂ˝m;112;České Budějovice;U Jeslí 494/1, České Budějovice 4, 37001 České Budějovice;True;1;;2026-09-11T07:29:40.7343907Z;3;Re: Haly vráto s.r.o. - IČ 08305129 - konzultace Smlouvy o budoucí nájemní smlouvě ;08305129 Haly Vráto s.r.o
slamar services s r o;Name;SLAMAR services s.r.o.;Found;07451636;SLAMAR services s.r.o.;SpoleÄŤnost s ruÄŤenĂ­m omezenĂ˝m;112;Mníšek pod Brdy;Rymaně 1218, 25210 Mníšek pod Brdy;True;1;;2026-09-11T07:29:40.9929706Z;13;Re: SLAMAR services s.r.o. IČO: 07451636;07451636 SLAMAR services s.r.o
rpb house s r o;Name;RPB house s.r.o.;Found;08999554;RPB house s.r.o.;SpoleÄŤnost s ruÄŤenĂ­m omezenĂ˝m;112;Opava;Vojanova 2991/34, Předměstí, 74601 Opava;True;1;;2026-09-11T07:29:41.2449867Z;4;RE: Fwd:;RPB house s.r.o
04543181;Ico;04543181;Found;04543181;BUILDER CONSTRUCTIONS s.r.o.;SpoleÄŤnost s ruÄŤenĂ­m omezenĂ˝m;112;Praha;Magistrů 168/2, Michle, 14000 Praha 4;True;0;;2026-09-11T07:29:41.4501973Z;1;Re: dotaz/plná moc;04543181 a.s
svj zeleznicarska 3;Name;SVJ Želežničářská 3;NotFound;;;;;;;;0;no candidate in the register;2026-09-11T07:29:41.8121954Z;3;Společenství vlastníků Železničářská 3, Č. Budějovice-Fw: Posouzení Zápisu ze shromáždění - SVJ Želežničářská 3, ČB;26071657 Společenství vlastníků Železničářská 3, Č. Budějovice
00303354;Ico;00303354;ChecksumInvalid;00303354;;;;;;;0;modulo-11 check digit does not match;2026-09-11T07:29:41.8152883Z;1;urgence požadavku ID 2066170262;00303354
termitan s r o;Name;TERMITAN s.r.o.;Found;28384385;TERMITAN s.r.o.;SpoleÄŤnost s ruÄŤenĂ­m omezenĂ˝m;112;Praha;Na břehu 497/15, Vysočany, 19000 Praha 9;True;1;;2026-09-11T07:29:42.0212283Z;6;Fw: ID žádosti 2064988449, společnost TERMITAN s.r.o. IČ 28384385;28384385 TERMITAN s.r.o
auri fames s r o;Name;auri fames s.r.o.;NotFound;;;;;;;;0;no candidate in the register;2026-09-11T07:29:42.2881393Z;3;Fw: auri fames s.r.o., IČ: 06575544, ID žádosti:  2053141971, smlouva o zápůjčce koncept;06575544 MODERNÍ BYTY PRAHA s.r.o
euphrasia s r o;Name;EUPHRASIA s.r.o.;Found;26940345;EUPHRASIA s.r.o.;SpoleÄŤnost s ruÄŤenĂ­m omezenĂ˝m;112;Ořechov;Pavlíkova 240/67, 66444 Ořechov;True;5;;2026-09-11T07:29:42.5870473Z;4;Fw: Žádost o vyjádření k plánovaným změnám  EUPHRASIA s.r.o., ičo:26940345;26940345 EUPHRASIA s.r.o
elektro stech cb s r o;Name;Elektro Štěch CB s.r.o.;Found;25188283;Elektro Štěch CB s.r.o.;SpoleÄŤnost s ruÄŤenĂ­m omezenĂ˝m;112;České Budějovice;Fr. Ondříčka 417/52, České Budějovice 2, 37011 České Budějovice;True;1;;2026-09-11T07:29:42.7989552Z;2;Elektro Štěch CB s.r.o., IČ 25188283;25188283 Elektro Štěch CB s.r.o
08725896;Ico;08725896;Found;08725896;Bavorský dvůr Sezemice s.r.o.;SpoleÄŤnost s ruÄŤenĂ­m omezenĂ˝m;112;Sezemice;Na Vyhlídce 751, 53304 Sezemice;True;0;;2026-09-11T07:29:42.9973968Z;1;koncept zápisu z VH;08725896 a.s
outlet motors s r o;Name;Outlet Motors s.r.o.;Found;08865078;Outlet Motors s.r.o.;SpoleÄŤnost s ruÄŤenĂ­m omezenĂ˝m;112;Rašovice;č.p. 325, 68501 Rašovice;True;1;;2026-09-11T07:29:43.3661598Z;4;Outlet Motors s.r.o. ičo: 08865078 - koupě nemovitostí;08865078 Outlet Motors s.r.o
stamex s r o;Name;STAMEX s.r.o.;Found;64084256;STAMEX spol. s r.o.;SpoleÄŤnost s ruÄŤenĂ­m omezenĂ˝m;112;Březová;č.p. 8, 74744 Březová;True;1;;2026-09-11T07:29:43.5590959Z;3;Re: STAMEX s.r.o., IČ: 64084256;64084256 STAMEX spol. s r.o
medianna clinic s r o;Name;Medianna Clinic s.r.o.;Found;07661436;Medianna Clinic s.r.o.;SpoleÄŤnost s ruÄŤenĂ­m omezenĂ˝m;112;Praha;Nepilova 903/3, Vysočany, 19000 Praha 9;True;1;;2026-09-11T07:29:43.8351391Z;2;Re: vystavení dokumentace pro Medianna Clinic s.r.o., IČO: 07661436;07661436 Medianna Clinic s.r.o
rezidence havrani s r o;Name;Rezidence Havraní s.r.o.;Found;08542791;Rezidence Havraní s.r.o.;SpoleÄŤnost s ruÄŤenĂ­m omezenĂ˝m;112;Brno;Havraní 106/3, Černovice, 61800 Brno;True;1;;2026-09-11T07:29:44.1020695Z;3;Rezidence Havraní s.r.o. IČO 08542791;08542791 Rezidence Havraní s.r.o
zdenkem koubou a spolecnosti vodovody dk s r o;Name;Zdeňkem Koubou a společností VODOVODY DK s.r.o.;NotFound;;;;;;;;0;no candidate in the register;2026-09-11T07:29:44.3557187Z;6;Fw: Klient: Zdeněk Kouba, RČ 6809190135;Zdeňkem Koubou a společností VODOVODY DK s.r.o
svj ma od 03 2022 noveho statutarniho zastupce;Name;SVJ má od 03/2022 nového statutárního zástupce.;NotFound;;;;;;;;0;no candidate in the register;2026-09-11T07:29:44.6302356Z;1;Fw: žádost o radu;05018935 SPOLEČENSTVÍ VLASTNÍKŮ JEDNOTEK MATHONOVA 28
montessori institute prague s r o;Name;MONTESSORI INSTITUTE PRAGUE s.r.o.;Found;25434110;Montessori Institute Prague s.r.o.;SpoleÄŤnost s ruÄŤenĂ­m omezenĂ˝m;112;Praha;Pod radnicí 152/3, Košíře, 15000 Praha 5;True;1;;2026-09-11T07:29:44.9781925Z;5;MONTESSORI INSTITUTE PRAGUE s.r.o. IČO 25434110, kontrola správnosti Rozhodnutí jediného společníka;25434110 Montessori Institute Prague s.r.o
projekt holyne s r o;Name;Projekt Holyně s.r.o.;NotFound;;;;;;;;0;no candidate in the register;2026-09-11T07:29:45.1636244Z;4;Re: Projekt Holyně s.r.o.-Fw: Velká prosba od Martina Kopeckého z Dejvic - firma Projekt Holyně - změna právního typu společnosti;08208093 Rezidence Pod Lípou a.s
odkup casti obchodniho podilu spolecnosti agrigento s r o;Name;Odkup části obchodního podílu společnosti Agrigento s.r.o.;NotFound;;;;;;;;0;no candidate in the register;2026-09-11T07:29:45.4318060Z;3;Fw: Odkup části obchodního podílu společnosti Agrigento s.r.o. _ŽÁDOST o konzultaci;29198691 AGRIGENTO s.r.o
retimmo dobris a s;Name;RETIMMO Dobříš a.s.;Found;29277108;RETIMMO Dobříš a.s.;AkciovĂˇ spoleÄŤnost;121;Praha;Anglická 336/21, Vinohrady, 12000 Praha 2;True;1;;2026-09-11T07:29:45.7009737Z;6;Fw: Konzultace;29277108 RETIMMO Dobříš a.s
spolecenstvi vlastniku rostovska 19 8;Name;Společenství vlastníků ROSTOVSKÁ 19/8;Found;27065707;Společenství vlastníků ROSTOVSKÁ 19/8, Praha 10;;145;Praha;Rostovská 19/8, Vršovice, 10100 Praha 10;True;1;;2026-09-11T07:29:45.9878065Z;8;Re: Společenství vlastníků ROSTOVSKÁ 19/8, Praha 10 IČ: 27065707;27065707 Společenství vlastníků ROSTOVSKÁ 19-8, Praha 10
bd bo z kovsk a s r o;Name;BD Bo ž kovsk á s.r.o.;NotFound;;;;;;;;0;no candidate in the register;2026-09-11T07:29:46.2850330Z;4;Re: BD Božkovská;23275430 BD Božkovská s.r.o
svj smenka nahrazena rucitelskym prohlasenim vzor pr;Name;SVJ směnka nahrazena ručitelským prohlášením ( vzor pr;NotFound;;;;;;;;0;no candidate in the register;2026-09-11T07:29:46.4836711Z;2;Re: SVJ směnka nahrazena ručitelským prohlášením ( vzor pro klienta bez schválení riskem );SVJ směnka nahrazena ručitelským prohlášením ( vzor pr
ente investments s r o;Name;Ente Investments s.r.o.;Found;46883223;Ente Investments s.r.o.;SpoleÄŤnost s ruÄŤenĂ­m omezenĂ˝m;112;Praha;Libušská 11/216, Libuš, 14200 Praha 4;True;1;;2026-09-11T07:29:46.7466063Z;3;Fw: Ente Investments s.r.o. ič 46883223;46883223 Ente Investments s.r.o
spolecenstvi vlastniku jednotek domu oldrichova 398;Name;Společenství vlastníků jednotek domu Oldřichova 398;Found;26503654;Společenství vlastníků jednotek domu Oldřichova 398, Praha 2;;145;Praha;Oldřichova 398/24, Nusle, 12800 Praha 2;True;1;;2026-09-11T07:29:47.0071303Z;1;Fwd: Hypotéka_dokumenty;26503654 Společenství vlastníků jednotek domu Oldřichova 398, Praha 2
svj porizeni fve a tepelneho cerpadla posouzeni ucel;Name;SVJ pořízení FVE a tepelného čerpadla - posouzení účel;NotFound;;;;;;;;0;no candidate in the register;2026-09-11T07:29:47.2588779Z;3;SVJ pořízení FVE a tepelného čerpadla - posouzení účelu úvěru;28325630 Společenství vlastníků ČERNÁ POLE, nám. SNP 18-24
zsi s r o;Name;ZSI s.r.o.;Found;01701371;ZSI s.r.o.;SpoleÄŤnost s ruÄŤenĂ­m omezenĂ˝m;112;Horoměřice;Opuková 839, 25262 Horoměřice;True;1;;2026-09-11T07:29:47.5832553Z;5;Fw: plné moci ZSI s.r.o.;01701371 ZSI s.r.o
bohemia rent project c s r o;Name;Bohemia Rent Project C s.r.o.;Found;17759064;Bohemia Rent Project C s.r.o.;SpoleÄŤnost s ruÄŤenĂ­m omezenĂ˝m;112;Praha;Dominova 2463/15, Stodůlky, 15800 Praha 5;True;1;;2026-09-11T07:29:47.8113308Z;8;Fw: Žádost o právní stanovisko - posouzení úvěru pro Bohemia Rent Project C s.r.o. - 1. část;27447901 Bohemia HOME a.s
25062425;Ico;25062425;Found;25062425;MACON a.s.;AkciovĂˇ spoleÄŤnost;121;Praha;Hornokrčská 590/14, Krč, 14000 Praha 4;True;0;;2026-09-11T07:29:48.0408658Z;1;Stanovy a.s. Zápis VH;25062425 Stanovy a.s
stanovy a s;Name;Stanovy a.s.;NotFound;;;;;;;;0;no candidate in the register;2026-09-11T07:29:48.3769331Z;1;Stanovy a.s. Zápis VH;25062425 Stanovy a.s
sadia s r o;Name;Sadia s.r.o.;Found;29202027;Sadia s.r.o.;SpoleÄŤnost s ruÄŤenĂ­m omezenĂ˝m;112;Brno;Radnická 376/11, Brno-město, 60200 Brno;True;3;;2026-09-11T07:29:48.6907799Z;4;Sadia s.r.o., IČ 29202027 - úvěr ze Sberbank;29202027 Sadia s.r.o
design studio s r o;Name;Design Studio s.r.o.;NotFound;;;;;;;;5;5 candidate(s), none an exact name match;2026-09-11T07:29:48.9673088Z;8;Re: TYPO + Design Studio s.r.o.-Fw: Žádost o úpravu nové zástavní smlouvy a zachování kontinuity v návaznosti na existující zástavní smlouvu - klient Ing. Vladimír Borovička;45796491 TYPO + DESIGN STUDIO, s.r.o
08746923;Ico;08746923;Found;08746923;Vimark Holdings s.r.o.;SpoleÄŤnost s ruÄŤenĂ­m omezenĂ˝m;112;Vysoký Újezd;Pod Ovčínem 395, 26716 Vysoký Újezd;True;0;;2026-09-11T07:29:49.0543129Z;2;Vimark Holdings s.r.o.-Fw: Konzultace k návrhu SOD pro projektové financování;08746923 Vimark Holdings s.r.o
urgence dokumentace stracon medical s r o;Name;Urgence dokumentace STRACON MEDICAL s.r.o.;NotFound;;;;;;;;0;no candidate in the register;2026-09-11T07:29:49.4093151Z;2;Fw: Urgence dokumentace STRACON MEDICAL s.r.o. 11657758, ID žádosti 2071248779;11657758 Strakon medical s.r.o
svj posouzeni;Name;SVJ - posouzení;NotFound;;;;;;;;0;no candidate in the register;2026-09-11T07:29:49.6717416Z;1;Stanovy SVJ - posouzení;72061821 Společenství pro dům v Plzni, Ledecká 1198-18 a Ledecká 1199-20
lucern drevostavby s r o;Name;LUCERN dřevostavby s.r.o.;Found;29411874;LUCERN dřevostavby s.r.o.;SpoleÄŤnost s ruÄŤenĂ­m omezenĂ˝m;112;Praha;Údolní 280/15, Braník, 14700 Praha 4;True;1;;2026-09-11T07:29:49.9136602Z;2;Fw: SOD Lucern;29411874 LUCERN dřevostavby s.r.o
sidora ice s r o;Name;SIDORA ICE s.r.o.;Found;04657021;SIDORA ICE s.r.o.;SpoleÄŤnost s ruÄŤenĂ­m omezenĂ˝m;112;Přerov;Kosmákova 2827/42, Přerov I-Město, 75002 Přerov;True;1;;2026-09-11T07:29:50.1724150Z;2;Re: sberbank - balónové splátky;04697308 Vzdělávací středisko Hranice, s.r.o
svj ic 29250170;Name;SVJ ič 29250170;NotFound;;;;;;;;0;no candidate in the register;2026-09-11T07:29:50.4519213Z;3;FW: Společenství vlastníků jednotek domu Hluboká 269 ve Zlíně-Fw: kontrola zápisu SVJ ič 29250170;29250170 Společenství vlastníků jednotek domu Hluboká 269 ve Zlíně
mddr fadi akike s r o;Name;MDDr. FADI AKIKE s.r.o.;Found;02992329;MDDr. Fadi Akike s.r.o.;SpoleÄŤnost s ruÄŤenĂ­m omezenĂ˝m;112;Třinec;1. máje 500, Staré Město, 73961 Třinec;True;1;;2026-09-11T07:29:50.7028006Z;4;RE: MDDr. FADI AKIKE s.r.o., IČ: 02992329;02992329 MDDr. Fadi Akike s.r.o
spolecenstvi vlastniku jednotek sumavska 2949 1 a 2950 3 v usti nad labem;Name;Společenství vlastníků jednotek Šumavská 2949/1 a 2950/3 v Ústí nad Labem;Found;25443135;Společenství vlastníků jednotek Šumavská 2949/1 a 2950/3 v Ústí nad Labem;;145;Ústí nad Labem;Šumavská 2949/1, Severní Terasa, 40011 Ústí nad Labem;True;1;;2026-09-11T07:29:50.9818752Z;3;Společenství vlastníků jednotek Šumavská 2949/1 a 2950/3 v Ústí nad Labem, IČ 25443135;25443135 Společenství vlastníků jednotek Šumavská 2949-1 a 2950-3 v Ústí nad Labem
komparo realizace s r o;Name;KOMPARO REALIZACE s.r.o.;Found;01400088;KOMPARO realizace staveb s.r.o.;SpoleÄŤnost s ruÄŤenĂ­m omezenĂ˝m;112;Brno;Škroupova 4256/1, Židenice, 63600 Brno;True;1;;2026-09-11T07:29:51.2197345Z;2;Automatická odpověď: KOMPARO REALIZACE s.r.o., IČ: 01400088;01400088 KOMPARO realizace staveb s.r.o
svj nerudova 780 ic 27482600;Name;SVJ Nerudova 780 IČ 27482600;NotFound;;;;;;;;0;no candidate in the register;2026-09-11T07:29:51.4863902Z;3;Automatická odpověď: koncept zápisu  hlasování per rollam SVJ Nerudova 780 IČ 27482600;27482600 Společenství vlastníků jednotek domu č.p. 779 a 780 v Pardubicích
adp sanco s r o;Name;ADP-SANCO s.r.o.;Found;27685934;ADP - SANCO s.r.o.;SpoleÄŤnost s ruÄŤenĂ­m omezenĂ˝m;112;Prostějov;Vrahovická 721/109, Vrahovice, 79811 Prostějov;True;1;;2026-09-11T07:29:51.7479179Z;1;Re: ADP-SANCO s.r.o. ;27685934 ADP - SANCO s.r.o
ip4life s r o;Name;IP4life s.r.o.;Found;03404412;IP4life s.r.o.;SpoleÄŤnost s ruÄŤenĂ­m omezenĂ˝m;112;Praha;Plzeňská 3350/18, Smíchov, 15000 Praha 5;True;1;;2026-09-11T07:29:52.0159922Z;5;Fw: IP4life s.r.o., IČ 03404412;03404412 IP4life s.r.o
miksovsky trade s r o;Name;MIKŠOVSKÝ Trade s.r.o.;Found;01550551;MIKŠOVSKÝ Trade, s.r.o.;SpoleÄŤnost s ruÄŤenĂ­m omezenĂ˝m;112;Praha;Nademlejnská 600/1, Hloubětín, 19800 Praha 9;True;1;;2026-09-11T07:29:52.2857143Z;2;Fw: Celní bankovní záruka s platností na 2 roky, klient: MIKŠOVSKÝ Trade s.r.o., IČ 01550551;01550551 MIKŠOVSKÝ Trade, s.r.o
lacnovska s r o;Name;Lačnovská s.r.o.;Found;08572984;Lačnovská spol. s r.o.;SpoleÄŤnost s ruÄŤenĂ­m omezenĂ˝m;112;Praha;Lačnovská 20/14, Zličín, 15521 Praha 5;True;1;;2026-09-11T07:29:52.6018416Z;13;Lačnovská s.r.o., IČ: 08572984;08572984 Lačnovská spol. s r.o
tilia invest s r o;Name;TILIA Invest s.r.o.;Found;29374197;TILIA Invest s.r.o.;SpoleÄŤnost s ruÄŤenĂ­m omezenĂ˝m;112;Kuchařovice;Větrná 316, 66902 Kuchařovice;True;1;;2026-09-11T07:29:52.7885190Z;1;TILIA Invest s.r.o._zápis z valné hromady ;29374197 TILIA Invest s.r.o
svj 441 veseli nad luznici;Name;SVJ 441 Veselí nad Lužnicí;NotFound;;;;;;;;0;no candidate in the register;2026-09-11T07:29:53.0606915Z;4;Společenství domu Ak. Bydžovského 441-w: Kontrola zápisu SVJ 441 Veselí nad Lužnicí, IČ 28146328;28146328 Společenství domu Ak. Bydžovského 441
duo stav s r o;Name;DUO STAV s.r.o.;Found;25357522;DUO STAV s.r.o.;SpoleÄŤnost s ruÄŤenĂ­m omezenĂ˝m;112;Opava;U Lučního mlýna 1044/12, Kateřinky, 74705 Opava;True;1;;2026-09-11T07:29:53.3714267Z;1;Re: korporátní souhlas;06663958 HOME MONT s.r.o
manphire a s;Name;Manphire a.s.;Found;03402100;MANPHIRE, a.s.;AkciovĂˇ spoleÄŤnost;121;Praha;Hybernská 1009/24, Nové Město, 11000 Praha 1;True;1;;2026-09-11T07:29:53.6167743Z;3;Fw: ič 03402100 Manphire a.s.;03402100 MANPHIRE, a.s
smlouvy o uveru mezi ital est s r o;Name;Smlouvy o úvěru mezi ITAL-EST s.r.o.;NotFound;;;;;;;;0;no candidate in the register;2026-09-11T07:29:53.8635636Z;2;revize prohlášení a smlouva o úvěru - CPS 2075216828 ;Smlouvy o úvěru mezi ITAL-EST s.r.o
spolecenstvi vlastniku zeleznicarska 3;Name;Společenství vlastníků Železničářská 3;Found;26071657;Společenství vlastníků Železničářská 3, Č. Budějovice;;145;České Budějovice;Železničářská 1060/3, České Budějovice 5, 37006 České Budějovice;True;1;;2026-09-11T07:29:54.1779692Z;5;Fw: Společenství vlastníků Železničářská 3, Č. Budějovice-Fw: Posouzení Zápisu ze shromáždění - SVJ Želežničářská 3, ČB;26071657 Společenství vlastníků Železničářská 3, Č. Budějovice
sicav a s;Name;SICAV a.s.;NotFound;;;;;;;;5;5 candidate(s), none an exact name match;2026-09-11T07:29:54.4664866Z;3;Fw: Konzultace ohledně možnosti financování - vlastníkem klienta je SICAV a.s.;14177111 Silverline Fund SICAV a.s
03878830;Ico;03878830;Found;03878830;SUPER WASH II., s.r.o.;SpoleÄŤnost s ruÄŤenĂ­m omezenĂ˝m;112;Brno;Trnitá 543/16, Trnitá, 60200 Brno;True;0;;2026-09-11T07:29:54.6084111Z;3;Fw: KS - SW II;03878830 a.s
zmena jednatele a vlastnika tcr s r o;Name;Změna jednatele a vlastníka TCR s.r.o.;NotFound;;;;;;;;0;no candidate in the register;2026-09-11T07:29:54.9590298Z;4;Fw: Změna jednatele a vlastníka TCR s.r.o.;01781511 TCR s.r.o
trivel stavebni s r o;Name;Trivel Stavební s.r.o.;Found;19896701;Trivel Stavební s.r.o.;SpoleÄŤnost s ruÄŤenĂ­m omezenĂ˝m;112;Liberec;České mládeže 1096, Liberec VI-Rochlice, 46006 Liberec;True;1;;2026-09-11T07:29:55.1804010Z;3;Fw: Trivel s.r.o;19896701 Trivel Stavební s.r.o
supervize prorekonstav s r o;Name;Supervize ProRekonStav s.r.o.;NotFound;;;;;;;;0;no candidate in the register;2026-09-11T07:29:55.4398492Z;12;FW: Supervize ProRekonStav s.r.o. IČO 11845112, projektové financování ;11845112 ProRekonStav s.r.o
svj koupit cena za m2 je 500;Name;SVJ koupit. Cena za m2 je 500;NotFound;;;;;;;;0;no candidate in the register;2026-09-11T07:29:55.6983972Z;1;Konzultace;26780216 Společenství vlastníků domu 252 Týnec nad Sázavou
lignomax s r o;Name;LIGNOMAX s.r.o.;Found;27412491;LIGNOMAX s.r.o.;SpoleÄŤnost s ruÄŤenĂ­m omezenĂ˝m;112;Praha;Bečovská 1393/7, Uhříněves, 10400 Praha 10;True;1;;2026-09-11T07:29:55.9824078Z;1;LIGNOMAX s.r.o., IČ/RČ: 27412491;27412491 LIGNOMAX s.r.o
svj zeletava ic 26882884;Name;SVJ Želetava ič 26882884;NotFound;;;;;;;;0;no candidate in the register;2026-09-11T07:29:56.2297887Z;3;Automatická odpověď: SVJ Želetava ič 26882884;26882884 Společenství vlastníků jednotek v domě čp. 293 v Želetavě
mokson lift s r o;Name;Mokson lift s.r.o.;Found;09872361;Mokson lift s.r.o.;SpoleÄŤnost s ruÄŤenĂ­m omezenĂ˝m;112;Ostrava;Českobratrská 1403/2, Moravská Ostrava, 70200 Ostrava;True;1;;2026-09-11T07:29:56.5016817Z;4;Fw: Mokson lift s.r.o.;09872361 Mokson lift s.r.o
resort slapy s r o;Name;Resort slapy s.r.o.;Found;11726849;RESORT SLAPY s.r.o.;SpoleÄŤnost s ruÄŤenĂ­m omezenĂ˝m;112;Praha;Malátova 509/4, Smíchov, 15000 Praha 5;True;1;;2026-09-11T07:29:56.7652081Z;6;Fw: Resort slapy s.r.o. 11726849 ;11726849 RESORT SLAPY s.r.o
golem finance s r o;Name;GOLEM FINANCE s.r.o.;Found;26880547;GOLEM FINANCE s.r.o.;SpoleÄŤnost s ruÄŤenĂ­m omezenĂ˝m;112;Praha;Jeremenkova 763/88, Podolí, 14000 Praha 4;True;1;;2026-09-11T07:29:57.0449753Z;2;FW: Kupní smlouva - Dao;74976991 Martin Jindra
03961770;Ico;03961770;Found;03961770;BUILDERS PLUS s.r.o.;SpoleÄŤnost s ruÄŤenĂ­m omezenĂ˝m;112;Praha;Jičínská 226/17, Žižkov, 13000 Praha 3;True;0;;2026-09-11T07:29:57.2223129Z;3;kontrola KS - Nhu Quynh Hoang 8011-08-03-14.35.51.042252;03961770 a.s
20210701;Ico;20210701;NotFound;20210701;;;;;;;0;not in the register;2026-09-11T07:29:57.4499307Z;6;Fw: konzultace pro RISK odd. klient: Tomáš Michalík, IČ/RČ: 7709163847;20210701 a.s
m power engine s r o;Name;M POWER ENGINE s.r.o.;Found;06140688;M POWER ENGINE s.r.o.;SpoleÄŤnost s ruÄŤenĂ­m omezenĂ˝m;112;Chabařovice;č.p. 701, 40317 Chabařovice;True;2;;2026-09-11T07:29:57.8597873Z;2;Posouzení kupní smlouvy MPOWER ENGINE sr.o.;06140688 M POWER ENGINE s.r.o
anera spol s r o;Name;ANERA spol. s r.o.;Found;27371468;ANERA spol. s r.o.;SpoleÄŤnost s ruÄŤenĂ­m omezenĂ˝m;112;Čáslav;Plynárenská 1511, Čáslav-Nové Město, 28601 Čáslav;True;1;;2026-09-11T07:29:58.0884265Z;4;ANERA spol. s r.o. - zemřelý avalista;27371468 ANERA spol. s r.o
williams s r o;Name;WILLIAMS s.r.o.;NotFound;;;;;;;;5;5 candidate(s), none an exact name match;2026-09-11T07:29:58.4339358Z;3;Fw: Šlikova 16 - prodej domu ;27588785 SVOBODA & WILLIAMS s.r.o
vip kuch s r o;Name;Vip-kuch s.r.o.;Found;02435781;Vip-kuch s.r.o.;SpoleÄŤnost s ruÄŤenĂ­m omezenĂ˝m;112;Radonice;Ligasova 29, 25073 Radonice;True;1;;2026-09-11T07:29:58.5964949Z;5;Fw: Vip-kuch s.r.o. (IČO 02435781);02435781 Vip-kuch s.r.o
smart maintenance s r o;Name;smart maintenance s.r.o.;Found;06904149;smart maintenance s.r.o.;SpoleÄŤnost s ruÄŤenĂ­m omezenĂ˝m;112;Praha;Sychrovská 856/1, Kbely, 19700 Praha 9;True;1;;2026-09-11T07:29:58.8931744Z;3;FW: Rozhodnutí jediného společníka, smart maintenance s.r.o., IČ: 06904149, ú.ú. č. 0609584149;06904149 smart maintenance s.r.o
00000000;Ico;00000000;ChecksumInvalid;00000000;;;;;;;0;modulo-11 check digit does not match;2026-09-11T07:29:58.8977000Z;1;Fw: Busy Banking - generovaní popisku;00000000 XXX s.r.o
xxx s r o;Name;XXX s.r.o.;NotFound;;;;;;;;5;5 candidate(s), none an exact name match;2026-09-11T07:29:59.1572077Z;1;Fw: Busy Banking - generovaní popisku;00000000 XXX s.r.o
sedlaty s r o;Name;Sedlatý s.r.o.;Found;24827452;Advokátní kancelář Brož, Sedlatý s.r.o.;SpoleÄŤnost s ruÄŤenĂ­m omezenĂ˝m;112;Praha;Vinohradská 2828/151, Žižkov, 13000 Praha 3;True;1;;2026-09-11T07:29:59.3839592Z;2;Posouzeni Rozhodnuti jedineho akcionáře, klient Global Financial deceloplennt;24827452 Advokátní kancelář Brož, Sedlatý s.r.o
chytre stavby s r o;Name;Chytré stavby s.r.o.;Found;06252257;Chytré stavby s.r.o.;SpoleÄŤnost s ruÄŤenĂ­m omezenĂ˝m;112;Stavenice;č.p. 67, 78973 Stavenice;True;1;;2026-09-11T07:29:59.6344813Z;2;FW: Budoucí kupní smlouva;26813033 ARTOS CZ, spol. s r.o
genito s r o;Name;Genito s.r.o.;Found;03410064;Genito s.r.o.;SpoleÄŤnost s ruÄŤenĂ­m omezenĂ˝m;112;Zbraslavice;č.p. 412, 28521 Zbraslavice;True;2;;2026-09-11T07:29:59.9266062Z;3;Fw: Plná moc Genito;08885028 Gabostav s.r.o
mobilmont s r o;Name;Mobilmont s.r.o.;Found;03078043;Mobilmont s.r.o.;SpoleÄŤnost s ruÄŤenĂ­m omezenĂ˝m;112;České Budějovice;Prachatická 1205/17, České Budějovice 2, 37005 České Budějovice;True;1;;2026-09-11T07:30:00.1206348Z;3;Fw: Mobilmont s.r.o.  ič 03078043;03078043 Mobilmont s.r.o
ukonceni ktk ramce hteec service s r o;Name;Ukončení KTK rámce HTEEC Service s.r.o.;NotFound;;;;;;;;0;no candidate in the register;2026-09-11T07:30:00.3832444Z;5;Fw: Ukončení KTK rámce HTEEC Service s.r.o. IČ:29139619;29139619 HTEEC Service s.r.o
jedna se o firmu bretricon s r o;Name;Jedná se o firmu Bretricon s.r.o.;NotFound;;;;;;;;0;no candidate in the register;2026-09-11T07:30:00.6788373Z;2;Re: Smluvní dokumentace;07881916 Bretricon s.r.o
charset s r o;Name;CHARSET s.r.o.;Found;27227456;CHARSET s.r.o.;SpoleÄŤnost s ruÄŤenĂ­m omezenĂ˝m;112;Praha;Záhřebská 760/46, Vinohrady, 12000 Praha 2;True;1;;2026-09-11T07:30:00.9405057Z;3;SBERBANK_Fw: CHARSET s.r.o. - čú: 038212-001 - SBERBANK;25083325 Sberbank CZ, a.s. v likvidaci
meskar spido s r o;Name;MESKAR SPÍDO s.r.o.;Found;27138640;MESKAR SPÍDO, s.r.o.;SpoleÄŤnost s ruÄŤenĂ­m omezenĂ˝m;112;Praha;Malobřevnovská 626/21, Břevnov, 16900 Praha 6;True;1;;2026-09-11T07:30:01.2295056Z;2;Re: Meskař Spído - kontrola smluv;27138640 MESKAR SPÍDO, s.r.o
svj aloisina vysina 446 11 liberec 27270271;Name;SVJ Aloisina Výšina 446/11 Liberec 27270271;NotFound;;;;;;;;0;no candidate in the register;2026-09-11T07:30:01.4775533Z;3;FW: SVJ Aloisina Výšina 446/11 Liberec 27270271;27270271 Společenství vlastníků jednotek domu Aloisina výšina č.p. 446-11
spolecenstvi vlastniku merhautova 174;Name;Společenství vlastníků Merhautova 174;Found;03775658;Společenství vlastníků Merhautova 174, Brno;;145;Brno;Merhautova 1038/174, Černá Pole, 61400 Brno;True;1;;2026-09-11T07:30:01.7324238Z;3;Re: Společenství vlastníků Merhautova 174, Brno_dotaz na účel úvěru;03775658 Společenství vlastníků Merhautova 174, Brno
spolecenstvi vlastniku jednotek jindrisska 785;Name;Společenství vlastníků jednotek Jindřišská 785;Found;25988956;Společenství vlastníků jednotek Jindřišská 785, Pardubice;;145;Pardubice;Jindřišská 785, Zelené Předměstí, 53002 Pardubice;True;1;;2026-09-11T07:30:02.0132160Z;1;RE: Společenství vlastníků jednotek Jindřišská 785, Pardubice-Fw: SVJ Jindřišská 785, Pardubice;25988956 Společenství vlastníků jednotek Jindřišská 785, Pardubice
spolecenstvi vlastniku jednotek pro dum c p 1314;Name;Společenství vlastníků jednotek pro dům č.p. 1314;Found;24203912;Společenství vlastníků jednotek pro dům č.p. 1314, 1315 Vlašim;;145;Vlašim;Spojovací 1314, 25801 Vlašim;True;1;;2026-09-11T07:30:02.2546772Z;1;Re: dotaz k smlouvě o zástavě pohledávky na účtu Společenství vlastníků jednotek pro dům č.p. 1314, 1315 Vlašim  ;24203912 Společenství vlastníků jednotek pro dům č.p. 1314, 1315 Vlašim
khomfi restaurant s r o;Name;Khomfi restaurant s.r.o.;Found;29151686;Khomfi restaurant s.r.o.;SpoleÄŤnost s ruÄŤenĂ­m omezenĂ˝m;112;Praha;Vítkova 202/18, Karlín, 18600 Praha 8;True;1;;2026-09-11T07:30:02.5238053Z;10;Fw: Khomfi restaurant s.r.o. - investiční úvěr;29151686 Khomfi restaurant s.r.o
pivovar falkenstejn s r o;Name;Pivovar Falkenštejn s.r.o.;Found;24783463;Pivovar Falkenštejn s.r.o.;SpoleÄŤnost s ruÄŤenĂ­m omezenĂ˝m;112;Praha;Na Hanspaulce 1034/7a, Dejvice, 16000 Praha 6;True;1;;2026-09-11T07:30:02.7579462Z;4;Pivovar Falkenštejn s.r.o. 24783463 - nezávazný příslib financování pro Operační program;24783463 Pivovar Falkenštejn s.r.o
rezidence v zahradach s r o;Name;Rezidence V Zahradách s.r.o.;Found;26090023;Rezidence V Zahradách s.r.o.;SpoleÄŤnost s ruÄŤenĂ­m omezenĂ˝m;112;České Budějovice;Husova tř. 1847/5, České Budějovice 3, 37001 České Budějovice;True;1;;2026-09-11T07:30:03.0433686Z;3;Rezidence V Zahradách - projektové financování - posouzení smluv;26090023 Rezidence V Zahradách s.r.o
t s r o;Name;T s.r.o.;Failed;;;;;;;;0;HTTP 400 - The remote server returned an error: (400) Bad Request.;2026-09-11T07:30:03.2462266Z;6;Re: Dotaz  k účelu - projektové pronájem - RM Real - T s.r.o., ID žádosti 2080763533;T s.r.o
adep25 s r o;Name;ADEP25 s.r.o.;Found;23657651;ADEP25 s.r.o.;SpoleÄŤnost s ruÄŤenĂ­m omezenĂ˝m;112;Nymburk;Dlabačova 321/9, 28802 Nymburk;True;1;;2026-09-11T07:30:03.5519151Z;2;ADEP25 s.r.o. (23657651) - spoludlužnická problematika;23657651 ADEP25 s.r.o
strodo s r o;Name;Strodo s.r.o.;Found;07859201;Strodo s.r.o.;SpoleÄŤnost s ruÄŤenĂ­m omezenĂ˝m;112;Ostrava;Syllabova 1197/19b, Vítkovice, 70300 Ostrava;True;1;;2026-09-11T07:30:03.8885283Z;3;Strodo s.r.o., ič 07859201 - posouzení budoucí KS;07859201 Strodo s.r.o
svj investici na nakup tepelneho cerpadla;Name;SVJ investici na nákup tepelného čerpadla.;NotFound;;;;;;;;0;no candidate in the register;2026-09-11T07:30:04.0838613Z;2;Fw: Dotaz na financování SVJ;SVJ investici na nákup tepelného čerpadla
skamos s r o;Name;SKAMOS s.r.o.;Found;28062591;SKAMOS s.r.o.;SpoleÄŤnost s ruÄŤenĂ­m omezenĂ˝m;112;České Budějovice;U Hvízdala 1866/26, České Budějovice 2, 37011 České Budějovice;True;1;;2026-09-11T07:30:04.3469285Z;5;Fw: CPS: CPS - MSE: přiřazení úkolu;28062591 SKAMOS s.r.o
miracon s r o;Name;MIRACON s.r.o.;Found;06626874;MIRACON s.r.o.;SpoleÄŤnost s ruÄŤenĂ­m omezenĂ˝m;112;Praha;Sokolovská 178/247, Vysočany, 19000 Praha 9;True;1;;2026-09-11T07:30:04.6240775Z;3;Fw: Fw:761348 , Hornoměcholupská;06626874 MIRACON s.r.o
stavlux s r o;Name;STAVLUX s.r.o.;Found;09952314;STAVLUX s.r.o.;SpoleÄŤnost s ruÄŤenĂ­m omezenĂ˝m;112;Blažovice;Náves 36, 66408 Blažovice;True;5;;2026-09-11T07:30:04.9798417Z;2;Fw: Smlouva o dílo - Stavlux projekt;09952314 STAVLUX s.r.o
17802679;Ico;17802679;Found;17802679;Jindřich Klas s.r.o.;SpoleÄŤnost s ruÄŤenĂ­m omezenĂ˝m;112;Praha;Kurzova 2222/16, Stodůlky, 15500 Praha 5;True;0;;2026-09-11T07:30:05.0628989Z;3;FW: Jindřich Klas s.r.o.;17802679 Jindřich Klas s.r.o
jindrich klas s r o;Name;Jindřich Klas s.r.o.;Found;17802679;Jindřich Klas s.r.o.;SpoleÄŤnost s ruÄŤenĂ­m omezenĂ˝m;112;Praha;Kurzova 2222/16, Stodůlky, 15500 Praha 5;True;1;;2026-09-11T07:30:05.4379374Z;3;FW: Jindřich Klas s.r.o.;17802679 Jindřich Klas s.r.o
new generation reality s r o;Name;New Generation Reality s.r.o.;Found;29012295;Ka - New Generation Reality s.r.o.;SpoleÄŤnost s ruÄŤenĂ­m omezenĂ˝m;112;Praha;Primátorská 296/38, Libeň, 18000 Praha 8;True;1;;2026-09-11T07:30:05.6819594Z;5;Re: KS SavasxPaliveto;02574420 PALIVETO s.r.o
spolak advokatni kancelar s r o;Name;SPOLAK advokátní kancelář s.r.o.;Found;28703448;SPOLAK advokátní kancelář s.r.o.;SpoleÄŤnost s ruÄŤenĂ­m omezenĂ˝m;112;Liberec;8. března 21/13, Liberec V-Kristiánov, 46005 Liberec;True;1;;2026-09-11T07:30:05.9339891Z;2;Fw: upravená KS - eura JIP - Projekt;28703448 SPOLAK advokátní kancelář s.r.o
professional s r o;Name;professional s.r.o.;NotFound;;;;;;;;5;5 candidate(s), none an exact name match;2026-09-11T07:30:06.2847569Z;3;Fw: OFFICE PRO professional s.r.o. - IČO 26784092;26784092 OFFICE PRO professional s.r.o
fresh comp czech s r o;Name;FRESH COMP CZECH s.r.o.;Found;04907663;FRESH COMP CZECH s.r.o.;SpoleÄŤnost s ruÄŤenĂ­m omezenĂ˝m;112;České Budějovice;V. Volfa 1354/8, České Budějovice 2, 37005 České Budějovice;True;1;;2026-09-11T07:30:06.4499851Z;7;Re: FRESH COMP CZECH s.r.o. ičo 04907663, žádost CPS č. 2071701604;04907663 FRESH COMP CZECH s.r.o
palatinum nepomuk s r o;Name;Palatinum Nepomuk s.r.o.;Found;10675451;Palatinum Nepomuk s.r.o.;SpoleÄŤnost s ruÄŤenĂ­m omezenĂ˝m;112;Nepomuk;č.p. 17, 26242 Nepomuk;True;1;;2026-09-11T07:30:06.7272846Z;3;Palatinum Nepomuk s.r.o., IČ: 10675451;10675451 Palatinum Nepomuk s.r.o
derma dermatologicke centrum mudr andrea cabrnochova s r o;Name;DERMA Dermatologické centrum MUDr. Andrea Cabrnochová s.r.o.;Found;28928997;DERMA dermatologické centrum MUDr. Andrea Cabrnochová s.r.o.;SpoleÄŤnost s ruÄŤenĂ­m omezenĂ˝m;112;Kolín;Práškova 914, Kolín IV, 28002 Kolín;True;1;;2026-09-11T07:30:06.9750396Z;1;Fw: DERMA Dermatologické centrum MUDr. Andrea Cabrnochová s.r.o., IČ: 28928997;28928997 DERMA dermatologické centrum MUDr. Andrea Cabrnochová s.r.o
lilan s r o;Name;LILAN s.r.o.;Found;25019511;LILAN, s.r.o.;SpoleÄŤnost s ruÄŤenĂ­m omezenĂ˝m;112;Česká Lípa;Československé armády 1425/34, 47001 Česká Lípa;True;1;;2026-09-11T07:30:07.2932877Z;1;Re: LILAN - souhlas s čerpáním úvěru;25019511 LILAN, s.r.o
smlouve o pujcce fz trade s r o;Name;Smlouvě o půjčce FZ trade s.r.o.;NotFound;;;;;;;;0;no candidate in the register;2026-09-11T07:30:07.4842255Z;1;Fw: Smlouva o půjčce (zápůjčka) společníka - právní posouzení;06639941 FZ trade s.r.o
spolecenstvi vlastniku jednotek pec pod snezkou cp 344;Name;Společenství vlastníků jednotek - Pec pod Sněžkou čp. 344;Found;03212912;Společenství vlastníků jednotek - Pec pod Sněžkou čp. 344;;145;Pec pod Sněžkou;č.p. 344, 54221 Pec pod Sněžkou;True;1;;2026-09-11T07:30:07.7809781Z;5;Re: Společenství vlastníků jednotek Pec pod Sněžkou čp. 356, IČ 07820127 a Společenství vlastníků jednotek - Pec pod Sněžkou čp. 344, IČ 03212912;03212912 Společenství vlastníků jednotek - Pec pod Sněžkou čp. 344
devap group s r o;Name;DEVAP GROUP s.r.o.;Found;26848325;DEVAP GROUP s.r.o.;SpoleÄŤnost s ruÄŤenĂ­m omezenĂ˝m;112;Ostrava;Šubertova 1226/4, Moravská Ostrava, 70200 Ostrava;True;1;;2026-09-11T07:30:08.0372559Z;2;DEVAP GROUP s.r.o.-Fw: úvěr 734915189 kts servis, ič 24177695;24177695 KTS servis s.r.o
aladio s r o;Name;ALADIO s.r.o.;Found;14369338;ALADIO s.r.o.;SpoleÄŤnost s ruÄŤenĂ­m omezenĂ˝m;112;Praha;Rybná 716/24, Staré Město, 11000 Praha 1;True;1;;2026-09-11T07:30:08.3197745Z;1;Re: DULEŽITÉ Odcizené dokumenty z přepravy kurýrem 6.10.;14369338 ALADIO s.r.o
svj odry zapis;Name;SVJ Odry - zápis;NotFound;;;;;;;;0;no candidate in the register;2026-09-11T07:30:08.5412621Z;1;Re: SVJ Odry - zápis;SVJ Odry - zápis
svj naulehli 1257 7;Name;SVJ NaUlehli 1257/7;NotFound;;;;;;;;0;no candidate in the register;2026-09-11T07:30:08.7937944Z;3;SVJ NaUlehli 1257/7,141 00 Praha 4-Michal, Č 26741881;26741881 Společenství vlastníků jednotek Na Úlehli 1257-7 141 00 Praha 4 - Michle
advokati v o s;Name;advokáti v.o.s.;NotFound;;;;;;;;5;5 candidate(s), none an exact name match;2026-09-11T07:30:09.1176132Z;4;Fw: BD Břeclav - kupní smlouvy;advokáti v.o.s
propec spol s r o;Name;PROPEC spol. s r.o.;Found;48951609;PROPEC spol. s r.o.;SpoleÄŤnost s ruÄŤenĂ­m omezenĂ˝m;112;Úvaly;Pražská 691, 25082 Úvaly;True;1;;2026-09-11T07:30:09.3108997Z;5;Re: PROPEC spol. s r.o., IČ 48951609, CPS ID 2079806796 ;48951609 PROPEC spol. s r.o
fve jih s r o;Name;FVE Jih s.r.o.;Found;28109791;FVE Jih s.r.o.;SpoleÄŤnost s ruÄŤenĂ­m omezenĂ˝m;112;Ktiš;č.p. 11, 38403 Ktiš;True;1;;2026-09-11T07:30:09.5992357Z;2;FVE Jih s.r.o., IČ 28109791;28109791 FVE Jih s.r.o
bydleni jirice s r o;Name;Bydlení Jiřice s.r.o.;NotFound;;;;;;;;0;no candidate in the register;2026-09-11T07:30:09.8225464Z;2;Re: ID: 2047364831, klient: Bydlení Jiřice s.r.o., IČ/RČ: 1076835 - posouzení Smlouvy o úvěru (equity);10768351 RS realitní služby s.r.o
mr company s r o;Name;MR Company s.r.o.;Found;10814973;MR Company s.r.o.;SpoleÄŤnost s ruÄŤenĂ­m omezenĂ˝m;112;Bílina;Vítězná 360/3, Teplické Předměstí, 41801 Bílina;True;2;;2026-09-11T07:30:10.1158562Z;2;Fw: myčka, MR Company s.r.o., IČ 10814973;10814973 MR Company s.r.o
mudr ales polach pediatrie s r o;Name;MUDr. Aleš Polách PEDIATRIE s.r.o.;Found;28646452;MUDr. Aleš Polách PEDIATRIE s.r.o.;SpoleÄŤnost s ruÄŤenĂ­m omezenĂ˝m;112;Nový Jičín;Sokolovská 1389/20, 74101 Nový Jičín;True;1;;2026-09-11T07:30:10.3586307Z;2;Re: urgent dotaz čerpání :  MUDr. Aleš Polách PEDIATRIE s.r.o., IČ/: 28646452, požadavky;28646452 MUDr. Aleš Polách PEDIATRIE s.r.o
ren company spol s r o;Name;REN Company spol. s.r.o.;Found;62738721;REN company spol. s r.o.;SpoleÄŤnost s ruÄŤenĂ­m omezenĂ˝m;112;Chomutov;Pražská 936/11, 43001 Chomutov;True;1;;2026-09-11T07:30:10.6303349Z;2;Fw: REN Company spol. s.r.o. IČO: 62738721;62738721 REN company spol. s r.o
svj spodni 12;Name;SVJ Spodní 12;NotFound;;;;;;;;0;no candidate in the register;2026-09-11T07:30:10.8966758Z;2;SVJ Spodní 12, IČ 05027527;05027527 Společenství vlastníků bytového domu Spodní 12, Brno
kovo m s r o;Name;KOVO-M s.r.o.;Found;25966707;KOVO-M s.r.o.;SpoleÄŤnost s ruÄŤenĂ­m omezenĂ˝m;112;Hluboká;č.p. 74, 53973 Hluboká;True;1;;2026-09-11T07:30:11.1918180Z;3;podpis dodatku;25966707 KOVO-M s.r.o
arapark s r o;Name;ARAPARK s.r.o.;Found;23441364;Arapark s.r.o.;SpoleÄŤnost s ruÄŤenĂ­m omezenĂ˝m;112;Uherský Brod;Vlčnovská 2344, 68801 Uherský Brod;True;2;;2026-09-11T07:30:11.4320158Z;1;Štěpení firmy - developerský projekt ARAPARK ;22303073 ARATEC s.r.o
noesis praha s r o;Name;Noesis Praha s.r.o.;Found;26179555;NOESIS PRAHA s.r.o.;SpoleÄŤnost s ruÄŤenĂ­m omezenĂ˝m;112;Praha;Kodaňská 1441/46, Vršovice, 10100 Praha 10;True;1;;2026-09-11T07:30:11.6913030Z;3;Fw: 26179555 Noesis Praha s.r.o. - dotaz na možnost zastavení čerpání;26179555 NOESIS PRAHA s.r.o
spolecenstvi vlastniku votockova 485 22;Name;Společenství vlastníků Votočkova 485/22;Found;25481215;Společenství vlastníků Votočkova 485/22, Liberec;;145;;Liberec 7, Votočkova 485/22, PSČ 46007;True;1;;2026-09-11T07:30:11.9901404Z;4;FW: Prosba o doplnění informací -čerpání Společenství vlastníků Votočkova 485/22, Liberec;Společenství vlastníků Votočkova 485-22
jedna se o firmu terano cz s r o;Name;Jedná se o firmu TERANO CZ s.r.o.;NotFound;;;;;;;;0;no candidate in the register;2026-09-11T07:30:12.1822937Z;2;Re: Ukončené bankovní záruky - vyjádření odd. BZ;26203740 TERANO CZ s.r.o
svj za bankou ze smluv o vsech uctech vedenych pro svj;Name;SVJ za bankou ze smluv o všech účtech vedených pro SVJ;NotFound;;;;;;;;0;no candidate in the register;2026-09-11T07:30:12.5043674Z;10;Fwd: Fw: Fw: kontrola zápisu k čerpání úvěru - pro info;SVJ za bankou ze smluv o všech účtech vedených pro SVJ
svj za bankou ze smlouvy o uctu c nutno dop;Name;SVJ za Bankou ze smlouvy o účtu č. ________ (nutno dop;NotFound;;;;;;;;0;no candidate in the register;2026-09-11T07:30:12.6945148Z;2;Re: Zápis ze shromáždění ;SVJ za Bankou ze smlouvy o účtu č. ________ (nutno dop
poskytnuti uveru bendas official s r o;Name;Poskytnutí úvěru Bendas Official s.r.o.;NotFound;;;;;;;;0;no candidate in the register;2026-09-11T07:30:12.9639070Z;3;Fw: Poskytnutí úvěru Bendas Official s.r.o., IČ 09960724, změna sídla ;09960724 Bendas Official s.r.o
radisox s r o;Name;RADISOX s.r.o.;Found;06465226;RADISOX s.r.o.;SpoleÄŤnost s ruÄŤenĂ­m omezenĂ˝m;112;Praha;Roháčova 145/14, Žižkov, 13000 Praha 3;True;1;;2026-09-11T07:30:13.2404690Z;5;RE: Kontrola KS a SAU - RADISOX s.r.o., IČ: 06465226;06465226 RADISOX s.r.o
workpoint s r o;Name;Workpoint s.r.o.;Found;01411012;Workpoint s.r.o.;SpoleÄŤnost s ruÄŤenĂ­m omezenĂ˝m;112;Brno;Sokolská 291/14, Veveří, 60200 Brno;True;2;;2026-09-11T07:30:13.5447472Z;3;Re: Koupě nemovitosti v insolvenci - Workpoint s.r.o., IČ 01411012;01411012 Workpoint s.r.o
timplich s r o;Name;Timplich s.r.o.;Found;17413982;Timplich s.r.o.;SpoleÄŤnost s ruÄŤenĂ­m omezenĂ˝m;112;Praha;Školská 1478/14, Nové Město, 11000 Praha 1;True;1;;2026-09-11T07:30:13.7687963Z;4;Timplich s.r.o._IČ 	17413982;17413982 Timplich s.r.o
fattimiei s r o;Name;FATTIMIEI s.r.o.;Found;03129608;FATTIMIEI s.r.o.;SpoleÄŤnost s ruÄŤenĂ­m omezenĂ˝m;112;Praha;Thunovská 196/19, Malá Strana, 11800 Praha 1;True;1;;2026-09-11T07:30:14.0216861Z;3;Fw: dotaz - korporátní souhlas;03129608 FATTIMIEI s.r.o
svj ic 27556069;Name;SVJ IČ: 27556069;NotFound;;;;;;;;0;no candidate in the register;2026-09-11T07:30:14.3010251Z;2;Zápis ze shromáždění SVJ IČ: 27556069;27556069 Společenství vlastníků domu č.p. 408, Dašice
power fitness s r o;Name;Power Fitness s.r.o.;Found;02399903;Power Fitness s.r.o.;SpoleÄŤnost s ruÄŤenĂ­m omezenĂ˝m;112;Liberec;Palachova 1404/2, Liberec I-Staré Město, 46001 Liberec;True;1;;2026-09-11T07:30:14.5976395Z;3;Fw: Power Fitness s.r.o., IČ 02399903 - Posouzení pro potřeby Risku - T: 1.2.2024;02399903 Power Fitness s.r.o
svj brigadniku 2573 2754 tabor;Name;SVJ Brigádníků 2573-2754 Tábor;NotFound;;;;;;;;0;no candidate in the register;2026-09-11T07:30:14.8286414Z;2;SVJ Brigádníků 2573-2754 Tábor, IČO: 26095530, Smlouva o úvěru č. 0671618119;26095530 Společenství vlastníků jednotek domu čp. 2573, 2574 v Táboře
david servis s r o;Name;DAVID SERVIS s.r.o.;NotFound;;;;;;;;4;4 candidate(s), none an exact name match;2026-09-11T07:30:15.1532670Z;1;Re: Posouzení vlastnictví společnosti klienta 8013-12-20-14.45.59.424819;62525000 DAVID SERVIS spol. s r.o
novy domov upohlavy s r o;Name;Nový domov Úpohlavy s.r.o.;NotFound;;;;;;;;0;no candidate in the register;2026-09-11T07:30:15.3719539Z;5;Re: Nový domov Úpohlavy s.r.o. ičo 08545464 II etapa;08545464 Nový domov Úpohlavy s.r.o
isark trade s r o;Name;ISARK Trade s.r.o.;Found;24236730;ISARK Trade s.r.o.;SpoleÄŤnost s ruÄŤenĂ­m omezenĂ˝m;112;Praha;Makovského 1177/1, Řepy, 16300 Praha 6;True;1;;2026-09-11T07:30:15.6652415Z;1;ISARK Trade s.r.o., IČ 24236730, INV 752170109;24236730 ISARK Trade s.r.o
spolecenstvi vlastniku bytovych jednotek jiraskova 181 holysov ic 73729167;Name;Společenství vlastníků bytových jednotek Jiráskova 181 Holýšov IČ 73729167;NotFound;;;;;;;;0;no candidate in the register;2026-09-11T07:30:15.9074639Z;4;Společenství vlastníků bytových jednotek Jiráskova 181 Holýšov IČ 73729167;73729167 Společenství vlastníků bytových jednotek Jiráskova 181 Holýšov
spolecenstvi vlastniku janskeho 2450;Name;Společenství vlastníků Janského 2450;Found;05510155;Společenství vlastníků Janského 2450, Karviná - Nové Město;;145;Karviná;Ciolkovského 625/54, Ráj, 73401 Karviná;True;1;;2026-09-11T07:30:16.1653500Z;6;Re: Společenství vlastníků Janského 2450, Karviná – Nové Město-Fw: FW: čerpání úvěru SV janského 2450;05510155 Společenství vlastníků Janského 2450, Karviná - Nové Město
komercni banky a s;Name;Komerční banky a.s.;NotFound;;;;;;;;2;2 candidate(s), none an exact name match;2026-09-11T07:30:16.4365212Z;3;Fw: Posouzení předkupní smlouvy;03307034 MetalCasting s.r.o
chimet s r o;Name;CHIMET s.r.o.;Found;62303708;CHIMET s.r.o.;SpoleÄŤnost s ruÄŤenĂ­m omezenĂ˝m;112;Olomouc;tř. Spojenců 716/22, 77900 Olomouc;True;1;;2026-09-11T07:30:16.6979781Z;2;CHIMET s.r.o.  62303708;62303708 CHIMET s.r.o
svj verdunska;Name;SVJ Verdunská;NotFound;;;;;;;;0;no candidate in the register;2026-09-11T07:30:16.9739414Z;2;dotaz klient SVJ Verdunská;04435923 Společenství vlastníků Verdunská 941, Praha 6
amf trade s r o;Name;AMF Trade s.r.o.;Found;28953002;AMF Trade s.r.o.;SpoleÄŤnost s ruÄŤenĂ­m omezenĂ˝m;112;Velké Popovice;č.p. 421, 25169 Velké Popovice;True;1;;2026-09-11T07:30:17.2801073Z;2;Fw: Plná moc, Vyjádření o akceptaci firmy: 28953002, AMF Trade s.r.o.;28953002 AMF Trade s.r.o
ua konzul s r o;Name;UA KONZUL s.r.o.;Found;08738777;UA KONZUL s.r.o.;SpoleÄŤnost s ruÄŤenĂ­m omezenĂ˝m;112;Praha;Španělská 759/4, Vinohrady, 12000 Praha 2;True;1;;2026-09-11T07:30:17.4733158Z;2;Fw: Fw:Žádost banka;06687555 UA KONZUL s.r.o
j u k r spol s r o;Name;J U K R spol. s r.o.;Found;62740377;J U K R  spol. s r.o.;SpoleÄŤnost s ruÄŤenĂ­m omezenĂ˝m;112;Teplice;Žižkova 438, Sobědruhy, 41510 Teplice;True;2;;2026-09-11T07:30:17.8227928Z;3;KA1804321, 	 J U K R  spol. s r.o.;25083325 Sberbank CZ, a.s. v likvidaci
quality one s r o;Name;Quality One s.r.o.;Found;06206531;Quality One s.r.o.;SpoleÄŤnost s ruÄŤenĂ­m omezenĂ˝m;112;Bylany;č.p. 168, 53801 Bylany;True;1;;2026-09-11T07:30:17.9826996Z;2;Fw: Quality One s.r.o.  IČ 06206531  CPS ID 2072684566;06206531 Quality One s.r.o
magic school s r o;Name;MAGIC SCHOOL s.r.o.;Found;28243013;MAGIC SCHOOL s.r.o.;SpoleÄŤnost s ruÄŤenĂ­m omezenĂ˝m;112;Praha;Biskupský dvůr 1147/6, Nové Město, 11000 Praha 1;True;1;;2026-09-11T07:30:18.2447932Z;6;FW: MAGIC SCHOOL s.r.o.-Fw: KS Prkenný Důl - omezení na svéprávnosti;27499723 MAGIC ENGLISH s.r.o
olomoucky pivovar a s;Name;Olomoucký pivovar a.s.;Found;11708379;Olomoucký pivovar a.s.;AkciovĂˇ spoleÄŤnost;121;Olomouc;Dalimilova 18/92, Chomoutov, 78335 Olomouc;True;1;;2026-09-11T07:30:18.5138344Z;7;Fw: Draft nájemní smlouvy - Olomoucký pivovar a.s. č.ú.: 626481109;01918176 CHOMOUT s.r.o
certas s r o;Name;CERTAS s.r.o.;NotFound;;;;;;;;0;no candidate in the register;2026-09-11T07:30:18.7428098Z;3;Re: CERTAS s.r.o. v jednání PRODEJ OBCHODNÍHO PODÍLU_PROSBA o právní stanovisko;25835211 CERTAS s.r.o
altenberg invest s r o;Name;ALTENBERG Invest s.r.o.;Found;14011069;ALTENBERG Invest s.r.o.;SpoleÄŤnost s ruÄŤenĂ­m omezenĂ˝m;112;Praha;Slatiňanská 3240/3, Horní Počernice, 19300 Praha 9;True;1;;2026-09-11T07:30:19.0099049Z;7;FW: ALTENBERG Invest s.r.o.: IČ: 14011069;14011069 ALTENBERG Invest s.r.o
dra development s r o;Name;DRA development s.r.o.;Found;07248890;DRA development s.r.o.;SpoleÄŤnost s ruÄŤenĂ­m omezenĂ˝m;112;Praha;Na Florenci 2139/2, Nové Město, 11000 Praha 1;True;1;;2026-09-11T07:30:19.5636242Z;1;Korporátní souhlas;07248890 DRA development s.r.o
lacnovska spol s r o;Name;Lačnovská spol. s r.o.;Found;08572984;Lačnovská spol. s r.o.;SpoleÄŤnost s ruÄŤenĂ­m omezenĂ˝m;112;Praha;Lačnovská 20/14, Zličín, 15521 Praha 5;True;1;;2026-09-11T07:30:19.7513130Z;7;Re: IČ: 08572984, Lačnovská spol. s r.o.;08572984 Lačnovská spol. s r.o
spolecenstvi vlastniku jednotek domu nadrazni c p 1480;Name;Společenství vlastníků jednotek domu NÁDRAŽNÍ č. p. 1480;Found;09758232;Společenství vlastníků jednotek domu NÁDRAŽNÍ č. p. 1480, Moravská Třebová;;145;Moravská Třebová;Nádražní 1480/19, Předměstí, 57101 Moravská Třebová;True;1;;2026-09-11T07:30:20.0042154Z;2;RE: Společenství vlastníků jednotek domu NÁDRAŽNÍ č. p. 1480, Moravská Třebová-Fw: Konzultace zápisu SVJ;09758232 Společenství vlastníků jednotek domu NÁDRAŽNÍ č. p. 1480, Moravská Třebová
emot medico s r o;Name;EMOT-MEDICO s.r.o.;NotFound;;;;;;;;0;no candidate in the register;2026-09-11T07:30:20.2338141Z;3;Fw: EMOT-MEDICO s.r.o., IČ 27092887 - nákup pozemku parc. č. 766/5 k.ú. Letňany;27092887 EMOT - Medico, s.r.o
vila sakarova s r o;Name;Vila Sakařova s.r.o.;Found;11881526;Vila Sakařova s.r.o.;SpoleÄŤnost s ruÄŤenĂ­m omezenĂ˝m;112;Praha;Dudova 2585/4, Vinohrady, 12000 Praha 2;True;1;;2026-09-11T07:30:20.5307342Z;1;Re: insolvence ESSO  - klient 118 81 526;26014203 Vila Sakařova s.r.o
epox in s r o;Name;EPOX-IN s.r.o.;Found;08576815;EPOX-IN s.r.o.;SpoleÄŤnost s ruÄŤenĂ­m omezenĂ˝m;112;Sluhy;č.p. 130, 25063 Sluhy;True;1;;2026-09-11T07:30:20.7504351Z;3;EPOX-IN s.r.o.;08576815 EPOX-IN s.r.o
svj pred uzavrenim uverove dokumentace schvalilo i sam;Name;SVJ před uzavřením úvěrové dokumentace schválilo i sam;NotFound;;;;;;;;0;no candidate in the register;2026-09-11T07:30:21.0163459Z;2;FW: dokument ke kontrole;SVJ před uzavřením úvěrové dokumentace schválilo i sam
03932842;Ico;03932842;Found;03932842;FLYing Atelier s.r.o.;SpoleÄŤnost s ruÄŤenĂ­m omezenĂ˝m;112;Husinec;Červená Skála 314, Řež, 25068 Husinec;True;0;;2026-09-11T07:30:21.2274005Z;3;Re: FLYing Atelier s.r.o.-Fw: zápis z  valné hromady;03932842 FLYing Atelier s.r.o
flying atelier s r o;Name;FLYing Atelier s.r.o.;Found;03932842;FLYing Atelier s.r.o.;SpoleÄŤnost s ruÄŤenĂ­m omezenĂ˝m;112;Husinec;Červená Skála 314, Řež, 25068 Husinec;True;1;;2026-09-11T07:30:21.6296062Z;5;Re: FLYing Atelier s.r.o.-Fw: zápis z  valné hromady;03932842 FLYing Atelier s.r.o
lasvit mb s r o;Name;Lasvit MB s.r.o.;NotFound;;;;;;;;0;no candidate in the register;2026-09-11T07:30:21.8055993Z;3;Obecný dotaz;61676705 BOS LIGHTING s.r.o
spolecenstvi vlastniku by hybesova 863;Name;Společenství vlastníků by Hybešova 863;NotFound;;;;;;;;0;no candidate in the register;2026-09-11T07:30:22.0942598Z;2;FW: Posouzení Zápisu ze shromáždění Hyběšova, Třeboň;Společenství vlastníků by Hybešova 863
mk reality group uh s r o;Name;MK REALITY GROUP UH s.r.o.;Found;08813167;MK REALITY GROUP UH s.r.o.;SpoleÄŤnost s ruÄŤenĂ­m omezenĂ˝m;112;Brno;Lidická 700/19, Veveří, 60200 Brno;True;1;;2026-09-11T07:30:22.3515231Z;5;Re: MK REALITY GROUP UH s.r.o. ičo: 08813167;08813167 MK REALITY GROUP UH s.r.o
made by juraj payer s r o;Name;Made by Juraj Payer s.r.o.;NotFound;;;;;;;;0;no candidate in the register;2026-09-11T07:30:22.5847029Z;14;"Made by Juraj Payer s.r.o.; IČ 08005796";08005796 Renomé clinic s.r.o
pzs sberbank flyprint s r o;Name;PZS Sberbank FlyPrint s.r.o.;NotFound;;;;;;;;0;no candidate in the register;2026-09-11T07:30:22.8643142Z;2;kontrola PZS Sberbank FlyPrint s.r.o. - 24243973;24243973 FlyPrint s.r.o
svj bankou pripadne jine zajisteni pozadovane uverovo;Name;SVJ bankou (případně jiné zajištění požadované úvěrovo;NotFound;;;;;;;;0;no candidate in the register;2026-09-11T07:30:23.1384444Z;2;RE: Re: zástava pohledávek z účtu;SVJ bankou (případně jiné zajištění požadované úvěrovo
26923114;Ico;26923114;Found;26923114;KR - TOOLS s.r.o.;SpoleÄŤnost s ruÄŤenĂ­m omezenĂ˝m;112;Bojkovice;Mánesova 997, 68771 Bojkovice;True;0;;2026-09-11T07:30:23.3477154Z;1;Re: Návrh zápisu z Valné hromady KR TOOLS s.r.o.;26923114 Valné hromady KR TOOLS s.r.o
valne hromady kr tools s r o;Name;Valné hromady KR TOOLS s.r.o.;NotFound;;;;;;;;0;no candidate in the register;2026-09-11T07:30:23.6990807Z;1;Re: Návrh zápisu z Valné hromady KR TOOLS s.r.o.;26923114 Valné hromady KR TOOLS s.r.o
lg stavby s r o;Name;LG Stavby s.r.o.;Found;28417836;LG Stavby s.r.o.;SpoleÄŤnost s ruÄŤenĂ­m omezenĂ˝m;112;Praha;Sokolovská 366/84, Karlín, 18600 Praha 8;True;1;;2026-09-11T07:30:23.9224687Z;3;FW: LG Stavby s.r.o. IČ: 28417836;28417836 LG Stavby s.r.o
citycomplex s r o;Name;CITYCOMPLEX s.r.o.;NotFound;;;;;;;;0;no candidate in the register;2026-09-11T07:30:24.1707585Z;2;CITYCOMPLEX s.r.o - potvrzení;17894328 CITY COMPLEX s.r.o
filip real a s;Name;FILIP REAL a.s.;Found;27886557;FILIP REAL a.s.;AkciovĂˇ spoleÄŤnost;121;Praha;U Národní galerie 471, Zbraslav, 15600 Praha 5;True;1;;2026-09-11T07:30:24.4814082Z;1;Re: budoucí převod akcií;27886557 FILIP REAL a.s
prostredky muzeme bud prevezt na ucet s r o;Name;prostředky můžeme buď převézt na účet s.r.o.;NotFound;;;;;;;;0;no candidate in the register;2026-09-11T07:30:24.7316877Z;2;URGENTNÍ konzultace ;05230268 Technická a projekční kancelář s.r.o
u milady s r o;Name;U Milady s.r.o.;Found;07395396;U Milady s.r.o.;SpoleÄŤnost s ruÄŤenĂ­m omezenĂ˝m;112;Senohraby;Školní 109, 25166 Senohraby;True;1;;2026-09-11T07:30:25.0233414Z;3;Klient: U Milady s.r.o.;07395396 U Milady s.r.o
pekmed s r o;Name;PEKMED s.r.o.;Found;21757071;PEKMED s.r.o.;SpoleÄŤnost s ruÄŤenĂ­m omezenĂ˝m;112;Sezimovo Ústí;Nerudova 615/2, 39102 Sezimovo Ústí;True;1;;2026-09-11T07:30:25.2354443Z;3;Fw: CPS č. 2075446963 (IČO: 21757071) - PEKMED s.r.o.;21757071 PEKMED s.r.o
svj marold;Name;SVJ MAROLD;NotFound;;;;;;;;0;no candidate in the register;2026-09-11T07:30:25.5659406Z;2;Konzultace ohledně statutárních zástupců za SVJ MAROLD, IČ 26767911 ;26767911 Společenství vlastníků MAROLD Nusle 1608 - 1612
svj k odsouhlaseni riegrova 26 cheb;Name;SVJ k odsouhlasení - Riegrova 26 Cheb;NotFound;;;;;;;;0;no candidate in the register;2026-09-11T07:30:25.7948659Z;2;Re: Zápis SVJ k odsouhlasení - Riegrova 26 Cheb;28281101 AZ - fruit, s.r.o
04369572;Ico;04369572;Found;04369572;PROREALSTAV s.r.o.;SpoleÄŤnost s ruÄŤenĂ­m omezenĂ˝m;112;Chrudim;Radoušova 1420, Chrudim IV, 53701 Chrudim;True;0;;2026-09-11T07:30:25.9820676Z;2;Fw: Dvojdům v Mikulovicích s.r.o. ,  v CPS č. 2050980620;04369572 Dvojdům v Mikulovicích s.r.o
korporatni souhlas s poskytnutym zajistenim imfsoft s r o;Name;Korporátní souhlas s poskytnutým zajištěním IMFsoft s.r.o.;NotFound;;;;;;;;0;no candidate in the register;2026-09-11T07:30:26.3548747Z;4;Fw: Korporátní souhlas s poskytnutým zajištěním IMFsoft s.r.o. IČ: 26851181;26851181 IMFsoft, s.r.o
magenta investment s r o;Name;MAGENTA INVESTMENT s.r.o.;NotFound;;;;;;;;0;no candidate in the register;2026-09-11T07:30:26.5588980Z;3;Kontrola udělení souhlasu jediného společníka;12644722 Tomáš Krystyník
credit a s;Name;Credit a.s.;NotFound;;;;;;;;5;5 candidate(s), none an exact name match;2026-09-11T07:30:26.8741118Z;2;"Re: AB - CREDIT a. s.-Fw: Žádost o stanovisko k dokumentu ""Souhlasné prohlášení ABCxČS_Solnice""";40522610 AB - CREDIT a. s
spolecenstvi vlastniku jednotek domu cp 869 ve strakonicich;Name;Společenství vlastníků jednotek domu čp. 869 ve Strakonicích;Found;26039672;Společenství vlastníků jednotek domu čp. 869 ve Strakonicích;;145;Strakonice;Dr. Jiřího Fifky 869, Strakonice I, 38601 Strakonice;True;1;;2026-09-11T07:30:27.1052842Z;5;Re: Kontrola zápisu Společenství vlastníků jednotek domu čp. 869 ve Strakonicích,  IČ 26039672;26039672 Společenství vlastníků jednotek domu čp. 869 ve Strakonicích
pravni konzultace best roof s r o;Name;Právní konzultace Best roof s.r.o.;NotFound;;;;;;;;0;no candidate in the register;2026-09-11T07:30:27.3465534Z;2;Re: Právní konzultace Best roof s.r.o., IČ 11847859 / Konzultační list ID 2080937327 ;11847859 Best roof s.r.o
cloudy mining s r o;Name;Cloudy Mining s.r.o.;Found;07459823;Cloudy Mining s. r. o.;SpoleÄŤnost s ruÄŤenĂ­m omezenĂ˝m;112;Praha;Branická 213/53, Braník, 14700 Praha 4;True;1;;2026-09-11T07:30:27.6263875Z;7;Fw: Sensa nuvola s.r.o., IČ: 22019073 a Cloudy Mining s.r.o., IČ: 07459823;07459823 Cloudy Mining s. r. o
tf prospery s r o;Name;TF Prospery s.r.o.;Found;04908414;TF Prospery s.r.o.;SpoleÄŤnost s ruÄŤenĂ­m omezenĂ˝m;112;Praha;Jerevanská 1065/5, Vršovice, 10000 Praha 10;True;1;;2026-09-11T07:30:27.8841519Z;2;TF Prospery s.r.o - prohlášení vlastníků;TF Prospery s.r.o
spolecenstvi vlastniku opatovice 27 27a;Name;Společenství vlastníků Opatovice 27/27a;Found;03689263;Společenství vlastníků Opatovice 27/27a;;145;Opatovice;Na Návsi 27, 66461 Opatovice;True;1;;2026-09-11T07:30:28.1577717Z;1;Re: Společenství vlastníků Opatovice 27/27a , IĆo : 03689263 - účel koupě pozemek funkční celek od SBD;03689263 Společenství vlastníků Opatovice 27-27a
m ountain properties s r o;Name;M ountain Properties s.r.o.;NotFound;;;;;;;;0;no candidate in the register;2026-09-11T07:30:28.3888269Z;2;konzultace převzetí pohledávky jiného Klienta;M ountain Properties s.r.o
svj nalezi;Name;SVJ ) náleží;NotFound;;;;;;;;0;no candidate in the register;2026-09-11T07:30:28.6461314Z;2;Re: Dotaz;SVJ ) náleží
svj a poskytnuti uveru;Name;SVJ a poskytnutí úvěru;NotFound;;;;;;;;0;no candidate in the register;2026-09-11T07:30:28.9423407Z;3;Prosba o konzultaci - vznik SVJ a poskytnutí úvěru;26164451 Bytové družstvo KOS
senior byty s r o;Name;Senior byty s.r.o.;Found;06806813;SENIOR BYTY BÍLINA s.r.o.;SpoleÄŤnost s ruÄŤenĂ­m omezenĂ˝m;112;Praha;Čapkova 195/2, Michle, 14000 Praha 4;True;1;;2026-09-11T07:30:29.2203913Z;1;Senior byty s.r.o.-Fw: Převod obchodního podílu úvěrované společnosti pod jiného majitele;06806813 SENIOR BYTY BÍLINA s.r.o
jedna se o klienta altadis s r o;Name;Jedná se o klienta ALTADIS s.r.o.;NotFound;;;;;;;;0;no candidate in the register;2026-09-11T07:30:29.4701017Z;3;ALTADIS - kontrola smluv;24697621 ALTADIS s.r.o
mudr jaromir wiesenberg s r o;Name;MUDr. Jaromír Wiesenberg s.r.o.;NotFound;;;;;;;;0;no candidate in the register;2026-09-11T07:30:29.7592614Z;4;Fw: MUDr. Jaromír Wiesenberg s.r.o., IČ 02344360;02344360 Centrum interní medicíny s.r.o
27095177;Ico;27095177;Found;27095177;KRYLL elektro s.r.o.;SpoleÄŤnost s ruÄŤenĂ­m omezenĂ˝m;112;Obecnice;č.p. 266, 26221 Obecnice;True;0;;2026-09-11T07:30:29.9219870Z;1;Re: Urgent - dotaz z čerpání;27095177 a.s
stardom company s r o;Name;Stardom Company s.r.o.;Found;01723502;Stardom Company s.r.o.;SpoleÄŤnost s ruÄŤenĂ­m omezenĂ˝m;112;Brno;Preslova 444/39, Pisárky, 60200 Brno;True;1;;2026-09-11T07:30:30.3333364Z;1;FW: CPS: CPS - MSE: přiřazení úkolu;01723502 Stardom Company s.r.o
hotel chs s r o;Name;Hotel ČHS s.r.o.;Found;05241049;Hotel ČHS s.r.o.;SpoleÄŤnost s ruÄŤenĂ­m omezenĂ˝m;112;Loučná nad Desnou;Kouty nad Desnou 72, 78811 Loučná nad Desnou;True;1;;2026-09-11T07:30:30.5177474Z;1;RE: Hotel ČHS s.r.o, úvěr č. 0463469489/0800 - žádost SC0000000075780587  - prosím o urgentní odsouhlasení znovu opraveného zápisu z jednání valných hromad;05241049 Hotel ČHS s.r.o
2s trade s r o;Name;2S trade s.r.o.;Found;28279662;2S trade s.r.o.;SpoleÄŤnost s ruÄŤenĂ­m omezenĂ˝m;112;Litomyšl;Pohodlí 115, 57001 Litomyšl;True;1;;2026-09-11T07:30:30.8613808Z;2;Fw: subordinace ;28279662 2S trade s.r.o
fks reality s r o;Name;FKS reality s.r.o.;Found;06881696;FKS reality s.r.o.;SpoleÄŤnost s ruÄŤenĂ­m omezenĂ˝m;112;Třebíč;Karlovo nám. 53/42, Vnitřní Město, 67401 Třebíč;True;1;;2026-09-11T07:30:31.0918317Z;1;CPS ID 2079378881   FKS reality s.r.o. 06881696	;06881696 FKS reality s.r.o
rosima s r o;Name;ROSIMA s.r.o.;Found;27130169;ROSIMA s.r.o.;SpoleÄŤnost s ruÄŤenĂ­m omezenĂ˝m;112;Praha;Zborovská 620/47, Malá Strana, 15000 Praha 5;True;2;;2026-09-11T07:30:31.3402264Z;5;ROSIMA s.r.o.-Fw: kontrola dokumentu ROZHODNUTÍ JEDINÉHO SPOLEČNÍKA V PŮSOBNOSTI VALNÉ HROMADY;27130169 ROSIMA s.r.o
ds forest trade s r o;Name;DS Forest Trade s.r.o.;Found;04800150;DS Forest Trade s.r.o.;SpoleÄŤnost s ruÄŤenĂ­m omezenĂ˝m;112;Praha;Za zastávkou 373, Dolní Měcholupy, 11101 Praha 10;True;1;;2026-09-11T07:30:31.6076415Z;1;Re: DS Forest Trade s.r.o. ;04800150 DS Forest Trade s.r.o
akc real group s r o;Name;AKC REAL GROUP s.r.o.;Found;28649893;AKC REAL GROUP s.r.o.;SpoleÄŤnost s ruÄŤenĂ­m omezenĂ˝m;112;Ostrava;Vinařického 940/20, Přívoz, 70200 Ostrava;True;1;;2026-09-11T07:30:31.8573115Z;4;RE: Plná moc - AKC REAL GROUP s.r.o. (IČ 28649893);28649893 AKC REAL GROUP s.r.o
svj ledecka 18;Name;SVJ Ledecká 18;NotFound;;;;;;;;0;no candidate in the register;2026-09-11T07:30:32.1269872Z;1;RE: SVJ Ledecká 18,20, IČ: 72061821 - dotaz k vyjádření;72061821 Společenství pro dům v Plzni, Ledecká 1198-18 a Ledecká 1199-20
svj sidliste osvobozeni 672 44;Name;SVJ Sídliště Osvobození 672/44;NotFound;;;;;;;;0;no candidate in the register;2026-09-11T07:30:32.3690142Z;3;SVJ Sídliště Osvobození 672/44, Vyškov, IČ: 02867389_DOTAZ vlastníka bytu ke splácení úvěru_ŽÁDOST/prosba;02867389 Společenství vlastníků jednotek domu Vyškov, Sídliště Osvobození 672-44
devun s r o;Name;DEVUN s.r.o.;Found;26238811;DEVUN s.r.o.;SpoleÄŤnost s ruÄŤenĂ­m omezenĂ˝m;112;Znojmo;náměstí Svobody 1548/5, 66902 Znojmo;True;1;;2026-09-11T07:30:32.6279918Z;2;DEVUN s.r.o., IČ 26238811 zajištění KTK;26238811 DEVUN s.r.o
ttkp group s r o;Name;TTKP Group s.r.o.;Found;21369950;TTKP Group s.r.o.;SpoleÄŤnost s ruÄŤenĂ­m omezenĂ˝m;112;Hodonín;Výstavní 1594/23, 69501 Hodonín;True;1;;2026-09-11T07:30:32.8892994Z;5;RE: TTKP Group s.r.o., IČ: 21369950, projektové financování ;21369950 TTKP Group s.r.o
m agnolia invest s r o;Name;M agnolia Invest s.r.o.;NotFound;;;;;;;;0;no candidate in the register;2026-09-11T07:30:33.1524368Z;2;Fw: Rozhodnutí jediného společníka;M agnolia Invest s.r.o
europe spol s r o;Name;EUROPE spol. s r.o.;NotFound;;;;;;;;5;5 candidate(s), none an exact name match;2026-09-11T07:30:33.4876666Z;2;Fw: konzultace kupní smlouvy - Thi Diu Vu - PBH číslo žádosti v CPS 2049978197;25538349 EUROPE spol. s r.o
ovskstavby s r o;Name;ovskstavby s.r.o.;NotFound;;;;;;;;0;no candidate in the register;2026-09-11T07:30:33.6682462Z;6;RE: Verifikace faktur při čerpání úvěru ;ovskstavby s.r.o
retorno s r o;Name;Retorno s.r.o.;NotFound;;;;;;;;0;no candidate in the register;2026-09-11T07:30:33.9131499Z;2;Korporátní souhlas: Klient: Retorno s.r.o. - IČ 05153476 , ú.č. 0498482149;05153476 Retorno a.s
spolecenstvi vlastniku jednotek pro dum demlova c p 971;Name;Společenství vlastníků jednotek pro dům Demlova č.p. 971;Found;26260859;Společenství vlastníků jednotek pro dům Demlova č.p.971,972,973 v Třebíči;;145;Třebíč;Demlova 971/15, Horka-Domky, 67401 Třebíč;True;1;;2026-09-11T07:30:34.2019421Z;2;"Společenství vlastníků jednotek pro dům Demlova č.p. 971,972,973 v Třebíči; IČ 26260859";26260859 Společenství vlastníků jednotek pro dům Demlova č.p.971,972,973 v Třebíči
hadina s r o;Name;Hadina s.r.o.;Found;10780688;Hadina, s.r.o.;SpoleÄŤnost s ruÄŤenĂ­m omezenĂ˝m;112;Humpolec;Na Kasárnách 448, 39601 Humpolec;True;1;;2026-09-11T07:30:34.4494227Z;5;Fw: Hadina s.r.o. IČ:10780688;10780688 Hadina, s.r.o
koprivnici cs a s;Name;Kopřivnici. ČS a.s.;NotFound;;;;;;;;0;no candidate in the register;2026-09-11T07:30:34.7345071Z;1;Re: Chwastková  11239/12/LCD ;67353860 Ing. Marcela Chwastková
spolecenstvi vlastniku kraluv dvur 364 a 365;Name;Společenství vlastníků Králův Dvůr 364 a 365;Found;04057716;Společenství vlastníků Králův Dvůr 364 a 365;;145;Králův Dvůr;Nad Stadionem 364, 26701 Králův Dvůr;True;1;;2026-09-11T07:30:35.0414276Z;1;Fw: žádost o vyjádření;04057716 Společenství vlastníků Králův Dvůr 364 a 365
drumel a co s r o;Name;DRUMEL a Co. s.r.o.;Found;25267442;DRUMEL a Co. s.r.o.;SpoleÄŤnost s ruÄŤenĂ­m omezenĂ˝m;112;Česká Třebová;Moravská 2193, 56002 Česká Třebová;True;1;;2026-09-11T07:30:35.2206962Z;1;Kupní smlouva - kontrola;08262497 JUDr. Marek Chadima, Ph.D., advokát
zadatel rift interiery s r o;Name;Žadatel RIFT Interiéry s.r.o.;NotFound;;;;;;;;0;no candidate in the register;2026-09-11T07:30:35.4850704Z;3;Fw: Obnova RVG s BZ NRB /M - Číslo účtu 000000-0451208409/0800  Žadatel RIFT Interiéry s.r.o. RČ/IČ 09905898;09905898 RIFT Interiéry s.r.o
kk byty servis s r o;Name;KK byty servis s.r.o.;Found;03265684;KK byty servis s.r.o.;SpoleÄŤnost s ruÄŤenĂ­m omezenĂ˝m;112;Rudná;Na Panském 1141/3, 25219 Rudná;True;1;;2026-09-11T07:30:35.7690293Z;2;Uplatnění cese u pojistné smlouvy - dotaz;KK byty servis s.r.o
svj masarykova 458;Name;SVJ Masarykova 458;NotFound;;;;;;;;0;no candidate in the register;2026-09-11T07:30:36.0057678Z;1;Re: SVJ Masarykova 458, Liberec, IČ 25461630 - Dotaz k úpravě podmínky čerpání;25461630 Společenství vlastníků Masarykova 458, Liberec
spolecenstvi vlastniku jednotek domu cp 2742 v tabore;Name;Společenství vlastníků jednotek domu čp. 2742 v Táboře;Found;26089831;Společenství vlastníků jednotek domu čp. 2742 v Táboře;;145;Tábor;Varšavská 2742/6, 39005 Tábor;True;1;;2026-09-11T07:30:36.2895356Z;3;RE: kontrola zápisu Společenství vlastníků jednotek domu čp. 2742 v Táboře, IČ 26089831;26089831 Společenství vlastníků jednotek domu čp. 2742 v Táboře
stratil v o s;Name;Stratil v.o.s.;Found;25326236;Střední odborná škola - PaedDr. Stratil s.r.o. - v likvidaci;SpoleÄŤnost s ruÄŤenĂ­m omezenĂ˝m;112;Kroměříž;Bílanská 1827/3, 76701 Kroměříž;True;1;;2026-09-11T07:30:36.5580516Z;3;cps id: 2074076234;25388185 Advokátní kancelář Bezucha, Klimeš, Stratil s.r.o
selska a s;Name;Selská a.s.;Found;75027577;Základní škola a mateřská škola s polským jazykem vyučovacím Havířov, příspěvková organizace;PĹ™Ă­spÄ›vkovĂˇ organizace;331;Havířov;Selská 429/14, Bludovice, 73601 Havířov;True;1;;2026-09-11T07:30:36.7995691Z;2;Re: Selská a.s.;28188594 Selská akciová společnost
spolecenstvi vlastniku jednotek skacelova 3;Name;Společenství vlastníků jednotek Skácelova 3;Found;26902877;Společenství vlastníků jednotek Skácelova 3,5, 695 03 Hodonín;;145;Hodonín;Skácelova 3062/3, 69501 Hodonín;True;1;;2026-09-11T07:30:37.0737774Z;5;Re: CPS - MSE: výsledek schvalování- klient: Společenství vlastníků jednotek Skácelova 3,5, 695 03 Hodonín, IČ/RČ: 26902877;26902877 Společenství vlastníků jednotek Skácelova 3,5, 695 03 Hodonín
voyages private a s;Name;Voyages Private a.s.;Found;27662489;Voyages Private a.s.;AkciovĂˇ spoleÄŤnost;121;Praha;Rybná 716/24, Staré Město, 11000 Praha 1;True;1;;2026-09-11T07:30:37.3310382Z;3;Fw: Voyages Private a.s., IČ 27662489, Posouzení návrhů SoSBK a Kupní smlouvy;27662489 Voyages Private a.s
kupni smlouvy tomeri s r o;Name;Kupní smlouvy TOMERI s.r.o.;NotFound;;;;;;;;0;no candidate in the register;2026-09-11T07:30:37.6117668Z;3;Re: Kupní smlouvy TOMERI s.r.o., IČ 08555672;08555672 Byty Nemocniční s.r.o
domirox capital s r o a buildex group s r o;Name;Domirox Capital s.r.o. a BUILDEX GROUP s.r.o.;NotFound;;;;;;;;0;no candidate in the register;2026-09-11T07:30:37.9408060Z;2;Re: Dohoda o závazcích/vypořádání mezi spol. Domirox Capital s.r.o. a BUILDEX GROUP s.r.o.;Domirox Capital s.r.o. a BUILDEX GROUP s.r.o
immo invest s r o;Name;IMMO-Invest s.r.o.;Found;63473186;IMMO-Invest s.r.o.;SpoleÄŤnost s ruÄŤenĂ­m omezenĂ˝m;112;Praha;Haštalská 1072/6, Staré Město, 11000 Praha 1;True;1;;2026-09-11T07:30:38.1643335Z;4;Re: Migrace WSPK do ČS a.s. - společnosti Alpha Invest, s.r.o. (IČ 26191431), AUDITOR, spol. s r.o. (IČ 41186711), IMMO-Invest s.r.o. (IČ 63473186);63473186 IMMO-Invest s.r.o
svj by melo probehnout mimo prohlaseni vlastnika zasa;Name;SVJ by mělo proběhnout mimo prohlášení vlastníka. Zása;NotFound;;;;;;;;0;no candidate in the register;2026-09-11T07:30:38.3978343Z;2;Re: Tomeš Daniel_Fw: Dotaz - prohlášení vlastníka u PBH;SVJ by mělo proběhnout mimo prohlášení vlastníka. Zása
foziton s r o;Name;Foziton s.r.o.;NotFound;;;;;;;;0;no candidate in the register;2026-09-11T07:30:38.6527637Z;5;Re: Foziton s.r.o. ič 29026342;29026342 Fotizon s.r.o
ok family invest s r o;Name;OK FAMILY INVEST s.r.o.;Found;08467242;OK FAMILY INVEST s.r.o.;SpoleÄŤnost s ruÄŤenĂ­m omezenĂ˝m;112;České Budějovice;Nerudova 941/40, České Budějovice 3, 37004 České Budějovice;True;1;;2026-09-11T07:30:38.9306717Z;4;Fw: cps 2076675177, OK FAMILY INVEST s.r.o. ičo 08467242;08467242 OK FAMILY INVEST s.r.o
cemel servis s r o;Name;CEMEL servis s.r.o.;Found;06475167;CEMEL servis s.r.o.;SpoleÄŤnost s ruÄŤenĂ­m omezenĂ˝m;112;Přerov;Sušilova 1264/45, Přerov I-Město, 75002 Přerov;True;1;;2026-09-11T07:30:39.1783036Z;2;Re: CEMEL servis s.r.o., IČ: 06475167, ID žádosti 2050146214;06475167 CEMEL servis s.r.o
07244223;Ico;07244223;Found;07244223;BRUNHILDA -FIN s.r.o.;SpoleÄŤnost s ruÄŤenĂ­m omezenĂ˝m;112;Praha;Antala Staška 1859/34, Krč, 14000 Praha 4;True;0;;2026-09-11T07:30:39.3747300Z;10;Re: Tomáš Matyš. RČ 7404171610, CPS 2074311956 ;07244223 a.s
wls group s r o;Name;WLS group s.r.o.;Found;06797245;WLS group s.r.o.;SpoleÄŤnost s ruÄŤenĂ­m omezenĂ˝m;112;Praha;Ke Kamýku 462/12, Kamýk, 14200 Praha 4;True;1;;2026-09-11T07:30:39.7270270Z;4;Re: firma WLS group s.r.o. ICO 06797245 -  plnění smluvních podmínek;06797245 WLS group s.r.o
multimont s r o;Name;Multimont s.r.o.;Found;25204971;MULTIMONT s.r.o.;SpoleÄŤnost s ruÄŤenĂ­m omezenĂ˝m;112;Plzeň;Vojanova 739/7, Skvrňany, 31800 Plzeň;True;2;;2026-09-11T07:30:39.9965011Z;2;Multimont s.r.o., IČ 25204971 - plná moc;25204971 MULTIMONT s.r.o
zmena vlastnicke struktury firma daxo s r o;Name;Změna vlastnické struktury_firma DAXO s.r.o.;NotFound;;;;;;;;0;no candidate in the register;2026-09-11T07:30:40.2242741Z;1;Re:  Změna vlastnické struktury_firma DAXO s.r.o. IČ: 29195136 _ Společenská smlouva k posouzení/PROSBA;29195136 DAXO s.r.o
pronajem obalu s r o;Name;Pronájem obalů s.r.o.;Found;07770596;Pronájem obalů s.r.o.;SpoleÄŤnost s ruÄŤenĂ­m omezenĂ˝m;112;Mladá Boleslav;Bezděčín 43, 29301 Mladá Boleslav;True;1;;2026-09-11T07:30:40.4997591Z;3;konzultace kupní smlouvy k nemovitosti - klient Pronájem obalů s.r.o., IČ 07770596, číslo žádosti 2069708428;07770596 Pronájem obalů s.r.o
svj fucikova 29304415;Name;SVJ Fučíkova 29304415;NotFound;;;;;;;;0;no candidate in the register;2026-09-11T07:30:40.7758965Z;1;Re: SVJ Fučíkova 29304415;29304415 Společenství vlastníků Fučíkova 861
generali ceska pojistovna a s;Name;Generali Česká pojišťovna a.s.;Found;45272956;Generali Česká pojišťovna a.s.;AkciovĂˇ spoleÄŤnost;121;Praha;Spálená 75/16, Nové Město, 11000 Praha 1;True;1;;2026-09-11T07:30:41.0009362Z;3;Fw: posouzení SOD;61964638 Fryderyk Kornuta
autojeraby cab s r o;Name;Autojeřáby Cáb s.r.o.;Found;29454531;Autojeřáby Cáb, s.r.o.;SpoleÄŤnost s ruÄŤenĂ­m omezenĂ˝m;112;Rožnov pod Radhoštěm;Hasičská 2630, 75661 Rožnov pod Radhoštěm;True;1;;2026-09-11T07:30:41.2729473Z;2;Re:  Autojeřáby Cáb s.r.o. _Fw: Rozhodnutí jediného společníka;26867125 IZOLTING MORAVIA s.r.o
svj cluid 9004 04 24 13 13 36 701280;Name;SVJ CLUID  9004-04-24-13.13.36.701280;NotFound;;;;;;;;0;no candidate in the register;2026-09-11T07:30:41.5180002Z;6;FW: zápis SVJ CLUID  9004-04-24-13.13.36.701280;25967835 Společenství vlastníků jednotek domu Devotyho 2447 - 2448, Pardubice - Zelené Předměstí
byty zbraslav s r o;Name;Byty Zbraslav s.r.o.;Found;21488061;Byty Zbraslav s.r.o.;SpoleÄŤnost s ruÄŤenĂ­m omezenĂ˝m;112;Praha;Slatiňanská 3240/3, Horní Počernice, 19300 Praha 9;True;1;;2026-09-11T07:30:41.7858276Z;4;Fw: Předkontrola podmínek k čerpání, IČ: 21488061, Byty Zbraslav s.r.o. ;21488061 Byty Zbraslav s.r.o
dotaz retimmo kyjov a s;Name;Dotaz RETIMMO Kyjov a.s.;NotFound;;;;;;;;0;no candidate in the register;2026-09-11T07:30:42.0537771Z;3;FW: Fw: Dotaz RETIMMO Kyjov a.s., IČO: 05139856;05139856 RETIMMO Kyjov a.s
radava s r o;Name;RADAVA s.r.o.;Found;27089967;RADAVA, s.r.o.;SpoleÄŤnost s ruÄŤenĂ­m omezenĂ˝m;112;Rakovník;Pražská 139, Rakovník II, 26901 Rakovník;True;3;;2026-09-11T07:30:42.3362768Z;4;FW: RADAVA s.r.o., IČ 27089967;27089967 RADAVA, s.r.o
zhreality s r o;Name;ZHreality s.r.o.;Found;21195528;ZHreality s.r.o.;SpoleÄŤnost s ruÄŤenĂ­m omezenĂ˝m;112;Višňová;Poustka 78, 46401 Višňová;True;1;;2026-09-11T07:30:42.5744930Z;4;Fw:  ZHreality s.r.o. (IČ 21195528) - akceptace smlouvy o půjčce;21195528 ZHreality s.r.o
spolecenstvi vlastniku jednotek hermanova 456;Name;Společenství vlastníků jednotek Heřmanova 456;Found;72077395;Společenství vlastníků jednotek Heřmanova 456, Praha 7;;145;Praha;Heřmanova 456/43, Holešovice, 17000 Praha 7;True;1;;2026-09-11T07:30:42.8417667Z;4;Fw: Zápis SVJ - financování 2 500 000 : Společenství vlastníků jednotek Heřmanova 456, Praha 7, IČ: 72077395;72077395 Společenství vlastníků jednotek Heřmanova 456, Praha 7
bydleni hradiste s r o;Name;Bydlení Hradiště s.r.o.;Found;08101141;Bydlení Hradiště, s. r. o.;SpoleÄŤnost s ruÄŤenĂ­m omezenĂ˝m;112;Mnichovo Hradiště;Havlíčkova 507, 29501 Mnichovo Hradiště;True;1;;2026-09-11T07:30:43.1217607Z;3;FW: Re: Bydlení hradiště / zápůjčka č. 2 / dokumentace / průvodní komentář;71471537 JUDr. Aleš Minařík - advokátní kancelář
eurosynapses s r o;Name;EuroSynapses s.r.o.;Found;01726234;EuroSynapses s.r.o.;SpoleÄŤnost s ruÄŤenĂ­m omezenĂ˝m;112;Praha;Plzeňská 3217/16, Smíchov, 15000 Praha 5;True;1;;2026-09-11T07:30:43.3587382Z;7;Fw: EuroSynapses s.r.o., IČ: 01726234;01726234 EuroSynapses s.r.o
nides s r o;Name;NIDES s.r.o.;Found;28298764;NIDES s.r.o.;SpoleÄŤnost s ruÄŤenĂ­m omezenĂ˝m;112;Brno;Tuřanka 1222/115, Slatina, 62700 Brno;True;1;;2026-09-11T07:30:43.6302463Z;3;Fw: NIDES s.r.o. 28298764, ID CPS: 2050744580;28298764 NIDES s.r.o
skindesign s r o;Name;SkinDesign s.r.o.;Found;29057787;SkinDesign s.r.o.;SpoleÄŤnost s ruÄŤenĂ­m omezenĂ˝m;112;Horní Bezděkov;Pod Březinou 166, 27351 Horní Bezděkov;True;1;;2026-09-11T07:30:43.9479140Z;3;Fw: URGENTNÍ výzva ČNB - Ing. Eva Scheinerová;29057787 SkinDesign s.r.o
po svarcstav s r o;Name;PO Švarcstav s.r.o.;NotFound;;;;;;;;0;no candidate in the register;2026-09-11T07:30:44.1501304Z;2;Fw: Dotaz;18035973 Švarcstav s.r.o
chaty ratmirov s r o;Name;Chaty Ratmírov s.r.o.;Found;05272947;Chaty Ratmírov s.r.o.;SpoleÄŤnost s ruÄŤenĂ­m omezenĂ˝m;112;Blažejov;č.p. 101, 37852 Blažejov;True;1;;2026-09-11T07:30:44.4095330Z;4;Fw: Daňový doklad za Ratiboř;05272947 Chaty Ratmírov s.r.o
unis services s r o;Name;Unis Services s.r.o.;Found;29370451;Unis Services s.r.o.;SpoleÄŤnost s ruÄŤenĂ­m omezenĂ˝m;112;Brno;Kudelova 1852/4a, Černá Pole, 60200 Brno;True;1;;2026-09-11T07:30:44.6982802Z;3;FW: zajištěné dluhy;29370451 Unis Services s.r.o
a m r system s r o;Name;A M R SYSTEM s.r.o.;Found;29448832;A M R SYSTEM s.r.o.;SpoleÄŤnost s ruÄŤenĂ­m omezenĂ˝m;112;Ostrava;Teslova 1125, Přívoz, 70200 Ostrava;True;2;;2026-09-11T07:30:44.9636981Z;3;Re: Fw: potvrzení A M R system  GOBG623003575;29448832 A M R SYSTEM s.r.o
cinnosti dome property s r o;Name;Činnosti Dome Property s.r.o.;NotFound;;;;;;;;0;no candidate in the register;2026-09-11T07:30:45.1954423Z;4;Fw: Dome Property dokald o zaplaceni dane v hotovosti, Dohoda o uschove podepsana, navrhy Plna moc US, ZS a aval;Činnosti Dome Property s.r.o
flexi uveru interservis liberec s r o;Name;Flexi úvěru Interservis Liberec s.r.o.;NotFound;;;;;;;;0;no candidate in the register;2026-09-11T07:30:45.4586221Z;4;Žádost o stanovisko FW: RE: vyčíslení Flexi úvěru Interservis Liberec s.r.o. IČ 60280581 (refinancování ČS);60280581 INTERSERVIS LIBEREC s.r.o
radnicka s r o;Name;Radnická s.r.o.;Found;04819462;Radnická s.r.o.;SpoleÄŤnost s ruÄŤenĂ­m omezenĂ˝m;112;Radnice;Nádražní 643, 33828 Radnice;True;1;;2026-09-11T07:30:45.7260010Z;8;Fw: Radnická s.r.o., IČ: 04819462- úprava smluvní dokumentace;04819462 Radnická s.r.o
abplast s r o;Name;ABPLAST s.r.o.;Found;;Abplast s.r.o.;SpoleÄŤnost s ruÄŤenĂ­m omezenĂ˝m;112;Sebranice;č.p. 351, 56962 Sebranice;True;4;;2026-09-11T07:30:46.0346612Z;3;Re: Prosba urgentní dotaz - zastupování společnosti - ABPLAST s.r.o., IČ 27531813;27531813 ABPLAST s.r.o
gennanio s r o;Name;GENNANIO s.r.o.;Found;29442320;GENNANIO s.r.o.;SpoleÄŤnost s ruÄŤenĂ­m omezenĂ˝m;112;Olomouc;Dolní náměstí 55/33, 77900 Olomouc;True;2;;2026-09-11T07:30:46.2681987Z;1;Žádost o právní vyjádření - zápis fin. úřadu na LV;29442320 GENNANIO s.r.o
rd janova s r o;Name;RD-Janová s.r.o.;Found;09565248;RD-Janová s.r.o.;SpoleÄŤnost s ruÄŤenĂ­m omezenĂ˝m;112;Dolní Němčí;Nivnická 907, 68762 Dolní Němčí;True;1;;2026-09-11T07:30:46.5174680Z;4;Re:  Žádost - RD-Janová s.r.o., IČ 09565248;09565248 RD-Janová s.r.o
mba a spolecnosti tia services s r o;Name;MBA a společností Tia Services s.r.o.;NotFound;;;;;;;;0;no candidate in the register;2026-09-11T07:30:46.7932439Z;2;FW: ávrh dodatku č. 1 protokolu o notářské úschově peněz + dodatek ke KS;06684921 Tia Trans s.r.o
podminky cerpani techart systems s r o;Name;Podmínky čerpání TECHart systems s.r.o.;NotFound;;;;;;;;0;no candidate in the register;2026-09-11T07:30:47.0429966Z;1;Fw: Podmínky čerpání TECHart systems s.r.o.;26172615 TECHart systems s.r.o
hanel s r o;Name;Háněl s.r.o.;NotFound;;;;;;;;4;4 candidate(s), none an exact name match;2026-09-11T07:30:47.3750957Z;1;Stavitelství - Háněl s.r.o. - CLUID: 8013-05-22-12.22.08.776593 - dotaz;01732838 Stavitelství - Háněl s.r.o
pavel meskar meskar spido s r o;Name;Pavel Meskař Meskar Spido s.r.o.;NotFound;;;;;;;;0;no candidate in the register;2026-09-11T07:30:47.6257518Z;2;Meskař Spído - kontrola smluv;27138640 MESKAR SPÍDO, s.r.o
maxik invest s r o;Name;Maxík Invest s.r.o.;Found;21630216;Maxik invest s.r.o.;SpoleÄŤnost s ruÄŤenĂ­m omezenĂ˝m;112;Jindřichův Hradec;Hvězdná 57, Jindřichův Hradec V, 37701 Jindřichův Hradec;True;1;;2026-09-11T07:30:47.8506830Z;1;Maxik invest - nákup obchodního podílu na Maxík Market;21630216 Maxik invest s.r.o
roziva a s;Name;Roživa a.s.;Found;25313738;ROŽIVA a.s.;AkciovĂˇ spoleÄŤnost;121;Kašnice;č.p. 84, 69172 Kašnice;True;1;;2026-09-11T07:30:48.1141114Z;4;zástavní smlouva pohledávek z účtu - Roživa a.s.;25313738 ROŽIVA a.s
palackeho nemovitostni s r o;Name;Palackého nemovitostní s.r.o.;Found;22093613;Palackého nemovitostní s.r.o.;SpoleÄŤnost s ruÄŤenĂ­m omezenĂ˝m;112;Praha;Na Cihlářce 3177/30, Smíchov, 15000 Praha 5;True;1;;2026-09-11T07:30:48.4031257Z;2;Čerpání z jistotního běžného účtu - Palackého nemovitostní s.r.o., IČ: 22093613 - řešení výplaty;22093613 Palackého nemovitostní s.r.o
87771161;Ico;87771161;Found;87771161;Martin Smrček;FyzickĂˇ osoba podnikajĂ­cĂ­ dle ĹľivnostenskĂ©ho zĂˇkona;101;Praha;Kaprova 42/14, Staré Město, 11000 Praha 1;True;0;;2026-09-11T07:30:48.5764772Z;2;kontrola dokumentace _ Potvrzení o zrušení KTK automat;87771161 a.s
relax nemovitosti s r o;Name;Relax Nemovitosti s.r.o.;Found;05852501;Relax Nemovitosti s.r.o.;SpoleÄŤnost s ruÄŤenĂ­m omezenĂ˝m;112;Vyškov;9. května 695/14a, Vyškov-Předměstí, 68201 Vyškov;True;2;;2026-09-11T07:30:48.9704053Z;1;Re: Relax Nemovitosti s.r.o., IČO 05852501;05852501 Relax Nemovitosti s.r.o
bartek dent s r o;Name;Bártek Dent s.r.o.;Found;08998001;Bártek Dent s.r.o.;SpoleÄŤnost s ruÄŤenĂ­m omezenĂ˝m;112;Bílovice nad Svitavou;S. K. Neumanna 611, 66401 Bílovice nad Svitavou;True;1;;2026-09-11T07:30:49.1792946Z;3;SBERBANK-Fw: Bártek Dent s.r.o., IČ: 08998001 - čú: 271144;08998001 Bártek Dent s.r.o
whg instal s r o;Name;WHG INSTAL s.r.o.;Found;04099991;WHG INSTAL s.r.o.;SpoleÄŤnost s ruÄŤenĂ­m omezenĂ˝m;112;Mirošov;Prokopova 693, 33843 Mirošov;True;1;;2026-09-11T07:30:49.4402654Z;3;Re: WHG INSTAL s.r.o.-Fw: Zápis z valné hromady;04099991 WHG INSTAL s.r.o
vas s dotazem ohledne firmy prevencezdravi s r o;Name;Vás s dotazem ohledně firmy Prevencezdraví s.r.o.;NotFound;;;;;;;;0;no candidate in the register;2026-09-11T07:30:49.7199102Z;2;Re: dotaz ohledně firmy v likvidaci;05118450 Vás s dotazem ohledně firmy Prevencezdraví s.r.o
svj nebo jsou z tohoto vyjmuti tim;Name;SVJ - nebo jsou z tohoto vyjmuti? - tím;NotFound;;;;;;;;0;no candidate in the register;2026-09-11T07:30:49.9575940Z;2;ručení vlastníků SVJ ;SVJ - nebo jsou z tohoto vyjmuti- - tím
19481233;Ico;19481233;Found;19481233;VELVEX DFM s.r.o.;SpoleÄŤnost s ruÄŤenĂ­m omezenĂ˝m;112;Slaný;Pražská 338, 27401 Slaný;True;0;;2026-09-11T07:30:50.1590769Z;3;FW: VELVEX DFM s.r.o-Fw: Kontrola zápisu z VH;19481233 VELVEX DFM s.r.o
velvex dfm s r o;Name;VELVEX DFM s.r.o.;Found;19481233;VELVEX DFM s.r.o.;SpoleÄŤnost s ruÄŤenĂ­m omezenĂ˝m;112;Slaný;Pražská 338, 27401 Slaný;True;1;;2026-09-11T07:30:50.5370290Z;3;FW: VELVEX DFM s.r.o-Fw: Kontrola zápisu z VH;19481233 VELVEX DFM s.r.o
svj holeckova 2236;Name;SVJ Holečkova 2236;NotFound;;;;;;;;0;no candidate in the register;2026-09-11T07:30:50.7522313Z;2;Automatická odpověď: 29151228 SVJ Holečkova 2236;29151228 Společenství vlastníků jednotek Holečkova 2236
14011298;Ico;14011298;Found;14011298;RONELT s.r.o.;SpoleÄŤnost s ruÄŤenĂ­m omezenĂ˝m;112;Želechovice nad Dřevnicí;Výpusta 656, 76311 Želechovice nad Dřevnicí;True;0;;2026-09-11T07:30:50.9744088Z;1;Fw: RONELT s.r.o. - Zápis z valné hromady;14011298 RONELT s.r.o
queed selection s r o;Name;QUEED SELECTION s.r.o.;Found;04778324;QUEED SELECTION s.r.o.;SpoleÄŤnost s ruÄŤenĂ­m omezenĂ˝m;112;Praha;Bubenečská 257/7, Dejvice, 16000 Praha 6;True;1;;2026-09-11T07:30:51.3401445Z;5;Fw: Refinancování, poté předvod na OSVČ;04946189 Minh Thanh Quach
a s r o;Name;A s.r.o.;Failed;;;;;;;;0;HTTP 400 - The remote server returned an error: (400) Bad Request.;2026-09-11T07:30:51.5600124Z;3;Re: D - corp A s.r.o. ič 19789912;19789912 D-Corp Property A s.r.o
dhh comfort s r o;Name;DHH comfort s.r.o.;Found;05785600;DHH comfort s.r.o.;SpoleÄŤnost s ruÄŤenĂ­m omezenĂ˝m;112;Brno;Černovičky 1386/26, Slatina, 62700 Brno;True;1;;2026-09-11T07:30:51.8285351Z;4;Fw: DHH comfort s.r.o. IČ 05785600;05785600 DHH comfort s.r.o
sosbk projektove byty uhlirske janovice s r o;Name;SOSBK Projektové Byty Uhlířské Janovice s.r.o.;NotFound;;;;;;;;0;no candidate in the register;2026-09-11T07:30:52.0756175Z;4;Re: SOSBK Projektové Byty Uhlířské Janovice s.r.o. 07021054;07021054 Byty Uhlířské Janovice s.r.o
spolecenstvi vlastniku domu 1465 1466 ve slanem 26509482;Name;Společenství vlastníků domu 1465-1466 ve Slaném 26509482;NotFound;;;;;;;;0;no candidate in the register;2026-09-11T07:30:52.3794409Z;2;Společenství vlastníků domu 1465-1466 ve Slaném 26509482, případ č. 2079411102;26509482 Společenství vlastníků domu 1465-1466 ve Slaném
htc linh anh s r o;Name;HTC Linh Anh s.r.o.;Found;05788846;HTC Linh Anh s.r.o.;SpoleÄŤnost s ruÄŤenĂ­m omezenĂ˝m;112;Ostrava;Bohumíra Četyny 932/6, Bělský Les, 70030 Ostrava;True;1;;2026-09-11T07:30:52.6368667Z;2;RE: Bělský les 2055677044;HTC Linh Anh s.r.o
gyneo spol s r o;Name;GYNEO spol. s r.o.;Found;48203581;GYNEO, spol. s r.o.;SpoleÄŤnost s ruÄŤenĂ­m omezenĂ˝m;112;České Budějovice;U Tří lvů 294/4, České Budějovice 6, 37001 České Budějovice;True;2;;2026-09-11T07:30:52.8832902Z;3;Fw: GYNEO spol. s r.o., IČ 48203581;48203581 GYNEO, spol. s r.o
jv holdings s r o;Name;JV holdings s.r.o.;Found;06710832;JV holdings s.r.o.;SpoleÄŤnost s ruÄŤenĂ­m omezenĂ˝m;112;Praha;Na květnici 713/7, Nusle, 14000 Praha 4;True;1;;2026-09-11T07:30:53.1397499Z;5;FW: JV holdings s.r.o. ičo: 06710832 - plná moc k podpisu dokumentace;06710832 JV holdings s.r.o
spolecenstvi vlastniku jednotek domu zborovska 4140 ve zline;Name;Společenství vlastníků jednotek domu Zborovská 4140 ve Zlíně;Found;26229749;Společenství vlastníků jednotek domu Zborovská 4140 ve Zlíně;;145;Zlín;Zborovská 4140, Příluky, 76001 Zlín;True;1;;2026-09-11T07:30:53.3872099Z;2;Re: Společenství vlastníků jednotek domu Zborovská 4140 ve Zlíně, IČ: 26229749, č. úvěrového účtu 498971129.;26229749 Společenství vlastníků jednotek domu Zborovská 4140 ve Zlíně
l v rent s r o;Name;L.V. RENT s.r.o.;Found;10674195;L.V. RENT s.r.o.;SpoleÄŤnost s ruÄŤenĂ­m omezenĂ˝m;112;Orlová;Zátiší 1001, Poruba, 73514 Orlová;True;1;;2026-09-11T07:30:53.7085492Z;5;Automatická odpověď: L.V. RENT s.r.o., IČ 10674195, č v CPS 2078897255 - kontrola dokumentů k čerpání;10674195 L.V. RENT s.r.o
bau s r o;Name;Bau s.r.o.;NotFound;;;;;;;;5;5 candidate(s), none an exact name match;2026-09-11T07:30:53.9760742Z;5;Re: FM - Bau s.r.o. ičo 10806822;10806822 FM - BAU s.r.o
ostrov realit s r o;Name;OSTROV REALIT s.r.o.;Found;08326819;OSTROV REALIT s.r.o.;SpoleÄŤnost s ruÄŤenĂ­m omezenĂ˝m;112;Zábřeh;Stanislava Lolka 1930/2a, 78901 Zábřeh;True;1;;2026-09-11T07:30:54.1800714Z;3;Fw: URGENT - žádost o nový úvěr ID 2047293535 - klient OSTROV REALIT s.r.o. , IČ 08326819;08326819 OSTROV REALIT s.r.o
kvapil technologies s r o;Name;Kvapil technologies s.r.o.;Found;05019737;KVAPIL TECHNOLOGIES s.r.o.;SpoleÄŤnost s ruÄŤenĂ­m omezenĂ˝m;112;Staré Město;Hradišťská 1955, 68603 Staré Město;True;1;;2026-09-11T07:30:54.4333997Z;2;Re: účel úvěru (EMUS 6795-2023);Kvapil technologies s.r.o
budouci smlouve o prevodu podilu v s r o;Name;budoucí smlouvě o převodu podílu v s.r.o.;NotFound;;;;;;;;0;no candidate in the register;2026-09-11T07:30:54.7692377Z;4;FW: Checklisty kontrol SME standard;budoucí smlouvě o převodu podílu v s.r.o
spolecenstvi vlastniku jednotek domu orechova 2840 1;Name;Společenství vlastníků jednotek domu Ořechová 2840/1;Found;25434551;Společenství vlastníků jednotek domu Ořechová 2840/1, 2841/3, 2842/5 v Ústí nad Labem;;145;Ústí nad Labem;Ořechová 2841/3, Severní Terasa, 40011 Ústí nad Labem;True;1;;2026-09-11T07:30:54.9807478Z;2;Re: Společenství vlastníků jednotek domu Ořechová 2840/1, 2841/3, 2842/5 v Ústí nad Labem (25434551);25434551 Společenství vlastníků jednotek domu Ořechová 2840-1, 2841-3, 2842-5 v Ústí nad Labem
spolecenstvi vlastniku jednotek domu josefa hory 4115 27;Name;Společenství vlastníků jednotek domu Josefa Hory 4115/27;Found;28740882;Společenství vlastníků jednotek domu Josefa Hory 4115/27, Jablonec nad Nisou;;145;Jablonec nad Nisou;Josefa Hory 4115/27, Mšeno nad Nisou, 46604 Jablonec nad Nisou;True;1;;2026-09-11T07:30:55.2667341Z;4;FW: Společenství vlastníků jednotek domu Josefa Hory 4115/27, Jablonec nad Nisou -Fw: Prosba o stanovisko k zápisu ;28740882 Společenství vlastníků jednotek domu Josefa Hory 4115-27, Jablonec nad Nisou
kubik a s;Name;Kubík a.s.;Found;25928082;Kubík a.s.;AkciovĂˇ spoleÄŤnost;121;Praha;U Prašné brány 1090/2, Staré Město, 11000 Praha 1;True;3;;2026-09-11T07:30:55.5768188Z;2;PBH pro Nguyen Thi Thu Trang, č. žádosti 2070786969 - Prosba o stanovisko k dokumentům pro vypořádání Kupní ceny;28245989 Ha Hao TIEU
parasuco division s r o;Name;Parasuco Division s.r.o.;Found;24200638;Parasuco Division s.r.o.;SpoleÄŤnost s ruÄŤenĂ­m omezenĂ˝m;112;Praha;Čihákova 1822/32, Libeň, 19000 Praha 9;True;1;;2026-09-11T07:30:55.7916684Z;4;Fw: Parasuco Division s.r.o.  IČ 24200638 úvěr č. 454796189;24200638 Parasuco Division s.r.o
ri stav s r o;Name;RI-STAV s.r.o.;Found;25350366;RI-STAV s.r.o.;SpoleÄŤnost s ruÄŤenĂ­m omezenĂ˝m;112;Litovel;Tři Dvory 49, 78401 Litovel;True;1;;2026-09-11T07:30:55.9706557Z;1;Fw: RI-STAV s.r.o., IČ: 25350366, ID 2051783835  - dotaz FIB;25350366 RI-STAV s.r.o
mrazek kovo s r o;Name;Mrázek-kovo s.r.o.;Found;03327159;MRÁZEK-KOVO s.r.o.;SpoleÄŤnost s ruÄŤenĂ­m omezenĂ˝m;112;Jívoví;č.p. 105, 59451 Jívoví;True;1;;2026-09-11T07:30:56.2492049Z;3;Re: Mrázek-kovo s.r.o., 03327159, FVE na střeše nemovitosti v zástavě ČS;03327159 MRÁZEK-KOVO s.r.o
super domy s r o;Name;SUPER DOMY s.r.o.;Found;11882336;SUPER DOMY s.r.o.;SpoleÄŤnost s ruÄŤenĂ­m omezenĂ˝m;112;Praha;Kpt. Stránského 980/17, Černý Most, 19800 Praha 9;True;1;;2026-09-11T07:30:56.5079087Z;3;PM - IČO 11882336, SUPER DOMY s.r.o.;11882336 SUPER DOMY s.r.o
spolecenstvi vlastniku jednotek domu neustupneho 1839 8;Name;Společenství vlastníků jednotek domu Neustupného 1839/8;Found;24727253;Společenství vlastníků jednotek domu Neustupného 1839/8;;145;Praha;Neustupného 1839/8, Stodůlky, 15500 Praha 5;True;1;;2026-09-11T07:30:56.8392653Z;2;Re: Indikativní nabídka ČS Zadost 1839;Společenství vlastníků jednotek domu Neustupného 1839-8
svj je 28826370;Name;SVJ je 28826370;NotFound;;;;;;;;0;no candidate in the register;2026-09-11T07:30:57.0101538Z;1;Re: prosba - dotaz;28826370 Společenství vlastníků bytů, Dobrušská 622-623, Opočno
28228235;Ico;28228235;Found;28228235;Anglicko-české gymnázium AMAZON s.r.o.;SpoleÄŤnost s ruÄŤenĂ­m omezenĂ˝m;112;Praha;Rytířská 406/10, Staré Město, 11000 Praha 1;True;0;;2026-09-11T07:30:57.2337184Z;3;FW: Anglicko-české gymnázium AMAZON s.r.o. (CLUID 9008-01-16-11.18.20.339098), CPS 2047953377;28228235 Anglicko-české gymnázium AMAZON s.r.o
anglicko ceske gymnazium amazon s r o;Name;Anglicko-české gymnázium AMAZON s.r.o.;Found;28228235;Anglicko-české gymnázium AMAZON s.r.o.;SpoleÄŤnost s ruÄŤenĂ­m omezenĂ˝m;112;Praha;Rytířská 406/10, Staré Město, 11000 Praha 1;True;1;;2026-09-11T07:30:57.6376865Z;3;FW: Anglicko-české gymnázium AMAZON s.r.o. (CLUID 9008-01-16-11.18.20.339098), CPS 2047953377;28228235 Anglicko-české gymnázium AMAZON s.r.o
stamed s r o;Name;Stamed s.r.o.;Found;29161941;Stamed s.r.o.;SpoleÄŤnost s ruÄŤenĂ­m omezenĂ˝m;112;Zruč-Senec;Vřesová 667, Zruč, 33008 Zruč-Senec;True;1;;2026-09-11T07:30:57.8286511Z;3;Re: Stamed s.r.o., IČ 29161941 - korporátní souhlas;29161941 Stamed s.r.o
eurohomes s r o;Name;EuroHomes s.r.o.;Found;19252790;EuroHomes s.r.o.;SpoleÄŤnost s ruÄŤenĂ­m omezenĂ˝m;112;Praha;Kurzova 2222/16, Stodůlky, 15500 Praha 5;True;1;;2026-09-11T07:30:58.1362241Z;1;Fw: Posouzení dokumentace;07701403 BALYMODI s.r.o
csad karvina a s;Name;ČSAD Karviná a.s.;Found;09889981;Odborový svaz dopravy, základní organizace v ČSAD Karviná a.s., provoz Orlová;;707;Karviná;Bohumínská 347/15, Staré Město, 73301 Karviná;True;1;;2026-09-11T07:30:58.3744886Z;4;Re: Dotaz k udělení souhlasu se zástavou;ČSAD Karviná a.s
spolecenstvi vlastniku jednotek domu v dobranech;Name;Společenství vlastníků jednotek domu v Dobřanech;NotFound;;;;;;;;5;5 candidate(s), none an exact name match;2026-09-11T07:30:58.6746917Z;1;Re: Společenství vlastníků jednotek domu v Dobřanech, Loudů č.p. 949 a č.p. 950, IČO: 73714186, CLUID: 9010-10-22-10.25.15.136889;73714186 Společenství vlastníků jednotek domu v Dobřanech, Loudů č.p. 949 a č.p. 950
svj je povinnosti statutarniho organu tedy vyboru svj;Name;SVJ je povinností statutárního orgánu (tedy výboru SVJ;NotFound;;;;;;;;0;no candidate in the register;2026-09-11T07:30:58.8671930Z;10;Re: SoD CLUID 9010-07-15-09.53.54.215536;SVJ je povinností statutárního orgánu (tedy výboru SVJ
svj velka nad velickou bude pozadovat dalsi novy uver;Name;SVJ Velká nad Veličkou bude požadovat další nový úvěr;NotFound;;;;;;;;0;no candidate in the register;2026-09-11T07:30:59.1255276Z;1;Re: dotaz ;07440618 Společenství vlastníků Velká nad Veličkou 570
lunit invest s r o;Name;Lunit-invest s.r.o.;NotFound;;;;;;;;0;no candidate in the register;2026-09-11T07:30:59.4003779Z;2;Fw: Převod bankovního účtu ;48245712 LUNIT - INVEST spol. s r. o
slezske uzeniny s r o;Name;Slezské uzeniny s.r.o.;Found;07329709;Slezské uzeniny, s.r.o.;SpoleÄŤnost s ruÄŤenĂ­m omezenĂ˝m;112;Český Těšín;Na Olšinách 361/1, 73701 Český Těšín;True;1;;2026-09-11T07:30:59.6914933Z;2;Fw: účel úvěru;07329709 Slezské uzeniny, s.r.o
pm18734 majitel ju rezidence barbora s r o;Name;PM18734 Majitel JÚ Rezidence Barbora s.r.o.;NotFound;;;;;;;;0;no candidate in the register;2026-09-11T07:30:59.9095791Z;2;Fw: konzultace založení JÚ  - koupě bez úvěru ;10783814 Rezidence Barbora s.r.o
zimerstav s r o;Name;ZIMERSTAV s.r.o.;Found;01578481;ZIMERSTAV s.r.o.;SpoleÄŤnost s ruÄŤenĂ­m omezenĂ˝m;112;Krásný Dvůr;č.p. 56, 43972 Krásný Dvůr;True;1;;2026-09-11T07:31:00.1910148Z;3;"Re: ZIMERSTAV s.r.o.; IČ 01578481";01578481 ZIMERSTAV s.r.o
eu s r o;Name;EU s.r.o.;Failed;;;;;;;;0;HTTP 400 - The remote server returned an error: (400) Bad Request.;2026-09-11T07:31:00.4566951Z;2;Re: IČ: 05059526, Ekotwist - EU s.r.o.;05059526 Ekotwist - EU s.r.o
veitsberg s r o;Name;Veitsberg s.r.o.;Found;04447123;Veitsberg s.r.o.;SpoleÄŤnost s ruÄŤenĂ­m omezenĂ˝m;112;Karlovy Vary;Olšová Vrata 59, 36001 Karlovy Vary;True;1;;2026-09-11T07:31:00.7298634Z;7;Re: Veitsberg s.r.o. --- IČ: 04447123 --- ESSO skupina;04447123 Veitsberg s.r.o
11867272;Ico;11867272;Found;11867272;GY2 s.r.o.;SpoleÄŤnost s ruÄŤenĂ­m omezenĂ˝m;112;Praha;Na strži 2097/63, Krč, 14000 Praha 4;True;0;;2026-09-11T07:31:00.9381781Z;2;FW: GY2 s.r.o. - Rozhodnutí jediného společníka;11867272 GY2 s.r.o
spolecenstvi vlastniku budivojova 21 ceske budejovice;Name;Společenství vlastníků Budivojova 21 České Budějovice;Found;26047896;Společenství vlastníků Budivojova 21 České Budějovice;;145;České Budějovice;Budivojova 1513/21, České Budějovice 3, 37004 České Budějovice;True;1;;2026-09-11T07:31:01.2390622Z;10;Fw: Společenství vlastníků Budivojova 21 České Budějovice;Společenství vlastníků Budivojova 21 České Budějovice
svj ic 28260457;Name;SVJ - IČ:28260457;NotFound;;;;;;;;0;no candidate in the register;2026-09-11T07:31:01.4880673Z;3;Fw: Dotaz - zápis ze schůze - SVJ - IČ:28260457;28260457 Společenství vlastníků jednotek pro dům Březinova 34, 35, Jihlava
00277720;Ico;00277720;Found;00277720;Městys Černý Důl;Obec;801;Černý Důl;č.p. 48, 54344 Černý Důl;True;0;;2026-09-11T07:31:01.7009028Z;3;Fw: Re[3]: Čistá;00277720 a.s
klinika trinec s r o;Name;Klinika Třinec s.r.o.;Found;02391911;Klinika Třinec s.r.o.;SpoleÄŤnost s ruÄŤenĂ­m omezenĂ˝m;112;Třinec;Beskydská 794, Lyžbice, 73961 Třinec;True;1;;2026-09-11T07:31:02.0929925Z;4;FW: Klinika Třinec s.r.o. - IČ 02391911;02391911 Klinika Třinec s.r.o
25508881;Ico;25508881;Found;25508881;Dopravní podnik města Brna, a.s.;AkciovĂˇ spoleÄŤnost;121;Brno;Hlinky 64/151, Pisárky, 60300 Brno;True;0;;2026-09-11T07:31:02.2172892Z;3;konzultace kupní smlouvy k případu 2077951881;25508881 a.s
zengrid s r o;Name;ZenGrid s.r.o.;Found;21236097;ZenGrid s.r.o.;SpoleÄŤnost s ruÄŤenĂ­m omezenĂ˝m;112;Praha;Kaprova 42/14, Staré Město, 11000 Praha 1;True;1;;2026-09-11T07:31:02.6568914Z;3;Klient ZenGrid s.r.o., IČ 21236097  úvěr Inostart;21236097 ZenGrid s.r.o
rezfin s r o;Name;REZFIN s.r.o.;Found;29222354;REZFIN s.r.o.;SpoleÄŤnost s ruÄŤenĂ­m omezenĂ˝m;112;Zlín;Přehradní 177, Kostelec, 76314 Zlín;True;1;;2026-09-11T07:31:02.8094239Z;3;Fw: Výmaz zástavního práva (REZFIN) - prosba o radu;25083325 Sberbank CZ, a.s. v likvidaci
spolecenstvi vlastniku jednotek na ulehli 1257 7 141 00 praha 4 m;Name;Společenství vlastníků jednotek   Na  Úlehli 1257/7    141  00   Praha  4  -   M;NotFound;;;;;;;;0;no candidate in the register;2026-09-11T07:31:03.0663832Z;3;Fw: Společenství vlastníků jednotek   Na  Úlehli 1257/7    141  00   Praha  4  -   Michle, IČ 26741881;26741881 Společenství vlastníků jednotek Na Úlehli 1257-7 141 00 Praha 4 - Michle
beczech s r o;Name;BECZECH s.r.o.;Found;14058120;BECZECH s.r.o.;SpoleÄŤnost s ruÄŤenĂ­m omezenĂ˝m;112;Klatovy;ul. 5. května 690, Klatovy IV, 33901 Klatovy;True;1;;2026-09-11T07:31:03.3385577Z;2;Re: dotaz ohledně dispozice  - BECZECH s.r.o. IČ 14058120;14058120 BECZECH s.r.o
svj ico 04188497;Name;SVJ IČO: 04188497.;NotFound;;;;;;;;0;no candidate in the register;2026-09-11T07:31:03.6629265Z;2;Dotaz úvěr občanského sdružení - doplacení úvěrem SVJ;04188497 Společenství vlastníků jednotek Vítězslava Nezvala 3936, Chomutov
04791380;Ico;04791380;Found;04791380;LaDenta s.r.o.;SpoleÄŤnost s ruÄŤenĂ­m omezenĂ˝m;112;Praha;Komunardů 1643/4, Holešovice, 17000 Praha 7;True;0;;2026-09-11T07:31:03.7753530Z;1;RE: ;04791380 a.s
konzultace ke klientovi jk servis tzb s r o;Name;Konzultace ke Klientovi JK servis TZB s.r.o.;NotFound;;;;;;;;0;no candidate in the register;2026-09-11T07:31:04.1218698Z;3;Konzultace ke Klientovi  JK servis TZB s.r.o., IČ 28078829;28078829 JK servis TZB s.r.o
cama servis s r o;Name;CaMa servis s.r.o.;Found;01566253;CaMa servis s.r.o.;SpoleÄŤnost s ruÄŤenĂ­m omezenĂ˝m;112;Jičín;Sedličky 73, 50601 Jičín;True;1;;2026-09-11T07:31:04.3644753Z;4;Fw: Plná moc - Luboš Carda;43142834 Luboš Carda
svj nerudova ic 25435256;Name;SVJ Nerudova IČ: 25435256;NotFound;;;;;;;;0;no candidate in the register;2026-09-11T07:31:04.6399888Z;3;RE: Společenství vlastníků jednotek domu čp. 1023, ul. Nerudova, město Děčín-Fw: 9006-07-26-04.08.49.715851  SVJ Nerudova IČ: 25435256;25435256 Společenství vlastníků jednotek domu čp. 1023, ul. Nerudova, město Děčín
bydleni halkova s r o;Name;Bydlení Hálkova s.r.o.;Found;05152739;Bydlení Hálkova s.r.o.;SpoleÄŤnost s ruÄŤenĂ­m omezenĂ˝m;112;Karlovy Vary;Hybešova 167/18, Rybáře, 36005 Karlovy Vary;True;1;;2026-09-11T07:31:04.8566455Z;3;Re: Jistotni ucet prodej BD Halkova, ku Cheb;26321017 CASSO INVEST spol. s r.o
spolecenstvi vlastniku jednotek smluvni strany sjednavaji;Name;společenství vlastníků jednotek. Smluvní strany sjednávají;NotFound;;;;;;;;0;no candidate in the register;2026-09-11T07:31:05.1141533Z;6;Fw: Smluvní dokumentace Pechlátova - komerční jednotka;27906019 HRUBÝ & BUCHVALDEK, v.o.s., advokátní kancelář
varovani panorama teplo a servis nemovitosti s r o;Name;Varování Panorama Teplo a Servis nemovitostí s.r.o.;NotFound;;;;;;;;0;no candidate in the register;2026-09-11T07:31:05.4096995Z;2;Žádost schvalovatele o souhlas -  PANORAMA, stavební bytové družstvo, CPS 2068922880;00050211 PANORAMA, stavební bytové družstvo
jizni klid s r o;Name;Jižní klid s.r.o.;NotFound;;;;;;;;0;no candidate in the register;2026-09-11T07:31:05.6529301Z;2;Fw: Zrušení účtu pro PO (již neexistující);06048161 Jižní klid s.r.o
eko modular s r o;Name;Eko modular s.r.o.;Found;06902944;Eko modular s.r.o.;SpoleÄŤnost s ruÄŤenĂ­m omezenĂ˝m;112;Uherské Hradiště;Otakarova 81, 68601 Uherské Hradiště;True;3;;2026-09-11T07:31:05.9590464Z;1;Re: Eko modular s.r.o. - specifikace podmínky týkající se finančních výkazů;06902944 Eko modular s.r.o
hrdlivska s r o;Name;Hrdlívská s.r.o.;Found;11653469;Hrdlívská s.r.o.;SpoleÄŤnost s ruÄŤenĂ­m omezenĂ˝m;112;Hrdlív;č.p. 188, 27306 Hrdlív;True;1;;2026-09-11T07:31:06.1842479Z;5;Hrdlívská s.r.o., IČ 11653469;11653469 Hrdlívská s.r.o
svj v kastankach 1074 ve slozeni ing nikola vratna;Name;SVJ V Kaštánkách 1074 ve složení Ing. Nikola Vrátná;NotFound;;;;;;;;0;no candidate in the register;2026-09-11T07:31:06.4351787Z;1;Re: Info - doplnění informací;75132885 Společenství vlastníků jednotek V Kaštánkách 1074, Pečky
tlb chotebor s r o;Name;TLB Chotěboř s.r.o.;Found;09387374;TLB Chotěboř s.r.o.;SpoleÄŤnost s ruÄŤenĂ­m omezenĂ˝m;112;Jablonec nad Nisou;U Staré lípy 4352/14, Jablonecké Paseky, 46602 Jablonec nad Nisou;True;1;;2026-09-11T07:31:06.6810068Z;3;Re: Žádost o prověření povinnosti z úvěrové smlouvy - TLB Chotěboř s.r.o. , IČ 09387374;09387374 TLB Chotěboř s.r.o
vavi s r o;Name;VAVI s.r.o.;Found;28081471;VAVI s.r.o.;SpoleÄŤnost s ruÄŤenĂ­m omezenĂ˝m;112;Vimperk;Pivovarská 475, Vimperk II, 38501 Vimperk;True;2;;2026-09-11T07:31:06.9576009Z;4;Fw: VAVI s.r.o. IČO 28081471 - dotaz;28081471 VAVI s.r.o
mize group s r o;Name;MIZE group s.r.o.;Found;27967654;MIZE group s.r.o.;SpoleÄŤnost s ruÄŤenĂ­m omezenĂ˝m;112;Plzeň;Kreuzmannova 1116/18a, Skvrňany, 31800 Plzeň;True;1;;2026-09-11T07:31:07.1887167Z;5;Fw: firma MIZE group s.r.o. IČ: 27967654_prodej byt. jednotky_KUPNÍ SMLOUVA a SMLOUVA o advokát.úschově_ŽÁDOST o konzultaci;27967654 MIZE group s.r.o
svj prosba odsouhlaseni navrhu dokumentu;Name;SVJ - prosba odsouhlasení návrhu dokumentů.;NotFound;;;;;;;;0;no candidate in the register;2026-09-11T07:31:07.4501081Z;5;"Re: ""Převod"" úvěru BD na nově vzniklé SVJ - prosba odsouhlasení návrhu dokumentů.  ";11763833 Společenství vlastníků Generála Píky 8
yit stavo s r o;Name;YIT Stavo s.r.o.;NotFound;;;;;;;;0;no candidate in the register;2026-09-11T07:31:07.7180674Z;6;Fw: CPS: 2070863244 YIT - TVM NET Facility US a ZN - Rosťa Ištok VESI;YIT Stavo s.r.o
svj se na existenci bd nic nemeni a rozhodne nedochazi;Name;SVJ se na existenci BD nic nemění a rozhodně nedochází;NotFound;;;;;;;;0;no candidate in the register;2026-09-11T07:31:07.9920491Z;10;RE: Financování půdní vestavby Bytové družstvo PECKOVA 277;SVJ se na existenci BD nic nemění a rozhodně nedochází
pk ubytovani s r o;Name;PK ubytování s.r.o.;Found;09318151;PK ubytování s.r.o.;SpoleÄŤnost s ruÄŤenĂ­m omezenĂ˝m;112;Kolín;Zborovská 377, Kolín II, 28002 Kolín;True;1;;2026-09-11T07:31:08.2716815Z;3;Re: PK ubytování s.r.o., IČ 09318151, žádost č. 09318151;09318151 PK ubytování s.r.o
trodanttech s r o;Name;TrodantTech s.r.o.;Found;08987017;TrodantTech s.r.o.;SpoleÄŤnost s ruÄŤenĂ­m omezenĂ˝m;112;Křelov-Břuchotín;Marie Majerové 48/19, Křelov, 78336 Křelov-Břuchotín;True;1;;2026-09-11T07:31:08.5234605Z;1;Re: TrodantTech s.r.o., IČ 08987017;08987017 TrodantTech s.r.o
byty na amalce s r o;Name;Byty na Amálce s.r.o.;Found;19196288;Byty Na Amálce s.r.o.;SpoleÄŤnost s ruÄŤenĂ­m omezenĂ˝m;112;Kladno;Ladislava Ševčíka 2745, 27201 Kladno;True;1;;2026-09-11T07:31:08.7951188Z;4;Byty na Amálce s.r.o., IČ: 19196288 (SPV na pronájem);19196288 Byty Na Amálce s.r.o
26721538;Ico;26721538;Found;26721538;STATEK KUTLÍŘE, a.s.;AkciovĂˇ spoleÄŤnost;121;Křečhoř;Kutlíře 7, 28002 Křečhoř;True;0;;2026-09-11T07:31:08.9996707Z;3;Fw: kontrola kupní smlouvy nákup půdy;26721538 a.s
bd nerudova s r o;Name;BD Nerudova s.r.o.;Found;09734139;BD Nerudova 20, s.r.o.;SpoleÄŤnost s ruÄŤenĂ­m omezenĂ˝m;112;Brno;Brigádnická 297/1a, Mokrá Hora, 62100 Brno;True;1;;2026-09-11T07:31:09.3804705Z;2;dotaz - nemovitost se zástavním právem pro fyzickou osobu;18035396 Mgr. Marek Bogdanovski, advokát
alpaca finance s r o;Name;Alpaca Finance s.r.o.;Found;17983550;Alpaca Finance s.r.o.;SpoleÄŤnost s ruÄŤenĂ­m omezenĂ˝m;112;Klokočná;č.ev. 18, 25164 Klokočná;True;1;;2026-09-11T07:31:09.5778643Z;2;Fw: Alpaca Finance s.r.o. , IČ: 17983550 - smlouva o smlouvě budoucí kupní;17983550 Alpaca Finance s.r.o
ceramic home s r o;Name;Ceramic home s.r.o.;Found;17798191;Ceramic home s.r.o.;SpoleÄŤnost s ruÄŤenĂ­m omezenĂ˝m;112;Praha;Moskevská 448/42, Vršovice, 10100 Praha 10;True;1;;2026-09-11T07:31:09.8418230Z;4;FW: Kontrola valné hromady  k úvěru č. 0671991159, žádost: 2072071120 - Ceramic home s. r. o.;17798191 Ceramic home s.r.o
haly ceske velenice s r o;Name;Haly České Velenice s.r.o.;Found;06712142;Haly České Velenice s.r.o.;SpoleÄŤnost s ruÄŤenĂ­m omezenĂ˝m;112;České Budějovice;U Jeslí 494/1, České Budějovice 4, 37001 České Budějovice;True;1;;2026-09-11T07:31:10.1181225Z;3;Haly České Velenice s.r.o., IČ: 06712142;06712142 Haly České Velenice s.r.o
za arimatie s r o;Name;Za Arimatie s.r.o.;NotFound;;;;;;;;0;no candidate in the register;2026-09-11T07:31:10.3746168Z;3;Fw: ŠUTA - Budoucí KS;06286968 Arimatie s.r.o
bc adam rebicek jednatel spolecnosti odesmera s r o;Name;Bc.Adam Řebíček Jednatel společnosti ODESMERA s.r.o.;NotFound;;;;;;;;0;no candidate in the register;2026-09-11T07:31:10.6314016Z;1;Žádost o kontrolu návrhu rozhodnutí jediného společníka - podmínka čerpání úvěru;61535745 LEBOWSKI s. r. o
sous s r o;Name;Sous s.r.o.;NotFound;;;;;;;;5;5 candidate(s), none an exact name match;2026-09-11T07:31:10.9337927Z;4;Re: Hypo - projektové financování Sous s.r.o. ič 09710141;09710141 Souz s.r.o
nolwation s r o;Name;Nolwation s.r.o.;Found;03469239;Nolwation s.r.o.;SpoleÄŤnost s ruÄŤenĂ­m omezenĂ˝m;112;Vážany nad Litavou;č.p. 290, 68401 Vážany nad Litavou;True;2;;2026-09-11T07:31:11.1637244Z;3;Nolwation s.r.o. ičo: 03469239 revize kupní smlouvy;03469239 Nolwation s.r.o
unicov s r o;Name;Uničov s.r.o.;NotFound;;;;;;;;5;5 candidate(s), none an exact name match;2026-09-11T07:31:11.4745523Z;1;Re: Klient: Dům pro seniory Uničov s.r.o., IČ: 28633342, úvěr 0479403169;28633342 Dům pro seniory Uničov s.r.o
spolecenstvi vlastniku kratka 365;Name;Společenství vlastníků Krátká 365;Found;26329069;Společenství vlastníků Krátká 365, 366 Kynšperk n/O;;145;Kynšperk nad Ohří;Krátká 365/2, 35751 Kynšperk nad Ohří;True;1;;2026-09-11T07:31:11.7067823Z;3;Fw: Způsob podepisování - Společenství vlastníků Krátká 365, 366 Kynšperk n/O, IČO: 26329069;26329069 Společenství vlastníků Krátká 365, 366 Kynšperk n-O
elny s r o;Name;Elny s.r.o.;Found;19710500;ELNY.cz,s.r.o.;SpoleÄŤnost s ruÄŤenĂ­m omezenĂ˝m;112;Bobnice;Kovanská 190, 28931 Bobnice;True;1;;2026-09-11T07:31:11.9907711Z;1;Fw: Zdeněk Nymburský - Elny s.r.o. - plná moc k převodu úvěru;65743661 Zdeněk Nymburský
pk agro s r o;Name;PK Agro s.r.o.;Found;29200229;PK AGRO s.r.o.;SpoleÄŤnost s ruÄŤenĂ­m omezenĂ˝m;112;Podmolí;č.p. 23, 66902 Podmolí;True;2;;2026-09-11T07:31:12.2554182Z;4;Fw: PK Agro s.r.o., IČ 29200229 - konzultace smlouvy o smlouvě budoucí kupní ;29200229 PK AGRO s.r.o
svj schvaleni uveru statutarnim organem zapis;Name;SVJ - schválení úvěru statutárním orgánem - zápis;NotFound;;;;;;;;0;no candidate in the register;2026-09-11T07:31:12.4857700Z;4;SVJ - schválení úvěru statutárním orgánem - zápis ;71228039 Společenství vlastníků jednotek Medkova 1311, 1312 a 1313, Hradec Králové
spolecenstvi vlastniku jednotek lohniskeho 899;Name;Společenství vlastníků jednotek Lohniského 899;Found;26779137;Společenství vlastníků jednotek Lohniského 899, Praha 5;;145;Praha;Lohniského 899/3, Hlubočepy, 15200 Praha 5;True;1;;2026-09-11T07:31:12.7627813Z;2;RE: Společenství vlastníků jednotek Lohniského 899, Praha 5-Fw: 26779137 - plná moc ;26779137 Společenství vlastníků jednotek Lohniského 899, Praha 5
kd wealth protection s r o;Name;KD Wealth Protection s.r.o.;Found;21521387;KD Wealth Protection s.r.o.;SpoleÄŤnost s ruÄŤenĂ­m omezenĂ˝m;112;Hostivice;Dělnická 2476, 25301 Hostivice;True;1;;2026-09-11T07:31:13.0253732Z;4;Re: Kupní smlouva k nemovitosti - Hypotéka na Projektové financování, klinet KD Wealth Protection s.r.o., IČ 21521387 ;21521387 KD Wealth Protection s.r.o
kupen gf s r o;Name;KUPEN GF s.r.o.;Found;27288641;KUPEN GF, s.r.o.;SpoleÄŤnost s ruÄŤenĂ­m omezenĂ˝m;112;Most;Dělnická 18, Velebudice, 43401 Most;True;2;;2026-09-11T07:31:13.2881314Z;2;Fw: zpřístupnění bankovních účtů společnosti KUPEN GF s.r.o.;27288641 KUPEN GF, s.r.o
internatni a s;Name;Internátní a.s.;NotFound;;;;;;;;0;no candidate in the register;2026-09-11T07:31:13.5297722Z;7;FW: Internátní a.s. - úvěry bude doplácet klient RKC Zlín. SOUHLAS a PODMÍNKY uvolnění zástavního práva. ŽÁDOST o konzultaci;29181216 Apartmánová a.s
25676041;Ico;25676041;Found;25676041;TRUHLÁŘSKÁ 1520, s.r.o.;SpoleÄŤnost s ruÄŤenĂ­m omezenĂ˝m;112;Praha;Sázavská 914/8a, Vinohrady, 12000 Praha 2;True;0;;2026-09-11T07:31:13.7493700Z;2;Fw: PM Truhlářská 1520 X Tomaso Galiazzo;25676041 s.r.o
jedna se o klienta newte s r o;Name;Jedná se o klienta NEWTE s.r.o.;NotFound;;;;;;;;0;no candidate in the register;2026-09-11T07:31:14.0916642Z;2;Žádost o úpravu druhu bankovní záruky u poskytnutého limitu BZ;40229998 NEWTE spol. s r. o
svj 355 borovany;Name;SVJ 355 Borovany;NotFound;;;;;;;;0;no candidate in the register;2026-09-11T07:31:14.3051178Z;3;Společenství vlastníků jednotek 355 Borovany-Fw: Zápis SVJ 355 Borovany, IČ 26101742;26101742 Společenství vlastníků jednotek 355 Borovany
valna horomada prodavajici a s;Name;Valná horomada prodávající a.s.;NotFound;;;;;;;;0;no candidate in the register;2026-09-11T07:31:14.5577772Z;6;Fw: Truhlářství Nest s.r.o - Valná horomada prodávající a.s.;Valná horomada prodávající a.s
svj nad uzlabinou 451 454;Name;SVJ Nad úžlabinou 451 - 454;NotFound;;;;;;;;0;no candidate in the register;2026-09-11T07:31:14.8349748Z;4;Fw: žádost o indikativní nabídku SVJ Nad úžlabinou 451 - 454;26739801 Společenství vlastníků bytů Nad úžlabinou 451 - 454
noho a s;Name;NOHO a.s.;Found;19122403;NOHO a.s.;AkciovĂˇ spoleÄŤnost;121;Hradec Králové;Pražská třída 839, Kukleny, 50004 Hradec Králové;True;2;;2026-09-11T07:31:15.1099529Z;3;konzultace smlouvy o postoupení pohledávek;19122403 NOHO a.s
spolecenstvi vlastniku milanska 451;Name;Společenství vlastníků Milánská 451;Found;29150612;Společenství vlastníků Milánská 451, Praha 15;;145;Praha;Milánská 451, Horní Měcholupy, 10900 Praha 10;True;1;;2026-09-11T07:31:15.3751878Z;1;Fw: SC0000000062020068 Žádost o součinnost na vyřízení klientské stížnosti;29150612 Společenství vlastníků Milánská 451, Praha 15
spolecenstvi vlastniku jednotek rozprymova 996;Name;Společenství vlastníků jednotek Rozprýmova 996;Found;19584784;Společenství vlastníků jednotek Rozprýmova 996, 997, 998, 999 a 1000, Újezd u Brna;;145;Újezd u Brna;Rozprýmova 999, 66453 Újezd u Brna;True;1;;2026-09-11T07:31:15.6459867Z;2;FW: Fwd: Re: Odkup pozemku přilehlého k bytovému domu;Společenství vlastníků jednotek Rozprýmova 996
prosba kontrola kuneticka a s;Name;Prosba kontrola Kunětická a.s.;NotFound;;;;;;;;0;no candidate in the register;2026-09-11T07:31:15.8868898Z;2;Re: Prosba kontrola Kunětická a.s. 29010462	2051840309;29010462 Kunětická a.s
svj sn 929 8 ico 71206744;Name;SVJ SN 929/8 ICO : 71206744;NotFound;;;;;;;;0;no candidate in the register;2026-09-11T07:31:16.1627720Z;2;RE: SVJ SN 929/8 ICO : 71206744;71206744 Společenství vlastníků jednotek Staroměstské nám. 929-8 Praha 1
akvizice umejto cz s r o;Name;Akvizice Umejto.cz s.r.o.;NotFound;;;;;;;;0;no candidate in the register;2026-09-11T07:31:16.4163548Z;1;FW: Akvizice Umejto.cz s.r.o. - smluvní dokumentace;08753270 Umejto.cz s.r.o
09937021;Ico;09937021;Found;09937021;Lithium RENT s.r.o.;SpoleÄŤnost s ruÄŤenĂ­m omezenĂ˝m;112;Karlovy Vary;M. Rovenské 981/39, Stará Role, 36017 Karlovy Vary;True;0;;2026-09-11T07:31:16.6272473Z;2;Fw: Lithium RENT s.r.o.;09937021 Lithium RENT s.r.o
topak s r o;Name;Topak s.r.o.;Found;26215977;TOPAK spol. s r.o.;SpoleÄŤnost s ruÄŤenĂ­m omezenĂ˝m;112;Drnovice;č.p. 322, 67976 Drnovice;True;1;;2026-09-11T07:31:16.9921886Z;3;Dotaz Klient Topak s.r.o. IČ 26215977;26215977 TOPAK spol. s r.o
jack west s r o;Name;JACK WEST s.r.o.;Found;27797589;JACK WEST s.r.o.;SpoleÄŤnost s ruÄŤenĂ­m omezenĂ˝m;112;Kelč;č.p. 550, 75643 Kelč;True;1;;2026-09-11T07:31:17.2222030Z;3;Re: JACK WEST s.r.o.-Re: cps id: 2069512938, ič: 27797589;27797589 JACK WEST s.r.o
o f f adu s r o;Name;O.F.F.ADU s.r.o.;Found;17055873;O.F.F.ADU s.r.o.;SpoleÄŤnost s ruÄŤenĂ­m omezenĂ˝m;112;Neratovice;Palackého 300, Lobkovice, 27711 Neratovice;True;1;;2026-09-11T07:31:17.4967347Z;1;Urgence případu 2075724672;17055873 O.F.F.ADU s.r.o
spolecenstvi vlastniku oldrichova 527 8;Name;Společenství vlastníků Oldřichova 527/8;Found;05243939;Společenství vlastníků Oldřichova 527/8;;145;Praha;Oldřichova 527/8, Nusle, 12800 Praha 2;True;1;;2026-09-11T07:31:17.7610629Z;2;Fw: Společenství vlastníků Oldřichova 527/8, IČ 05243939, číslo žádosti 2078540302;05243939 Společenství vlastníků Oldřichova 527-8
svj c p 390 v jablonskeho ulici v pisku;Name;SVJ  č.p. 390 v Jablonského ulici v Písku;NotFound;;;;;;;;0;no candidate in the register;2026-09-11T07:31:18.0135973Z;3;Re: Společenství vlastníků jednotek domu č.p. 390 v Jablonského ulici v Písku-Fw: UPO - Zápis SVJ  č.p. 390 v Jablonského ulici v Písku, IČ 28072235;28072235 Společenství vlastníků jednotek domu č.p. 390 v Jablonského ulici v Písku
prehled sporu tykajicich se adgency building s r o;Name;Přehled sporů týkajících se Adgency building s.r.o.;NotFound;;;;;;;;0;no candidate in the register;2026-09-11T07:31:18.2654077Z;1;Fw: přehled sporů pro Banku;24163295 Adgency building s.r.o
a s encall s r o;Name;a.s. encall s.r.o.;NotFound;;;;;;;;0;no candidate in the register;2026-09-11T07:31:18.5397895Z;2;Nová smlouva mezi encall a 5100 Firemní centra ;09085254 Revido s.r.o
futurecycling technology a s;Name;FUTURECYCLING Technology a.s.;Found;24660116;FUTURECYCLING Technology a.s.;AkciovĂˇ spoleÄŤnost;121;Praha;Vojtěšská 211/6, Nové Město, 11000 Praha 1;True;1;;2026-09-11T07:31:18.8138110Z;2;FUTURECYCLING Technology a.s., IČO: 24660116;24660116 FUTURECYCLING Technology a.s
s y stav s r o;Name;S&Y stav s.r.o.;Found;08581622;S&Y stav s.r.o.;SpoleÄŤnost s ruÄŤenĂ­m omezenĂ˝m;112;Plzeň;Kalikova 450/12, Jižní Předměstí, 30100 Plzeň;True;1;;2026-09-11T07:31:19.0699088Z;1;S&Y stav s.r.o. 08581622;08581622 S&Y stav s.r.o
hanyko praha s r o;Name;HANYKO Praha s.r.o.;Found;64940152;HANYKO Praha s.r.o.;SpoleÄŤnost s ruÄŤenĂ­m omezenĂ˝m;112;Praha;Křížová 1018/6, Smíchov, 15000 Praha 5;True;1;;2026-09-11T07:31:19.3488159Z;3;SBERBANK-Fw: HANYKO Praha s.r.o. - 64940152;64940152 HANYKO Praha s.r.o
trio estate s r o;Name;TRIO Estate s.r.o.;Found;06652689;Trio Estate Development s.r.o.;SpoleÄŤnost s ruÄŤenĂ­m omezenĂ˝m;112;Praha;Nekvasilova 692/29, Karlín, 18600 Praha 8;True;1;;2026-09-11T07:31:19.6071823Z;3;TRIO Estate s.r.o._06652689    ;06652689 Trio Estate Development s.r.o
svj predseda svj vybor;Name;SVJ (předseda SVJ/výbor);NotFound;;;;;;;;0;no candidate in the register;2026-09-11T07:31:19.8627270Z;2;RE: Dotaz SVJ;SVJ (předseda SVJ-výbor)
biomed cz s r o;Name;BIOMED CZ s.r.o.;Found;27513394;BIOMED CZ spol. s r.o.;SpoleÄŤnost s ruÄŤenĂ­m omezenĂ˝m;112;Pardubice;Štolbova 2886, Zelené Předměstí, 53002 Pardubice;True;1;;2026-09-11T07:31:20.1512016Z;4;Fw: RE: navrh smuvni dokumentace - prodek bytu c.15;27513394 BIOMED CZ spol. s r.o
budouci prodavajici gp development s r o;Name;Budoucí prodávající GP Development s.r.o.;NotFound;;;;;;;;0;no candidate in the register;2026-09-11T07:31:20.3911425Z;2;Kontrola smlouvy_projektové financování;02044137 Budoucí prodávající GP Development s.r.o
elumex s r o;Name;ELUMEX s.r.o.;Found;24688703;ELUMEX s.r.o.;SpoleÄŤnost s ruÄŤenĂ­m omezenĂ˝m;112;Praha;Nešporova 573/2, Háje, 14900 Praha 4;True;1;;2026-09-11T07:31:20.6757868Z;1;zastupování při podpisu zástavních smluv a smlouvy o jistotním účtu - číslo žádosti 2076725587;24688703 ELUMEX s.r.o
hard time gear s r o;Name;Hard time gear s.r.o.;Found;09765425;HARD TIME GEAR s.r.o.;SpoleÄŤnost s ruÄŤenĂ­m omezenĂ˝m;112;Ostrava;Dlouhá 3403/2b, Moravská Ostrava, 70200 Ostrava;True;1;;2026-09-11T07:31:20.9208413Z;2;Fw: Sloučení společností;24731561 Red Dot One s.r.o
spolecenstvi vlastniku pro dum v plzni;Name;Společenství vlastníků pro dům v Plzni;NotFound;;;;;;;;5;5 candidate(s), none an exact name match;2026-09-11T07:31:21.2368079Z;1;Re: Společenství vlastníků pro dům v Plzni, U Prazdroje čp. 1817/23-prosba o kontrolu zápisu SVJ k úvěru;03981398 Společenství vlastníků pro dům v Plzni, U Prazdroje čp. 1817-23
07561067;Ico;07561067;Found;07561067;Tricatel Corporation s.r.o.;SpoleÄŤnost s ruÄŤenĂ­m omezenĂ˝m;112;Praha;Krakovská 583/9, Nové Město, 11000 Praha 1;True;0;;2026-09-11T07:31:21.3778779Z;2;ještě k ID případu 2052539899, klient KA Sever 1 s.r.o.;07561067 s.r.o
riverfront gardens s r o;Name;Riverfront Gardens s.r.o.;Found;00568856;Riverfront Gardens s.r.o.;SpoleÄŤnost s ruÄŤenĂ­m omezenĂ˝m;112;Zlín;Potoky 552, 76001 Zlín;True;1;;2026-09-11T07:31:21.8200245Z;2;Fw: Kabdent s.r.o., IČO: 01925881, Riverfront Gardens s.r.o. - specifikace předmětu prodeje ;01925881 Kabdent s.r.o
svj 1 857;Name;SVJ 1 857;NotFound;;;;;;;;0;no candidate in the register;2026-09-11T07:31:21.9563767Z;4;Fw: SC0000000084769807 Žádost o součinnost urgent!!;SVJ 1 857
u rozhodnuti spolecnosti narcis b s r o;Name;U rozhodnutí společnosti Narcis B s.r.o.;NotFound;;;;;;;;0;no candidate in the register;2026-09-11T07:31:22.2129291Z;1;FW: Fwd: Rozhodnutí jediného společníka....;26405261 U rozhodnutí společnosti Narcis B s.r.o
prokonstrukt s r o;Name;Prokonstrukt s.r.o.;Found;09327606;Prokonstrukt s.r.o.;SpoleÄŤnost s ruÄŤenĂ­m omezenĂ˝m;112;Březnice;Dobrá Voda 2, 26272 Březnice;True;1;;2026-09-11T07:31:22.5127153Z;1;Re: Eisenreich Adam - r.č.: 9408040411 (rozpracovaná žádost o PBH) - kontrola smlouvy o zápůjčce ;09327606 Prokonstrukt s.r.o
likol hloucela s r o;Name;LIKOL Hloučela s.r.o.;Found;08801924;LIKOL Hloučela s.r.o.;SpoleÄŤnost s ruÄŤenĂ­m omezenĂ˝m;112;Dubňany;1. máje 1590, 69603 Dubňany;True;1;;2026-09-11T07:31:22.7555231Z;3;Fw: LIKOL Hloučela  - fúze;49970208 LIKOL Hloučela s.r.o
medical supplies s r o;Name;Medical supplies s.r.o.;Found;07437749;Medical supplies s.r.o.;SpoleÄŤnost s ruÄŤenĂ­m omezenĂ˝m;112;Turnov;5. května 30, 51101 Turnov;True;1;;2026-09-11T07:31:23.0227766Z;3;Fw: Zesplatnění KTK Plus - IČ 07437749, Medical supplies s.r.o.;07437749 Medical supplies s.r.o
dk fishing s r o;Name;DK FISHING s.r.o.;Found;10790497;DK FISHING s.r.o.;SpoleÄŤnost s ruÄŤenĂ­m omezenĂ˝m;112;Praha;Machuldova 571/5, Kamýk, 14200 Praha 4;True;1;;2026-09-11T07:31:23.2997300Z;6;DK FISHING s.r.o.-Fw: ičo 10790497, CPS č. 2071666138 - rozhodnutí jediného společníka;10790497 DK FISHING s.r.o
09989269;Ico;09989269;Found;09989269;CoreEco s.r.o.;SpoleÄŤnost s ruÄŤenĂ­m omezenĂ˝m;112;Praha;Rybná 716/24, Staré Město, 11000 Praha 1;True;0;;2026-09-11T07:31:23.5089323Z;2;Odsouhlasení dokumentů;09989269 CoreEco s.r.o
coreeco s r o;Name;CoreEco s.r.o.;Found;09989269;CoreEco s.r.o.;SpoleÄŤnost s ruÄŤenĂ­m omezenĂ˝m;112;Praha;Rybná 716/24, Staré Město, 11000 Praha 1;True;1;;2026-09-11T07:31:23.8741056Z;1;Odsouhlasení dokumentů;09989269 CoreEco s.r.o
spolecenstvi vlastniku tisnov jamborova 920 921 922 ic 26264544;Name;Společenství vlastníků Tišnov Jamborova 920-921-922 IČ 26264544;NotFound;;;;;;;;0;no candidate in the register;2026-09-11T07:31:24.0832958Z;4;Fw: Společenství vlastníků Tišnov Jamborova 920-921-922 IČ 26264544;26264544 Společenství vlastníků Tišnov, Jamborova 920-921-922
chalupa frysavka s r o;Name;Chalupa Fryšávka s.r.o.;Found;11997630;Chalupa Fryšávka s.r.o.;SpoleÄŤnost s ruÄŤenĂ­m omezenĂ˝m;112;Brno;Rozdrojovická 344/45, Kníničky, 63500 Brno;True;1;;2026-09-11T07:31:24.3565927Z;2;konzultace smluv k PF, cps id: 2069136698;11997630 Chalupa Fryšávka s.r.o
synergy fg s r o;Name;Synergy FG s.r.o.;Found;05299276;Synergy FG s.r.o.;SpoleÄŤnost s ruÄŤenĂ­m omezenĂ˝m;112;Praha;Václavské náměstí 2132/47, Nové Město, 11000 Praha 1;True;2;;2026-09-11T07:31:24.6229589Z;2;Re: Synergy FG s.r.o.-Fw: dodatek na změnu sazby automat ičo 05299276 - prosím spěchá, děkuji;05299276 Synergy FG s.r.o
lunit s r o;Name;LUNIT s.r.o.;NotFound;;;;;;;;2;2 candidate(s), none an exact name match;2026-09-11T07:31:24.8409010Z;3;Re: LUNIT s.r.o.?iČ: 15770371, ID: 2047968888 - dotaz JBU;15770371 LUNIT, spol. s r.o
spolecenstvi vlastniku bytu v dome cp 695 697;Name;Společenství vlastníků bytů v domě čp. 695-697;Found;25961845;Společenství vlastníků bytů v domě čp. 695-697, Chrudim III, U Stadionu;;145;Chrudim;U Stadionu 696, Chrudim III, 53703 Chrudim;True;1;;2026-09-11T07:31:25.1357158Z;3;Fw: Společenství vlastníků bytů v domě čp. 695-697, Chrudim III, IČ: 25961845;25961845 Společenství vlastníků bytů v domě čp. 695-697, Chrudim III, U Stadionu
svj na okraji 3 usti nad labem;Name;SVJ Na Okraji 3 Ústí nad Labem;NotFound;;;;;;;;0;no candidate in the register;2026-09-11T07:31:25.3767411Z;2;Fw: Financování SVJ Na Okraji 3 Ústí nad Labem;04346092 Intake Restaurant, s.r.o
dada areal s r o;Name;DADA AREÁL s.r.o.;Found;28096711;DADA AREÁL s.r.o.;SpoleÄŤnost s ruÄŤenĂ­m omezenĂ˝m;112;Jindřichův Hradec;Pohodnice 400, Jindřichův Hradec IV, 37701 Jindřichův Hradec;True;1;;2026-09-11T07:31:25.6567965Z;3;Fw: Konzultace k Darovací smlouva DADA AREÁL s.r.o., IČ 28096711;28096711 DADA AREÁL s.r.o
08578982;Ico;08578982;Found;08578982;Vila U Kola s.r.o.;SpoleÄŤnost s ruÄŤenĂ­m omezenĂ˝m;112;Praha;Kodaňská 549/21, Vršovice, 10100 Praha 10;True;0;;2026-09-11T07:31:25.8685847Z;3;Vila U Kola;08578982 Vila U Kola s.r.o
rodytia building s r o;Name;Rodytia Building s.r.o.;Found;01901281;Rodytia Building s.r.o.;SpoleÄŤnost s ruÄŤenĂ­m omezenĂ˝m;112;Praha;Slavníkova 2357/9, Břevnov, 16900 Praha 6;True;1;;2026-09-11T07:31:26.2273282Z;2;Fw: Rodytia Building s.r.o. IČ  01901281;01901281 Rodytia Building s.r.o
robos s r o;Name;ROBOS s.r.o.;Found;08160333;ROBOS, s.r.o.;SpoleÄŤnost s ruÄŤenĂ­m omezenĂ˝m;112;Praha;Rooseveltova 830/16, Bubeneč, 16000 Praha 6;True;2;;2026-09-11T07:31:26.4269139Z;2;FW: ;ROBOS s.r.o
klientem hotel concertino s r o;Name;Klientem Hotel Concertino s.r.o.;NotFound;;;;;;;;0;no candidate in the register;2026-09-11T07:31:26.6816816Z;3;FW: Kontrola Smlouvy o poskytnutí nepeněžitého příplatku mimo základní kapitál společnosti;28061985 Hotel Concertino s.r.o
juming s r o;Name;JUMING s.r.o.;Found;25920219;JUMING s.r.o.;SpoleÄŤnost s ruÄŤenĂ­m omezenĂ˝m;112;Heřmanův Městec;Barákova 426, 53803 Heřmanův Městec;True;1;;2026-09-11T07:31:26.9460587Z;1;RE: Kupní smlouvy  2001-08-16-00.42.32.520940;25920219 JUMING s.r.o
dominiem s r o;Name;DOMINIEM s.r.o.;Found;06152767;DOMINIEM s.r.o.;SpoleÄŤnost s ruÄŤenĂ­m omezenĂ˝m;112;Pardubice;U Bylanky 424, Svítkov, 53006 Pardubice;True;1;;2026-09-11T07:31:27.2037581Z;7;Re: DOMINIEM s.r.o., IČ: 06152767;06152767 DOMINIEM s.r.o
autoservis budina s r o;Name;Autoservis Budina s.r.o.;Found;08006741;AUTOSERVIS Budina s.r.o.;SpoleÄŤnost s ruÄŤenĂ­m omezenĂ˝m;112;Praha;Starokolínská 315, Újezd nad Lesy, 19016 Praha 9;True;1;;2026-09-11T07:31:27.4542878Z;2;Fw: CPS: CPS - MSE: výsledek schvalování Autoservis Budina;08006741 AUTOSERVIS Budina s.r.o
noerr s r o;Name;Noerr s.r.o.;NotFound;;;;;;;;0;no candidate in the register;2026-09-11T07:31:27.7178549Z;1;Re: PBH Daniel Bakaev  000000-0506455109/0800;27121810 Noerr s.r.o
svj nadrazni 16;Name;SVJ Nádražní 16;NotFound;;;;;;;;0;no candidate in the register;2026-09-11T07:31:27.9795904Z;3;FW: SVJ Nádražní 16, IČ 27831043;27831043 Společenství vlastníků jednotek pro dům č.p. 206, ul. Nádražní 16 v Českém Těšíně
hp centrum s r o;Name;HP Centrum s.r.o.;Found;25478133;HP CENTRUM s.r.o.;SpoleÄŤnost s ruÄŤenĂ­m omezenĂ˝m;112;Litoměřice;Mírové náměstí 157/30, Litoměřice-Město, 41201 Litoměřice;True;1;;2026-09-11T07:31:28.2698776Z;3;Fw: HP Centrum s.r.o._HU č. 475259139;25478133 HP CENTRUM s.r.o
lemi s r o;Name;LeMi s.r.o.;NotFound;;;;;;;;5;5 candidate(s), none an exact name match;2026-09-11T07:31:28.5512573Z;1;LeMi s.r.o., ič :24783111, cps 2057783755 -  plná moc Miloš Křeček;24783111 LeMi CZ s.r.o
marinaline s r o;Name;Marinaline s.r.o.;Found;05251711;Marinaline s.r.o.;SpoleÄŤnost s ruÄŤenĂ­m omezenĂ˝m;112;Praha;Záhřebská 760/46, Vinohrady, 12000 Praha 2;True;1;;2026-09-11T07:31:28.7784916Z;3;Potvrzení o doplacení Sberbank, Marinaline s.r.o. - 05251711;05251711 Marinaline s.r.o
mkz konzult s r o;Name;MKZ konzult s.r.o.;NotFound;;;;;;;;0;no candidate in the register;2026-09-11T07:31:29.0310142Z;2;Fw: datová schránka_0505927119;04554337 2MKZ konzult s.r.o
svj tri sekery 105 dotaz k zapisu ze schuze a cerpan;Name;SVJ Tři Sekery 105 - dotaz k zápisu ze schůze a čerpán;NotFound;;;;;;;;0;no candidate in the register;2026-09-11T07:31:29.3136669Z;3;FW: SVJ Tři Sekery 105 - dotaz k zápisu ze schůze a čerpání úvěru;71193405 Společenství vlastníků Tři Sekery 105
svj tolsteho c p 522 528 v trebici;Name;SVJ Tolstého č.p. 522-528 v Třebíči;NotFound;;;;;;;;0;no candidate in the register;2026-09-11T07:31:29.5745089Z;2;SVJ Tolstého č.p. 522-528 v Třebíči, IČ: 26279631;26279631 Společenství vlastníků jednotek pro dům Tolstého č.p.522,523,524, 525,526,527,528 v Třebíči
spolecenstvi vlastniku milanska 451 fw sc0000000062020068 zadost o soucinnost n;Name;Společenství vlastníků Milánská 451-Fw: SC0000000062020068 Žádost o součinnost n;NotFound;;;;;;;;0;no candidate in the register;2026-09-11T07:31:29.8431239Z;4;Re: Společenství vlastníků Milánská 451-Fw: SC0000000062020068 Žádost o součinnost na vyřízení klientské stížnosti;29150612 Společenství vlastníků Milánská 451, Praha 15
effete s r o;Name;EFFETE s.r.o.;NotFound;;;;;;;;0;no candidate in the register;2026-09-11T07:31:30.0909080Z;3;EFFETE s.r.o., IČ: 29451221 ;29451221 Effetec s.r.o
cz s r o;Name;CZ s.r.o.;Failed;;;;;;;;0;HTTP 400 - The remote server returned an error: (400) Bad Request.;2026-09-11T07:31:30.4059525Z;3;HAS SOF - CZ s.r.o. IČ: 24120600   CPS 2050747405;24120600 HAS SOF - CZ, s.r.o
svj uver dostalo a hlavne nevim presne;Name;SVJ úvěr dostalo a hlavně nevím přesně;NotFound;;;;;;;;0;no candidate in the register;2026-09-11T07:31:30.6566678Z;2;Fw: prosba - dotaz;SVJ úvěr dostalo a hlavně nevím přesně
binui management s r o;Name;Binui Management s.r.o.;Found;02083329;Shikun & Binui Management s.r.o.;SpoleÄŤnost s ruÄŤenĂ­m omezenĂ˝m;112;Praha;Evropská 2758/11, Dejvice, 16000 Praha 6;True;1;;2026-09-11T07:31:30.9140479Z;1;Re: konzultace kupní smlouva;29146569 18PRO s.r.o
nyklicek s r o;Name;Nyklíček s.r.o.;Found;08883939;Nyklíček s.r.o.;SpoleÄŤnost s ruÄŤenĂ­m omezenĂ˝m;112;Nové Město nad Metují;Rašínova 444, 54901 Nové Město nad Metují;True;2;;2026-09-11T07:31:31.1777951Z;1;Urgent - Nyklíček s.r.o. 08883939 č. žádosti 2068473074 - změna podmínek čerpání u úvěru č. 0498490149;08883939 Nyklíček s.r.o
rp boxes s r o;Name;RP BOXES s.r.o.;Found;29094976;RP BOXES s.r.o.;SpoleÄŤnost s ruÄŤenĂ­m omezenĂ˝m;112;Praha;Revoluční 1403/28, Nové Město, 11000 Praha 1;True;1;;2026-09-11T07:31:31.4291484Z;6;Fw: RP BOXES - kontrola KS a advokátní úschovy;29094976 RP BOXES s.r.o
technimax s r o;Name;Technimax s.r.o.;Found;26816903;Technimax s.r.o.;SpoleÄŤnost s ruÄŤenĂ­m omezenĂ˝m;112;Rapotín;U Splavu 642, 78813 Rapotín;True;1;;2026-09-11T07:31:31.6996535Z;3;Fw: žádost o právní stanovisko k udělení souhlasu s prodejem nemovitostí - klient Technimax s.r.o., IČ 26816903 ;26816903 Technimax s.r.o
svj bruzovska 416 419;Name;SVJ Bruzovská 416-419;NotFound;;;;;;;;0;no candidate in the register;2026-09-11T07:31:31.9461444Z;1;IČ: 05805406, čú: 0626027109- SVJ Bruzovská 416-419;05805406 Společenství vlastníků jednotek Bruzovská 416 - 419
czechocar a s;Name;Czechocar a.s.;Found;25054503;Czechocar, a.s.;AkciovĂˇ spoleÄŤnost;121;Praha;5. května 1640/65, Nusle, 14000 Praha 4;True;1;;2026-09-11T07:31:32.2318289Z;4;Re: Bankovní záruka za nájemné, klient Czechocar a.s., IČ  25054503;25054503 Czechocar, a.s
optimal house s r o;Name;OPTIMAL HOUSE s.r.o.;Found;07350881;OPTIMAL HOUSE s.r.o.;SpoleÄŤnost s ruÄŤenĂ­m omezenĂ˝m;112;Praha;Zbuzanská 166/5, Ruzyně, 16100 Praha 6;True;1;;2026-09-11T07:31:32.4767577Z;1;Re: OPTIMAL HOUSE s.r.o. 07350881;07350881 OPTIMAL HOUSE s.r.o
svj janskeho 2450 k danemu pripadu uvadim;Name;SVJ Jánského 2450 : ...k danému případu uvádím;NotFound;;;;;;;;0;no candidate in the register;2026-09-11T07:31:32.7638128Z;6;Fw: Stavební bytové družstvo DRUBYD;SVJ Jánského 2450 - ...k danému případu uvádím
arkada three s r o;Name;ARKADA THREE s.r.o.;Found;08974489;ARKADA THREE s.r.o.;SpoleÄŤnost s ruÄŤenĂ­m omezenĂ˝m;112;Praha;Gogolova 228/8, Hradčany, 11800 Praha 1;True;1;;2026-09-11T07:31:33.0160658Z;1;Pospíšilová Elena;11796022 HOME DELUXE PRAGUE FIVE s.r.o
active sport eu s r o;Name;ACTIVE sport eu s.r.o.;Found;08100080;ACTIVE sport eu s.r.o.;SpoleÄŤnost s ruÄŤenĂ­m omezenĂ˝m;112;Jaroměř;Máchova 592, Pražské Předměstí, 55101 Jaroměř;True;1;;2026-09-11T07:31:33.2576060Z;1;Re: Your scanned document;08100080 ACTIVE sport eu s.r.o
profiservis lbiberec s r o;Name;Profiservis Lbiberec s.r.o.;NotFound;;;;;;;;0;no candidate in the register;2026-09-11T07:31:33.5183635Z;2;Profiservis Lbiberec s.r.o. IČO 27278905 - vyjádření k akceptaci nové smluvní dokumentace- BLS;27278905 PROFISERVIS Liberec, s.r.o
adrak s r o;Name;ADRAK s.r.o.;Found;27508129;ADRAK s.r.o.;SpoleÄŤnost s ruÄŤenĂ­m omezenĂ˝m;112;Pardubice;Masarykovo náměstí 1484, Zelené Předměstí, 53002 Pardubice;True;1;;2026-09-11T07:31:33.7743493Z;4;Fw: Posouzení návrhu kupní smlouvy a smlouvy o úschově ADRAK s.r.o., IČ 27508129 - doplnění 2;27508129 ADRAK s.r.o
stavoslav s r o;Name;Stavoslav s.r.o.;Found;02089203;Stavoslav s.r.o.;SpoleÄŤnost s ruÄŤenĂ­m omezenĂ˝m;112;České Budějovice;U Výstaviště 749/30, České Budějovice 2, 37005 České Budějovice;True;1;;2026-09-11T07:31:34.0650460Z;2;Re: Stavoslav s.r.o., IČ 02089203, č. úvěru: 506251149;02089203 Stavoslav s.r.o
zabaliss s r o;Name;ZaBaliss s.r.o.;Found;09933123;ZaBaliss s.r.o.;SpoleÄŤnost s ruÄŤenĂ­m omezenĂ˝m;112;Praha;Uralská 689/7, Bubeneč, 16000 Praha 6;True;1;;2026-09-11T07:31:34.3590501Z;2;Re: ZaBaliss s.r.o._Fw: URGENT již 10 dní mám dotaz klient stále čeká ;09933123 ZaBaliss s.r.o
cooperativeexpert s r o;Name;COOPERATIVEEXPERT s.r.o.;Found;19291337;COOPERATIVEEXPERT s.r.o.;SpoleÄŤnost s ruÄŤenĂ­m omezenĂ˝m;112;Praha;Na výtoni 1259/12, Nové Město, 12800 Praha 2;True;1;;2026-09-11T07:31:34.5955636Z;2;Dotaz k odštěpení podniku;COOPERATIVEEXPERT s.r.o
buffler property s r o;Name;BUFFLER property s.r.o.;NotFound;;;;;;;;0;no candidate in the register;2026-09-11T07:31:34.8546578Z;5;Re: BUFFLER property s.r.o.-Fw: Koupě nemovitostí SANAP KRS - dohoda o záměru koupě vnitřního vybavení;07590814 Mgr. Jakub Kasl, advokát
heko tzb s r o;Name;HEKO TZB s.r.o.;Found;06263348;HEKO TZB s.r.o.;SpoleÄŤnost s ruÄŤenĂ­m omezenĂ˝m;112;Praha;Gabčíkova 1241/11, Libeň, 18200 Praha 8;True;1;;2026-09-11T07:31:35.1151302Z;4;Dotaz změna vlastnické struktury;HEKO TZB s.r.o
diorit a s;Name;Diorit a.s.;Found;27734170;Diorit a.s.;AkciovĂˇ spoleÄŤnost;121;Praha;Dlouhá 727/39, Staré Město, 11000 Praha 1;True;2;;2026-09-11T07:31:35.3781524Z;2;Fw: vzor textu u kupních smluv Diorit;46347542 MORAVOSTAV Brno, a.s. stavební společnost
pzs marinaline s r o;Name;PZS Marinaline s.r.o.;NotFound;;;;;;;;0;no candidate in the register;2026-09-11T07:31:35.6411589Z;3;RE: SBERBANK_Fw: PZS Marinaline s.r.o. ;05251711 Marinaline s.r.o
fo do s r o;Name;FO do S.R.O.;Found;28623266;Fo:Do:Ka: PLUS, s.r.o.;SpoleÄŤnost s ruÄŤenĂ­m omezenĂ˝m;112;Václavovice;Soukromá 261, 73934 Václavovice;True;1;;2026-09-11T07:31:35.9557130Z;2;Re: Převod nemovitostí do nové firmy;48830241 Miroslav Kesselgruber
litoz plast s r o;Name;LITOZ PLAST s.r.o.;Found;04925335;LITOZ PLAST s.r.o.;SpoleÄŤnost s ruÄŤenĂ­m omezenĂ˝m;112;Praha;Ringhofferova 115/1, Třebonice, 15521 Praha 5;True;1;;2026-09-11T07:31:36.1689230Z;3;LITOZ PLAST s.r.o., 04925335;04925335 LITOZ PLAST s.r.o
prodej majoritniho podilu akcii klienta labeta a s;Name;Prodej majoritního podílu akcií klienta LABETA a.s.;NotFound;;;;;;;;0;no candidate in the register;2026-09-11T07:31:36.4232914Z;4;FW: Prodej majoritního podílu akcií klienta LABETA a.s.  ;49813749 LABETA, a.s
simple thing s r o;Name;Simple Thing s.r.o.;Found;48401463;Simple thing s.r.o.;SpoleÄŤnost s ruÄŤenĂ­m omezenĂ˝m;112;Bohumín;Bezručova 59, Nový Bohumín, 73581 Bohumín;True;1;;2026-09-11T07:31:36.7329800Z;1;Re: Dotazy k zamýšlené transakci;06340547 Společenství vlastníků domu Bezručova 59
hotel ceske svycarsko s r o;Name;Hotel České Švýcarsko s.r.o.;Found;25744950;Hotel České Švýcarsko s.r.o.;SpoleÄŤnost s ruÄŤenĂ­m omezenĂ˝m;112;Hřensko;Mezná 90, 40502 Hřensko;True;1;;2026-09-11T07:31:36.9737805Z;1;Re: Hotel České Švýcarsko-Fw: Dotaz  ke klientovi 9008-07-19-04.24.46.791191;25404750 J plus S s.r.o
rpm elektro praha s r o;Name;RPM Elektro Praha s.r.o.;Found;24197831;RPM elektro Praha s.r.o.;SpoleÄŤnost s ruÄŤenĂ­m omezenĂ˝m;112;Albrechtice nad Orlicí;Na drahách 36, 51722 Albrechtice nad Orlicí;True;1;;2026-09-11T07:31:37.2304856Z;3;RPM Elektro Praha s.r.o., ičo: 24197831;24197831 RPM elektro Praha s.r.o
kve invest s r o;Name;KVE INVEST s.r.o.;Found;22485759;KVE INVEST s.r.o.;SpoleÄŤnost s ruÄŤenĂ­m omezenĂ˝m;112;Karlovy Vary;Přímá 302/12, Tašovice, 36018 Karlovy Vary;True;1;;2026-09-11T07:31:37.5059790Z;4;KVE INVEST s.r.o. - prohlášení jediného společníka;22485759 KVE INVEST s.r.o
osapo nabytek s r o;Name;OSAPO nábytek s.r.o.;Found;47987545;OSAPO nábytek s.r.o.;SpoleÄŤnost s ruÄŤenĂ­m omezenĂ˝m;112;Postřelmov;Komenského 11, 78969 Postřelmov;True;1;;2026-09-11T07:31:37.7532129Z;1;Fw: Posouzení - Jan Luskač ;26824353 Reprotisk s.r.o
rubas david s r o;Name;RUBÁŠ DAVID s.r.o.;NotFound;;;;;;;;0;no candidate in the register;2026-09-11T07:31:38.0088824Z;4;Fw: RUBÁŠ DAVID s.r.o., IČ 09442022;09442022 POLÁK okna s.r.o
residencial zatec s r o;Name;Residencial Žatec s.r.o.;Found;09748792;Residencial Žatec s.r.o.;SpoleÄŤnost s ruÄŤenĂ­m omezenĂ˝m;112;Žatec;Jaroslava Vrchlického 2243, 43801 Žatec;True;1;;2026-09-11T07:31:38.2746988Z;1;Re: prosba o právní stanovisko banky;09748792 Residencial Žatec s.r.o
investujdopole cz s r o;Name;Investujdopole.cz s.r.o.;Found;17616328;investujdopole.cz s.r.o.;SpoleÄŤnost s ruÄŤenĂ­m omezenĂ˝m;112;Praha;Hviezdoslavova 516/39, Háje, 14900 Praha 4;True;4;;2026-09-11T07:31:38.6319042Z;1;Fikerle Daniel;17616328 investujdopole.cz s.r.o
simarek prijmy z cinnosti spolecnosti rosima s r o;Name;Šimarek příjmy z činnosti společnosti Rosima s.r.o.;NotFound;;;;;;;;0;no candidate in the register;2026-09-11T07:31:38.8238147Z;2;URGENT_Fw: PBH - Robert Šimarek, příprava na financování odkupu podílu vlastictví nemovitosti;25112171 GRAFOPRINT Plus, s.r.o
svj ico 08152543 porizeni parkovaciho zakladace;Name;SVJ IČO: 08152543 - pořízení parkovacího zakladače;NotFound;;;;;;;;0;no candidate in the register;2026-09-11T07:31:39.0661235Z;3;Fwd: investiční úvěr pro SVJ IČO: 08152543 - pořízení parkovacího zakladače;08152543 Společenství vlastníků pro dům Biskupský dvůr č.p. 2095, Praha 1
la vie s r o;Name;La Vie s.r.o.;Found;09389423;La Vie s.r.o.;SpoleÄŤnost s ruÄŤenĂ­m omezenĂ˝m;112;Luka nad Jihlavou;Na Balkáně 863, 58822 Luka nad Jihlavou;True;5;;2026-09-11T07:31:39.4037259Z;3;Re: Nadaire Telc SOD;09389423 La Vie s.r.o
ic nastupnicke s r o;Name;Ič nástupnické s.r.o.;NotFound;;;;;;;;0;no candidate in the register;2026-09-11T07:31:39.6028895Z;1;Re: fůze dvou firem;01431684 Ordinace praktického lékaře MUDr. Havrlantová s.r.o
iii kupni cena prodavajici magenta investment s r o;Name;III. KUPNÍ CENA Prodávající MAGENTA INVESTMENT s.r.o.;NotFound;;;;;;;;0;no candidate in the register;2026-09-11T07:31:39.9417732Z;2;Fw: Právní stanovisko k předložené kupní smlouvě na nemovitost;25384635 DNK stavební společnost, s.r.o
svj v sidlisti 390;Name;SVJ V Sídlišti 390;NotFound;;;;;;;;0;no candidate in the register;2026-09-11T07:31:40.1288627Z;4;RE: žádost o posouzení  rozhodnutí jediného vlastníka SVJ V Sídlišti 390, Děčín ič. 21834776;21834776 Společenství vlastníků jednotek V Sídlišti 390, Děčín
property md i a s;Name;Property MD I a.s.;Found;10953370;Property MD I a.s.;AkciovĂˇ spoleÄŤnost;121;Praha;Na hřebenech II 1718/10, Nusle, 14000 Praha 4;True;1;;2026-09-11T07:31:40.4144094Z;1;Property MD I a.s., IČ: 10953370;10953370 Property MD I a.s
ready stav group s r o;Name;READY STAV group s.r.o.;Found;24239119;READY STAV group s.r.o.;SpoleÄŤnost s ruÄŤenĂ­m omezenĂ˝m;112;Praha;V olšinách 1122/50, Strašnice, 10000 Praha 10;True;1;;2026-09-11T07:31:40.6940515Z;3;Fw: kontrola kupní smlouvy;26968924 APOLLO 3P, s.r.o
biomass invest s r o;Name;Biomass Invest s.r.o.;Found;04973518;Biomass Invest s.r.o.;SpoleÄŤnost s ruÄŤenĂ­m omezenĂ˝m;112;Služátky;č.p. 7, 58291 Služátky;True;1;;2026-09-11T07:31:40.9543594Z;3;Fw: notářský zápis;04973518 Biomass Invest s.r.o
zadatel aparthotel hranicna s r o;Name;Žadatel Aparthotel Hraničná s.r.o.;NotFound;;;;;;;;0;no candidate in the register;2026-09-11T07:31:41.1966270Z;2;Re: Zápis z VH - k ID žádosti 2070401871  Žadatel Aparthotel Hraničná s.r.o. RČ/IČ 19955596;19955596 Aparthotel Hraničná s.r.o
first estate investing a s;Name;FIRST ESTATE INVESTING a.s.;Found;28787676;FIRST ESTATE INVESTING a.s.;AkciovĂˇ spoleÄŤnost;121;Pec pod Sněžkou;č.p. 288, 54221 Pec pod Sněžkou;True;1;;2026-09-11T07:31:41.4690804Z;4;Fw: čerpání úvěru - doplnění IČ 28787676, FIRST ESTATE INVESTING a.s.;28787676 FIRST ESTATE INVESTING a.s
bradlovi s r o;Name;Brádlovi s.r.o.;Found;04163842;Brádlovi s.r.o.;SpoleÄŤnost s ruÄŤenĂ­m omezenĂ˝m;112;Nová Paka;Komenského 301, 50901 Nová Paka;True;1;;2026-09-11T07:31:41.7159944Z;3;komunikace s KN Jičín - Brádlovi s.r.o. - IČ: 04163842;04163842 Brádlovi s.r.o
novomestka teplarenska a s;Name;Novoměstká teplárenská a.s.;NotFound;;;;;;;;0;no candidate in the register;2026-09-11T07:31:41.9860949Z;3;Novoměstká teplárenská a.s., IČ 25335057, Žádost o souhlas s převodem akcií;25335057 Novoměstská teplárenská a.s
stomatologicka ordinace klinovska s r o;Name;Stomatologická ordinace Klinovská s.r.o.;Found;03620611;Stomatologická ordinace Klinovská s.r.o.;SpoleÄŤnost s ruÄŤenĂ­m omezenĂ˝m;112;Český Krumlov;Na Spojce 32, Nádražní Předměstí, 38101 Český Krumlov;True;1;;2026-09-11T07:31:42.2496547Z;3;Stomatologická ordinace Klinovská s.r.o., IČ 03620611;03620611 Stomatologická ordinace Klinovská s.r.o
a budoucim zastavcem s r o;Name;a budoucím zástavcem s.r.o.;NotFound;;;;;;;;0;no candidate in the register;2026-09-11T07:31:42.4901899Z;2;Trojstranná zástavní smlouva k nemovitosti;a budoucím zástavcem s.r.o
spolecenstvi vlastniku cerchovska sedm;Name;Společenství vlastníků Čerchovská sedm;Found;26756242;Společenství vlastníků Čerchovská sedm;;145;Praha;Čerchovská 1745/7, Vinohrady, 12000 Praha 2;True;1;;2026-09-11T07:31:42.7574742Z;2;Společenství vlastníků Čerchovská sedm, ičo 26756242;26756242 Společenství vlastníků Čerchovská sedm
26059479;Ico;26059479;Found;26059479;"""Společenství vlastníků jednotek č.p. 652,653/III Jindřichův Hradec""";;145;Jindřichův Hradec;sídliště Vajgar 652, Jindřichův Hradec III, 37701 Jindřichův Hradec;True;0;;2026-09-11T07:31:42.9647697Z;1;"FW: ""Společenství vlastníků jednotek č.p. 652,653/III Jindřichův Hradec""-Fw: Posouzení Zápisu ze shromáždění";26059479 Společenství vlastníků jednotek č.p. 652
tiz s r o;Name;TIZ s.r.o.;Found;19010044;TIZ s.r.o.;SpoleÄŤnost s ruÄŤenĂ­m omezenĂ˝m;112;Doubrava;č.p. 12, 73533 Doubrava;True;2;;2026-09-11T07:31:43.3493418Z;3;Fw: TIZ s.r.o.;19010044 TIZ s.r.o
ms stavmont s r o;Name;MS Stavmont s.r.o.;Found;28160240;MS STAVMONT s.r.o.;SpoleÄŤnost s ruÄŤenĂ­m omezenĂ˝m;112;Jindřichův Hradec;U Nemocnice 220, Jindřichův Hradec III, 37701 Jindřichův Hradec;True;1;;2026-09-11T07:31:43.5353157Z;1;Urgentní - vytvoření dokumentace MS Stavmont s.r.o., IČ 28160240;28160240 MS STAVMONT s.r.o
verill s r o;Name;Verill s.r.o.;Found;10880950;Verill s.r.o.;SpoleÄŤnost s ruÄŤenĂ­m omezenĂ˝m;112;Praha;Štanderova 869/2, Letňany, 19900 Praha 9;True;1;;2026-09-11T07:31:43.8302906Z;3;Dotaz na metodické postupy;10880950 Verill s.r.o
spolecenstvi vlastniku smetanova 2355 28;Name;Společenství vlastníků Smetanova 2355/28;Found;27691276;Společenství vlastníků Smetanova 2355/28, 2356/26, Znojmo;;145;Znojmo;Smetanova 2356/26, 66902 Znojmo;True;1;;2026-09-11T07:31:44.1099251Z;3;FW: podpis smlouvy o úvěru a ZÚ - 27691276, Společenství vlastníků Smetanova 2355/28, 2356/26, Znojmo, žádost 2071658585;27691276 Společenství vlastníků Smetanova 2355-28, 2356-26, Znojmo
mimaja s r o;Name;Mimaja s.r.o.;NotFound;;;;;;;;0;no candidate in the register;2026-09-11T07:31:44.2954318Z;3;Fw: Stanovisko LCD k zápočtu pohledávky - Mimaja s.r.o., IČ: 05495610;05495610 NPI Výstavby s.r.o
svj z uveru zastava 2 anuitnich splatek;Name;SVJ z úvěru (zástava 2 anuitních splátek)?;NotFound;;;;;;;;0;no candidate in the register;2026-09-11T07:31:44.5630158Z;4;Fw: Bytové družstvo SOPO cluid 8013-07-16-16.00.32.436247;SVJ z úvěru (zástava 2 anuitních splátek)-
vh domy stavitelstvi s r o;Name;VH domy stavitelství s.r.o.;Found;07108761;VH domy stavitelství s.r.o.;SpoleÄŤnost s ruÄŤenĂ­m omezenĂ˝m;112;Ostrava;Výstavní 1928/9, Moravská Ostrava, 70200 Ostrava;True;1;;2026-09-11T07:31:44.8580603Z;4;VH domy stavitelství s.r.o. 07108761;07108761 VH domy stavitelství s.r.o
truhlarstvi sujan s r o;Name;Truhlářství Šujan s.r.o.;Found;17278449;Truhlářství Šujan s.r.o.;SpoleÄŤnost s ruÄŤenĂ­m omezenĂ˝m;112;Litvínovice;Šindlovy Dvory 325, 37001 Litvínovice;True;1;;2026-09-11T07:31:45.0942588Z;2;Re: Oldřich Šujan;10269479 Oldřich Šujan
luftiga design s r o;Name;LUFTIGA design s.r.o.;Found;11656352;LUFTIGA design s.r.o.;SpoleÄŤnost s ruÄŤenĂ­m omezenĂ˝m;112;Liberec;Lukášovská 10, Liberec XVI-Nový Harcov, 46015 Liberec;True;1;;2026-09-11T07:31:45.3722014Z;4;LUFTIGA design s.r.o. -Fw: Dotaz;11656352 LUFTIGA design s.r.o
vet planet czech republic spol s r o;Name;Vet Planet Czech Republic spol. s.r.o.;Found;06967990;Vet Planet Czech Republic spol. s r.o.;SpoleÄŤnost s ruÄŤenĂ­m omezenĂ˝m;112;Praha;Chlumecká 3203, Horní Počernice, 19800 Praha 9;True;1;;2026-09-11T07:31:45.6186981Z;4;Fw: Verifikace Plné moci k zastupování společnosti v Bance - ič 06967990, Vet Planet Czech Republic spol. s.r.o.	;06967990 Vet Planet Czech Republic spol. s r.o
f2s group a s;Name;F2S group a.s.;Found;08803099;F2S group a.s.;AkciovĂˇ spoleÄŤnost;121;Staré Jesenčany;č.p. 171, 53002 Staré Jesenčany;True;1;;2026-09-11T07:31:45.8735667Z;3;Re: Poskytnuté zajištění vlastníkem klienta;08803099 F2S group a.s
svj by bylo pouze prijemcem uveru;Name;SVJ by bylo pouze příjemcem úvěru.;NotFound;;;;;;;;0;no candidate in the register;2026-09-11T07:31:46.1397788Z;1;Re: dotaz k účelu úvěru u SVJ;03622151 Společenství vlastníků Rezidence Nikoly Tesly
augara s r o;Name;Augara s.r.o.;Found;14316285;Augara s.r.o.;SpoleÄŤnost s ruÄŤenĂ­m omezenĂ˝m;112;Hořice;Maixnerova 526, 50801 Hořice;True;1;;2026-09-11T07:31:46.3948452Z;4;Fw: Klient Augara s.r.o., IČ 14316285;14316285 Augara s.r.o
24836907;Ico;24836907;Found;24836907;Bytové družstvo Točná, družstvo;DruĹľstvo;205;Praha;K Závorám 146, Točná, 14300 Praha 4;True;0;;2026-09-11T07:31:46.6098679Z;2;Fw: Bytové družstvo Točná, NZ;24836907 České spořitelny a.s
alsus s r o;Name;ALSUS s.r.o.;Found;28540158;ALSUS s.r.o.;SpoleÄŤnost s ruÄŤenĂ­m omezenĂ˝m;112;Stará Lysá;č.p. 200, 28926 Stará Lysá;True;1;;2026-09-11T07:31:46.9609994Z;1;Urgence žádosti: ALSUS, bankovní záruka;28540158 ALSUS s.r.o
pocet jednotek by byl vlozen do s r o;Name;počet jednotek by byl vložen do s.r.o.;NotFound;;;;;;;;0;no candidate in the register;2026-09-11T07:31:47.1710064Z;6;dotaz na možný úvěr;počet jednotek by byl vložen do s.r.o
svj a podminky cerpani dale rusime v ramci zajisteni;Name;SVJ a podmínky čerpání. Dále rušíme v rámci zajištění;NotFound;;;;;;;;0;no candidate in the register;2026-09-11T07:31:47.4358994Z;6;Fw: Připomínkové řízení k předpisu č. RR_4034_04_01R_;SVJ a podmínky čerpání. Dále rušíme v rámci zajištění
spolecenstvi vlastniku domu nova 602;Name;Společenství vlastníků domu Nová 602;Found;26043017;Společenství vlastníků domu Nová 602, Lišov;;145;Lišov;Nová 602/6, 37372 Lišov;True;1;;2026-09-11T07:31:47.7121908Z;2;"Re: Společenství vlastníků domu Nová 602, Lišov; IČ 26043017";26043017 Společenství vlastníků domu Nová 602, Lišov
dvdent spol s r o;Name;DVDent spol. s r.o.;Found;25435710;DVDent spol. s r.o.;SpoleÄŤnost s ruÄŤenĂ­m omezenĂ˝m;112;Vědomice;Chovatelů 336, 41301 Vědomice;True;1;;2026-09-11T07:31:48.0083196Z;1;Re: Rozhodnutí jediného společníka při výkonu působnosti valné hromady;19257031 IMPREZA CZ, s.r.o
svj a bd;Name;SVJ a BD;NotFound;;;;;;;;3;3 candidate(s), none an exact name match;2026-09-11T07:31:48.2545413Z;2;Re: žádost o projednání vypuštění závazku ze smlouvy;SVJ a BD
klatovska teplarna a s;Name;KLATOVSKÁ TEPLÁRNA a.s.;Found;49790960;KLATOVSKÁ TEPLÁRNA a.s.;AkciovĂˇ spoleÄŤnost;121;Klatovy;Jateční 660, Klatovy II, 33901 Klatovy;True;2;;2026-09-11T07:31:48.5158601Z;1;Fw: Změna požadavku - DR-145015, Doplnění dodatečných informací, KLATOVSKÁ TEPLÁRNA a.s. ;49790960 KLATOVSKÁ TEPLÁRNA a.s
abadoors s r o;Name;ABADOORS s.r.o.;Found;28989112;ABADOORS s.r.o.;SpoleÄŤnost s ruÄŤenĂ­m omezenĂ˝m;112;Praha;Podnikatelská 565, Běchovice, 19011 Praha 9;True;1;;2026-09-11T07:31:48.7497836Z;3;FW: SBERBANK_Fw: ABADOORS s.r.o. - IČ: 28989112 - 4200554284;28989112 ABADOORS s.r.o
fkjj s r o;Name;FKJJ s.r.o.;Found;02018021;FKJJ s.r.o.;SpoleÄŤnost s ruÄŤenĂ­m omezenĂ˝m;112;Praha;Staropramenná 503/6, Smíchov, 15000 Praha 5;True;1;;2026-09-11T07:31:49.0344592Z;2;Fw: Kontrola - Kupní smlouva, jistotní účet, FKJJ s.r.o., IČ 02018021 ;02018021 FKJJ s.r.o
tawan s r o;Name;TAWAN s.r.o.;Found;27446395;TAWAN s.r.o.;SpoleÄŤnost s ruÄŤenĂ­m omezenĂ˝m;112;Praha;Bubenská 575/23, Holešovice, 17000 Praha 7;True;5;;2026-09-11T07:31:49.2840338Z;4;Fw: TAWAN s.r.o., IČ: 27446395, případ č. 2045509816;27446395 TAWAN s.r.o
stazem s r o;Name;STAZEM s.r.o.;Found;19141106;STAZEM s.r.o.;SpoleÄŤnost s ruÄŤenĂ­m omezenĂ˝m;112;Praha;Slavětínská 1072/68, Klánovice, 19014 Praha 9;True;1;;2026-09-11T07:31:49.5181543Z;12;Stanovisko NRB k BZ pro klienta- STAZEM s.r.o., IČ 19141106;19141106 STAZEM s.r.o
mfl group s r o;Name;MFL Group s.r.o.;Found;28605284;MFL Group s.r.o.;SpoleÄŤnost s ruÄŤenĂ­m omezenĂ˝m;112;Český Těšín;Lípová 1128, 73701 Český Těšín;True;1;;2026-09-11T07:31:49.7943385Z;3;FW: SBERBANK_Fw: MFL Group s.r.o. - PZS ;25083325 Sberbank CZ, a.s. v likvidaci
jd vila jirny s r o;Name;JD Vila Jirny s.r.o.;Found;21858616;JD Vila Jirny s.r.o.;SpoleÄŤnost s ruÄŤenĂ­m omezenĂ˝m;112;Praha;U průhonu 1589/13a, Holešovice, 17000 Praha 7;True;1;;2026-09-11T07:31:50.0831881Z;1;Prosba - urgence CPS ID 2074714608;21858616 JD Vila Jirny s.r.o
spolecenstvi vlastniku domu cp 389 preloucska;Name;Společenství vlastníků domu čp. 389 Přeloučská;Found;03253872;Společenství vlastníků domu čp. 389 Přeloučská, Pardubice - část obce Staré Čívice;;145;Pardubice;Přeloučská 389, Staré Čívice, 53006 Pardubice;True;1;;2026-09-11T07:31:50.3173386Z;6;FW: Společenství vlastníků domu čp. 389 Přeloučská, Pardubice - část obce Staré Čívice, PSČ 530 06-Fw: koncept - hlasování per rollam CLUID  8019-11-16-05.21.22.877646;Společenství vlastníků domu čp. 389 Přeloučská
retimmo kyjov a s;Name;RETIMMO Kyjov a.s.;Found;05139856;RETIMMO Kyjov a.s.;AkciovĂˇ spoleÄŤnost;121;Praha;Anglická 336/21, Vinohrady, 12000 Praha 2;True;1;;2026-09-11T07:31:50.5810111Z;2;RETIMMO Kyjov a.s., IČ 05139856 - zápis z jednání valné hromady;05139856 RETIMMO Kyjov a.s
mo byrtus s r o;Name;MO BYRTUS s.r.o.;Found;09991506;MO BYRTUS s.r.o.;SpoleÄŤnost s ruÄŤenĂ­m omezenĂ˝m;112;Třinec;Staroměstská 478, Staré Město, 73961 Třinec;True;1;;2026-09-11T07:31:50.8509761Z;1;Re: Konzultace;09991506 MO BYRTUS s.r.o
spolecenstvi vlastniku jednotek zengrova 20;Name;Společenství vlastníků jednotek Zengrova 20;Found;28630751;Společenství vlastníků jednotek Zengrova 20, Vítkovice;;145;Ostrava;Zengrova 677/20, Vítkovice, 70300 Ostrava;True;1;;2026-09-11T07:31:51.1325221Z;1;FW: Společenství vlastníků jednotek Zengrova 20, Vítkovice-Fw: tip SVJ úvěr - financování koupě zahrady;28630751 Společenství vlastníků jednotek Zengrova 20, Vítkovice
degustarium bavory s r o;Name;DEGUSTARIUM Bavory s.r.o.;Found;04094662;DEGUSTARIUM Bavory s.r.o.;SpoleÄŤnost s ruÄŤenĂ­m omezenĂ˝m;112;Brno;Joukalova 1141/11, Bystrc, 63500 Brno;True;1;;2026-09-11T07:31:51.3787212Z;4;Re: DEGUSTARIUM Bavory s.r.o. ičo: 04094662, č.ž. 2047778473;04094662 DEGUSTARIUM Bavory s.r.o
idea storage services s r o;Name;IDEA STORAGE SERVICES s.r.o.;Found;10885862;IDEA STORAGE SERVICES s.r.o.;SpoleÄŤnost s ruÄŤenĂ­m omezenĂ˝m;112;Praha;Vinohradská 1899/112, Vinohrady, 13000 Praha 3;True;1;;2026-09-11T07:31:51.6430121Z;2;Fw: IDEA STORAGE SERVICES s.r.o. , IČ: 10885862;10885862 IDEA STORAGE SERVICES s.r.o
podnikatelsky uver jedna se o firmu s r o;Name;podnikatelský úvěr jedná se o firmu s.r.o.;NotFound;;;;;;;;0;no candidate in the register;2026-09-11T07:31:51.8729323Z;1;URGENT již 10 dní mám dotaz klient stále čeká ;09933123 ZaBaliss s.r.o
restaurace farkan s r o;Name;Restaurace Farkáň s.r.o.;Found;27608972;Restaurace Farkáň s.r.o.;SpoleÄŤnost s ruÄŤenĂ­m omezenĂ˝m;112;Praha;Na Farkáně III 194/32, Radlice, 15000 Praha 5;True;1;;2026-09-11T07:31:52.1705901Z;1;Restaurace Farkáň s.r.o. - kontrola smlouvy o zápůjčce;27608972 Restaurace Farkáň s.r.o
porr a s;Name;PORR a.s.;Found;43005560;PORR a.s.;AkciovĂˇ spoleÄŤnost;121;Praha;Dubečská 3238/36, Strašnice, 10000 Praha 10;True;4;;2026-09-11T07:31:52.4170876Z;2;Re: Město Orlová;PORR a.s
souladventure s r o;Name;SoulAdventure s.r.o.;Found;08315337;SoulAdventure s.r.o.;SpoleÄŤnost s ruÄŤenĂ­m omezenĂ˝m;112;Rudník;č.p. 21, 54372 Rudník;True;1;;2026-09-11T07:31:52.6581984Z;3;Re: žádost o posouzení akceptovatelnosti KS + smlouvy o Advokátní úschově, SoulAdventure s.r.o. (IČ: 08315337);08315337 SoulAdventure s.r.o
mlyn plav s r o;Name;Mlýn Plav s.r.o.;Found;08995796;Mlýn Plav s.r.o.;SpoleÄŤnost s ruÄŤenĂ­m omezenĂ˝m;112;Majdalena;č.p. 177, 37803 Majdalena;True;1;;2026-09-11T07:31:52.9346539Z;2;Mlýn Plav s.ro.;08995796 Mlýn Plav s.r.o
punctum invest s r o;Name;Punctum Invest s.r.o.;Found;23246731;Punctum Invest s.r.o.;SpoleÄŤnost s ruÄŤenĂ­m omezenĂ˝m;112;Brandýs nad Labem-Stará Boleslav;Komenského nám. 937/5, Brandýs nad Labem, 25001 Brandýs nad Labem-Stará Boleslav;True;1;;2026-09-11T07:31:53.1803597Z;6;Fw: Punctum Invest s.r.o., IČ: 23246731,  případ č. 2079417913 ;23246731 Punctum Invest s.r.o
dpr metal s r o;Name;DPR Metal s.r.o.;Found;06094678;DPR Metal s.r.o.;SpoleÄŤnost s ruÄŤenĂ­m omezenĂ˝m;112;Hutisko-Solanec;Hutisko 568, 75662 Hutisko-Solanec;True;1;;2026-09-11T07:31:53.4716403Z;3;DPR Metal s.r.o.-Fw: ÚVĚR Č. 0734972159, IČ 06094678  ;06094678 DPR Metal s.r.o
grundo s r o;Name;Grundo s.r.o.;Found;01494601;GRUNDO s.r.o.;SpoleÄŤnost s ruÄŤenĂ­m omezenĂ˝m;112;Praha;Wassermannova 1145/11, Hlubočepy, 15200 Praha 5;True;1;;2026-09-11T07:31:53.7747420Z;1;01494601 Grundo s.r.o., žadatel o úvěr;01494601 GRUNDO s.r.o
svj horanska 1510;Name;SVJ Hořanská 1510;NotFound;;;;;;;;0;no candidate in the register;2026-09-11T07:31:53.9773245Z;3;Fw: konzultace - poptávka úvěr - SVJ Hořanská 1510, 1512, 1511, Praha 3 - Žižkov - IČ: 24165379;24165379 Společenství vlastníků jednotek Hořanská č.p. 1510, č.p. 1512,č.p. 1511
smartstep rental s r o;Name;Smartstep rental s.r.o.;Found;23675781;Smartstep rental s.r.o.;SpoleÄŤnost s ruÄŤenĂ­m omezenĂ˝m;112;Štíty;Crhov 5, 78901 Štíty;True;1;;2026-09-11T07:31:54.2401957Z;1;Smartstep rental s.r.o. IČ 23675781 -  k úvěru 0784143199;23675781 Smartstep rental s.r.o
svj ma schvaleny klasicky uver na revitalizaci bd o 18;Name;SVJ má schválený klasický úvěr na revitalizaci BD o 18;NotFound;;;;;;;;0;no candidate in the register;2026-09-11T07:31:54.5049610Z;1;Re: dotaz -pokračování ;07440618 Společenství vlastníků Velká nad Veličkou 570
rokos stavby s r o;Name;ROKOS STAVBY s.r.o.;Found;29414431;ROKOS STAVBY s.r.o.;SpoleÄŤnost s ruÄŤenĂ­m omezenĂ˝m;112;Čáslav;Trnková 1816, Čáslav-Nové Město, 28601 Čáslav;True;1;;2026-09-11T07:31:54.7927041Z;2;Kupní smlouva Rokos stavby s. r. o. ;71471740 Mgr. Tomáš Hobl
immo trading s r o;Name;IMMO Trading s.r.o.;NotFound;;;;;;;;0;no candidate in the register;2026-09-11T07:31:55.0388011Z;3;Fw: Urgence na zpracování dokumentace, IMMO Trading s.r.o., IČ: 25511599, CPS 207 495 0782;25511599 IMMO-Trading s.r.o
mytreedk a s;Name;MyTreeDK a.s.;NotFound;;;;;;;;3;3 candidate(s), none an exact name match;2026-09-11T07:31:55.3592329Z;3;Fw: konzultace KS + služebnosti ID žádosti 2065831463, MyTreeDK a.s.;24729035 ČEZ Distribuce, a. s
svj komenskeho;Name;SVJ Komenského;Found;23715171;Energetické společenství SVJ Komenského 630, 631 Velký Osek, z.s.;Spolek;706;Velký Osek;Komenského 631, 28151 Velký Osek;True;1;;2026-09-11T07:31:55.5683357Z;4;Fw: SVJ Komenského, Šterneberk - IČ: 28573889;28573889 Společenství vlastníků jednotek pro dům Komenského 342-30, Šternberk
spolecenstvi vlastniku domu koliste 49;Name;Společenství vlastníků domu Koliště 49;Found;09408355;Společenství vlastníků domu Koliště 49, Brno;;145;Brno;Koliště 142/49, Zábrdovice, 60200 Brno;True;1;;2026-09-11T07:31:55.8577768Z;2;Re: odnět k přezkumnému řízení;09408355 Společenství vlastníků domu Koliště 49, Brno
revize ostrava s r o;Name;Revize Ostrava s.r.o.;Found;28632656;Revize Ostrava s.r.o.;SpoleÄŤnost s ruÄŤenĂ­m omezenĂ˝m;112;Ostrava;Pod Výhonem 5535/20, Třebovice, 72200 Ostrava;True;1;;2026-09-11T07:31:56.1229723Z;3;Fw: info KS Goldenstein x Revize Ostrava, úschova EVB;28632656 Revize Ostrava s.r.o
euragri s r o;Name;EURAGRI s.r.o.;Found;27140733;EURAGRI s.r.o.;SpoleÄŤnost s ruÄŤenĂ­m omezenĂ˝m;112;Praha;Na Harfě 935/5d, Vysočany, 19000 Praha 9;True;1;;2026-09-11T07:31:56.3968854Z;3;RE: EURAGRI s.r.o._IČ 271 40 733;27140733 EURAGRI s.r.o
ipsecure cz s r o;Name;IPsecure.cz s.r.o.;Found;24797359;IPsecure.cz s.r.o.;SpoleÄŤnost s ruÄŤenĂ­m omezenĂ˝m;112;Praha;5. května 780/48, Nusle, 14000 Praha 4;True;1;;2026-09-11T07:31:56.6306601Z;3;Fw: IPsecure.cz s.r.o. 24797359;24797359 IPsecure.cz s.r.o
farma uhorilka s r o;Name;FARMA ÚHOŘILKA s.r.o.;Found;28814126;FARMA ÚHOŘILKA s.r.o.;SpoleÄŤnost s ruÄŤenĂ­m omezenĂ˝m;112;Úhořilka;č.p. 12, 58253 Úhořilka;True;1;;2026-09-11T07:31:56.9215976Z;2;Re: Upravená Smlouva o právu stavby Farma Úhořilka;FARMA ÚHOŘILKA s.r.o
spolecenstvi vlastniku pro dum zizkova 179 25 ceske budejovice;Name;Společenství vlastníků pro dům Žižkova 179/25 České Budějovice;Found;28078462;Společenství vlastníků pro dům Žižkova 179/25 České Budějovice;;145;České Budějovice;Žižkova tř. 179/25, České Budějovice 6, 37001 České Budějovice;True;1;;2026-09-11T07:31:57.2074722Z;3;Společenství vlastníků pro dům Žižkova 179/25 České Budějovice, IČ 28078462;28078462 Společenství vlastníků pro dům Žižkova 179-25 České Budějovice
ivana khollova byla jednatelkou spolecnosti mediloco s r o;Name;Ivana Khollová byla jednatelkou společnosti MEDILOCO s.r.o.;NotFound;;;;;;;;0;no candidate in the register;2026-09-11T07:31:57.4316647Z;1;Dotaz - aval směnky - dědické řízení - urgentní;25204351 MEDILOCO s.r.o
twift czechia s r o;Name;Twift Czechia s.r.o.;Found;22317805;Twift Czechia s.r.o.;SpoleÄŤnost s ruÄŤenĂ­m omezenĂ˝m;112;Praha;Děčínská 552/1, Střížkov, 18000 Praha 8;True;1;;2026-09-11T07:31:57.6817071Z;1;Fw: Bankovní účet - TWIFT;22317805 Twift Czechia s.r.o
adelinex active s r o;Name;ADELINEX Active s.r.o.;Found;19868758;ADELINEX Active s.r.o.;SpoleÄŤnost s ruÄŤenĂ­m omezenĂ˝m;112;Praha;V parku 2316/12, Chodov, 14800 Praha 4;True;1;;2026-09-11T07:31:58.0058416Z;1;ADELINEX Invest a.s. a JSSK ShelfCo 13 s.r.o. (ADELINEX Active s.r.o.)  -  oprava dokumentace projektové financování;19868758 ADELINEX Active s.r.o
spolecenstvi vlastniku jednotek mestanska 32;Name;Společenství vlastníků jednotek Měšťanská 32;NotFound;;;;;;;;2;2 candidate(s), none an exact name match;2026-09-11T07:31:58.2837632Z;6;Fw: Společenství vlastníků jednotek Měšťanská 32, 695 01 Hodonín Ičo: 26309785;26309785 Společenství vlastníků jednotek Měšťanská 32, 695 01 Hodonín
avz logistik s r o;Name;AVZ logistik s.r.o.;Found;26044307;AVZ logistik s.r.o.;SpoleÄŤnost s ruÄŤenĂ­m omezenĂ˝m;112;Dolní Pěna;č.p. 100, 37701 Dolní Pěna;True;1;;2026-09-11T07:31:58.4864909Z;2;Fw: dotaz lhůty zpracování;26044307 AVZ logistik s.r.o
vyjadreni pravniho oddeleni cs a s;Name;Vyjádření právního oddělení ČS a.s.;NotFound;;;;;;;;0;no candidate in the register;2026-09-11T07:31:58.7278138Z;4;Re: Vyjádření právního oddělení ČS a.s.;Vyjádření právního oddělení ČS a.s
26846624;Ico;26846624;NotFound;26846624;;;;;;;0;not in the register;2026-09-11T07:31:58.9166276Z;2;Fw: Výzva z katastru Simon Minks ID 2045841352;26846624 a.s
kontrola kupni smlouvy creditimmo s r o;Name;Kontrola Kupní smlouvy Creditimmo s.r.o.;NotFound;;;;;;;;0;no candidate in the register;2026-09-11T07:31:59.3167372Z;1;Re: Fw: Kontrola Kupní smlouvy Creditimmo s.r.o.;03669947 CREDITIMMO s.r.o
18098452;Ico;18098452;NotFound;18098452;;;;;;;0;not in the register;2026-09-11T07:31:59.4325397Z;1;Re: Škorník Ján_Fw: SC0000000017968633 -  potvrzení o zaplacení úvěru a zániku zajišťovacího převodu ;18098452 a.s
spolecenstvi vlastniku jednotek vedenem krajskym soudem v hradci kralove;Name;společenství vlastníků jednotek vedeném Krajským soudem v Hradci králové;NotFound;;;;;;;;0;no candidate in the register;2026-09-11T07:31:59.8200250Z;2;koncept - hlasování per rollam CLUID  8019-11-16-05.21.22.877646;společenství vlastníků jednotek vedeném Krajským soudem v Hradci králové
slouceni firem klienta do nove vznikleho s r o;Name;sloučení firem klienta do nově vzniklého s.r.o.;NotFound;;;;;;;;0;no candidate in the register;2026-09-11T07:32:00.0243557Z;3;Konzultace úvěrového záměru klienta - transformace firem;27487636 sloučení firem klienta do nově vzniklého s.r.o
autosluzba zilka s r o;Name;AUTOSLUŽBA ŽILKA s.r.o.;Found;25922785;AUTOSLUŽBA ŽILKA s.r.o.;SpoleÄŤnost s ruÄŤenĂ­m omezenĂ˝m;112;Havlíčkův Brod;Jihlavská 3601, 58001 Havlíčkův Brod;True;1;;2026-09-11T07:32:00.2825287Z;2;Fw: FOO Ondřej Žilka, RČ 8910043571 , ID žádosti 2065013749;14893649 AUTOSLUŽBA ŽILKA s.r.o
vyroba s r o;Name;výroba s.r.o.;NotFound;;;;;;;;5;5 candidate(s), none an exact name match;2026-09-11T07:32:00.6178768Z;4;Re: CPS ID 2053733646     SANTÉ - výroba s.r.o.;výroba s.r.o
46709576;Ico;46709576;Found;46709576;COMP`S, spol. s r.o.;SpoleÄŤnost s ruÄŤenĂ­m omezenĂ˝m;112;Smržovka;Husova 539, 46851 Smržovka;True;0;;2026-09-11T07:32:00.7693736Z;2;COMP`S, spol. s r.o.;46709576 spol. s r.o
cez distribuce a s;Name;ČEZ Distribuce a.s.;Found;24729035;ČEZ Distribuce, a. s.;AkciovĂˇ spoleÄŤnost;121;Děčín;Teplická 874/8, Děčín IV-Podmokly, 40502 Děčín;True;1;;2026-09-11T07:32:01.1908822Z;4;ADROMIA INVEST - úvěr č. 	625252179  -  Sluzebnosti cesty_stezky_medii ADROMIAINVEST_ADROMIA;ČEZ Distribuce a.s
rajsky s r o;Name;RAJSKÝ s.r.o.;NotFound;;;;;;;;4;4 candidate(s), none an exact name match;2026-09-11T07:32:01.3997588Z;3;Re: Konzultace ;28820495 RAJSKÝ s.r.o
degustarium vmp s r o;Name;DEGUSTARIUM VMP s.r.o.;NotFound;;;;;;;;0;no candidate in the register;2026-09-11T07:32:01.6078689Z;2;Re: DEGUSTARIUM VMP s.r.o. ičo: 05904331;05904331 DEGUSTARIUM VMP s.r.o
svj tj 1 4 projektu;Name;SVJ (tj. 1/4 projektu).;NotFound;;;;;;;;0;no candidate in the register;2026-09-11T07:32:01.8652330Z;2;Re: financování výstavby kotelny SVJ;SVJ (tj. 1-4 projektu)
renata prucha himlova jednatel kozeluhy caslav s r o;Name;Renata Průcha Himlová Jednatel Koželuhy Čáslav s.r.o.;NotFound;;;;;;;;0;no candidate in the register;2026-09-11T07:32:02.1381021Z;1;kontrola navržených kupních smluv;01862537 Koželuhy Čáslav s.r.o
zhtw top s r o;Name;ZHTW TOP s.r.o.;Found;09167412;ZHTW TOP s.r.o.;SpoleÄŤnost s ruÄŤenĂ­m omezenĂ˝m;112;Ústí nad Labem;Masarykova 750/316, Bukov, 40001 Ústí nad Labem;True;1;;2026-09-11T07:32:02.3811133Z;3;Fw: plná moc k zastupování ;09167412 ZHTW TOP s.r.o
ganymed s r o;Name;Ganymed s.r.o.;Found;25178024;Ganymed, s.r.o.;SpoleÄŤnost s ruÄŤenĂ­m omezenĂ˝m;112;Vodňany;Výstavní 1043, Vodňany II, 38901 Vodňany;True;1;;2026-09-11T07:32:02.6506786Z;2;Ganymed s.r.o., IČ 25178024, klient z WSPK, úvěr 7074475123/0800, smlouva o úvěru 054047-001;25178024 Ganymed, s.r.o
svj 3936 prevzeti uveru;Name;SVJ 3936: převzetí úvěru;NotFound;;;;;;;;0;no candidate in the register;2026-09-11T07:32:02.9124148Z;4;Fw: SVJ 3936: převzetí úvěru;04188497 Společenství vlastníků jednotek Vítězslava Nezvala 3936, Chomutov
ing tomas rusnik za home builders s r o;Name;Ing. Tomáš Rusník za Home Builders s.r.o.;NotFound;;;;;;;;0;no candidate in the register;2026-09-11T07:32:03.1827373Z;1;platba kupní ceny s odloženou splatností na výzvu;14051401 Home Builders s.r.o
panorama resort mlynice s r o;Name;Panorama resort Mlýnice s.r.o.;Found;14017199;Panorama resort Mlýnice s.r.o.;SpoleÄŤnost s ruÄŤenĂ­m omezenĂ˝m;112;Olomouc;Kateřinská 87/9, 77900 Olomouc;True;1;;2026-09-11T07:32:03.5092856Z;6;Klient Panorama resort Mlýnice s.r.o., IČ 14017199,  CPS 2072218558;14017199 Panorama resort Mlýnice s.r.o
prosba o konzultaci amadea s r o;Name;Prosba o konzultaci AMADEA s.r.o.;NotFound;;;;;;;;0;no candidate in the register;2026-09-11T07:32:03.7059283Z;3;Prosba o konzultaci AMADEA s.r.o., IČ: 25968190/Martin Portych zastavená odchozí platba ve prospěch obchodníka s kryptoměnou;25968190 AMADEA s.r.o
salon glamour s r o;Name;Salon Glamour s.r.o.;NotFound;;;;;;;;0;no candidate in the register;2026-09-11T07:32:03.9768906Z;5;Re: financování 1/2 RD - klient Salon Glamour s.r.o.;03737586 Revitalizace staveb s.r.o
d1 nonstop trailer servis s r o;Name;D1 nonstop trailer servis s.r.o.;Found;24254525;D1 nonstop trailer servis s.r.o.;SpoleÄŤnost s ruÄŤenĂ­m omezenĂ˝m;112;Praha;Ringhofferova 115/1, Třebonice, 15521 Praha 5;True;1;;2026-09-11T07:32:04.3006806Z;2;Automatická odpověď: Dotaz na jednání za spol. D1 nonstop trailer servis s.r.o., IČ: 24254525;24254525 D1 nonstop trailer servis s.r.o
svj vylouceny;Name;SVJ vyloučený;NotFound;;;;;;;;0;no candidate in the register;2026-09-11T07:32:04.4840549Z;2;Re: Audit VNS - nástupnické SVJ;SVJ vyloučený
tyka se klienta astn machining s r o;Name;Týká se klienta ASTN Machining s.r.o.;NotFound;;;;;;;;0;no candidate in the register;2026-09-11T07:32:04.7418282Z;2;Fw: Odsouhlasení  znění účelu úvěru ;06627781 ASTN Machining s.r.o
verox invest s r o;Name;Verox Invest s.r.o.;Found;04464401;Verox Invest s.r.o.;SpoleÄŤnost s ruÄŤenĂ­m omezenĂ˝m;112;Praha;Londýnská 254/7, Vinohrady, 12000 Praha 2;True;1;;2026-09-11T07:32:05.0240972Z;4;Verox Invest s.r.o., IČ: 04464401, 2079806568;04464401 Verox Invest s.r.o
24824151;Ico;24824151;Found;24824151;SAMEZALUZIE.CZ s.r.o.;SpoleÄŤnost s ruÄŤenĂ­m omezenĂ˝m;112;Praha;Poděbradská 777/9b, Vysočany, 19000 Praha 9;True;0;;2026-09-11T07:32:05.2449358Z;4;CPS2074544836;24824151 SAMEZALUZIE.CZ s.r.o
samezaluzie cz s r o;Name;SAMEZALUZIE.CZ s.r.o.;Found;24824151;SAMEZALUZIE.CZ s.r.o.;SpoleÄŤnost s ruÄŤenĂ­m omezenĂ˝m;112;Praha;Poděbradská 777/9b, Vysočany, 19000 Praha 9;True;1;;2026-09-11T07:32:05.5175539Z;4;CPS2074544836;24824151 SAMEZALUZIE.CZ s.r.o
blue glory company s r o;Name;Blue Glory Company s.r.o.;Found;08276919;Blue Glory Company s.r.o.;SpoleÄŤnost s ruÄŤenĂ­m omezenĂ˝m;112;Praha;Seifertova 1021/19, Žižkov, 13000 Praha 3;True;1;;2026-09-11T07:32:05.7830205Z;1;Blue Glory Company s.r.o.,  IČ 08276919;08276919 Blue Glory Company s.r.o
michael bretl prodavajici za four b s r o;Name;Michael Bretl Prodávající za Four B. s.r.o.;NotFound;;;;;;;;0;no candidate in the register;2026-09-11T07:32:06.0453144Z;1;Kupní smlouva Bretl x Four B;14297507 Four B s.r.o
svj haskova;Name;SVJ HAŠKOVA;NotFound;;;;;;;;0;no candidate in the register;2026-09-11T07:32:06.3586194Z;2;Re: SVJ HAŠKOVA, IČO: 26451000 - čerpání úvěru;26451000 Společenství vlastníků jednotek Haškova 9-845, Praha 7
wassbau projekty s r o;Name;Wassbau -projekty s.r.o.;NotFound;;;;;;;;0;no candidate in the register;2026-09-11T07:32:06.5625512Z;3;Wassbau-Projekty;17301611 WASSBAU s.r.o
svj je opravneno uzavrit smlouvu o uveru;Name;SVJ je oprávněno uzavřít smlouvu o úvěru;NotFound;;;;;;;;0;no candidate in the register;2026-09-11T07:32:06.8155526Z;2;Re: zápis SVJ;SVJ je oprávněno uzavřít smlouvu o úvěru
bladent nmnm s r o zakonne stepeni bladent nmnm s r o;Name;Bladent NMNM s.r.o.-zákonné štěpení Bladent NMNM s.r.o.;NotFound;;;;;;;;0;no candidate in the register;2026-09-11T07:32:07.0688320Z;4;Re: Bladent NMNM s.r.o.-zákonné štěpení Bladent NMNM s.r.o., IČ 29307074;29307074 Bladent NMNM s.r.o
spolecenstvi vlastniku pro dum belohorska 25;Name;Společenství vlastníků pro dům Bělohorská 25;Found;24682535;Společenství vlastníků pro dům Bělohorská 25, Praha 6;;145;Praha;Bělohorská 416/25, Břevnov, 16900 Praha 6;True;1;;2026-09-11T07:32:07.3767975Z;2;Fw: Společenství vlastníků pro dům Bělohorská 25, Praha 6, IČ 24682535;24682535 Společenství vlastníků pro dům Bělohorská 25, Praha 6
kc za dluznikem gold real estate s r o;Name;Kč za dlužníkem Gold Real Estate s.r.o.;NotFound;;;;;;;;0;no candidate in the register;2026-09-11T07:32:07.6085551Z;2;Fw: Jistotní účet případ č. 2070886066;11980486 Gold Real Estate s.r.o
habuilding s r o;Name;Habuilding s.r.o.;Found;28324463;Habuilding s.r.o.;SpoleÄŤnost s ruÄŤenĂ­m omezenĂ˝m;112;Velešovice;č.p. 258, 68301 Velešovice;True;1;;2026-09-11T07:32:07.8716507Z;3;kontrola ;01658875 JUDr. JARMILA EVA STRAKOVÁ, advokátka
svj jakozto podminky pro cerpani uveru poskytnuteho c;Name;SVJ jakožto podmínky pro čerpání úvěru  poskytnutého Č;NotFound;;;;;;;;0;no candidate in the register;2026-09-11T07:32:08.1728813Z;2;Fw: INFORMACE K ČERPÁNÍ;SVJ jakožto podmínky pro čerpání úvěru poskytnutého Č
has sof cz s r o;Name;HAS SOF-CZ s.r.o.;NotFound;;;;;;;;0;no candidate in the register;2026-09-11T07:32:08.3989699Z;2;Fw: Kontrola kupní smlouvy a smlouvy o úschově   HAS SOF-CZ s.r.o.   IČ: 24120600  CPS 2046556832;24120600 HAS SOF - CZ, s.r.o
tvm net s r o;Name;TVM NET s.r.o.;Found;04674642;TVM Net s.r.o.;SpoleÄŤnost s ruÄŤenĂ­m omezenĂ˝m;112;Praha;Kutilova 3061/2, Modřany, 14300 Praha 4;True;3;;2026-09-11T07:32:08.6961374Z;3;FW: klient TVM NET s.r.o., IČ 04674642 - Plná moc ;04674642 TVM Net s.r.o
garance bydleni s r o;Name;Garance Bydlení s.r.o.;Found;07969074;Garance Bydlení s.r.o.;SpoleÄŤnost s ruÄŤenĂ­m omezenĂ˝m;112;Brno;Nové sady 988/2, Staré Brno, 60200 Brno;True;1;;2026-09-11T07:32:08.9431815Z;1;Fw: Garance bydlení ;07969074 Garance Bydlení s.r.o
dk mass s r o;Name;DK MASS s.r.o.;Found;01618164;DK MASS s.r.o.;SpoleÄŤnost s ruÄŤenĂ­m omezenĂ˝m;112;Brno;Výpadní 802/6a, Žebětín, 64100 Brno;True;1;;2026-09-11T07:32:09.1987615Z;3;Odsouhlasení návrhu Rozhodnutí jediného společníka - DK MASS s.r.o. 01618164;01618164 DK MASS s.r.o
cs do spolecnosti komo hradec s r o;Name;ČS do společnosti Komo Hradec s.r.o.;NotFound;;;;;;;;0;no candidate in the register;2026-09-11T07:32:09.4802529Z;4;CPS 2068319254 _ DataLite, spol. s r.o., IČ: 251 06 325 - posouzení záměru Klienta (nepeněžitý vklad Nemovitosti v zástavě pro ČS do společnosti Komo Hradec s.r.o., IČ: 198 53 777);19853777 Komo Hradec s.r.o
kontrola souhlasu jedineho spolecnika aplu energy s r o;Name;Kontrola souhlasu jediného společníka APLU Energy s.r.o.;NotFound;;;;;;;;0;no candidate in the register;2026-09-11T07:32:09.7309406Z;4;Kontrola souhlasu jediného společníka APLU Energy s.r.o.;05552311 APLU energy s.r.o
tepadla s r o;Name;TEPADLA s.r.o.;Found;04172817;TEPADLA s.r.o.;SpoleÄŤnost s ruÄŤenĂ­m omezenĂ˝m;112;Tachov;Prokopa Velikého 707, 34701 Tachov;True;1;;2026-09-11T07:32:09.9914853Z;1;TEPADLA s.r.o., 04172817 - vyjádření LGL pro OPS;04172817 TEPADLA s.r.o
svj a bytov a dru zs tv a;Name;SVJ  a bytov á  dru žs tv a;NotFound;;;;;;;;0;no candidate in the register;2026-09-11T07:32:10.2529960Z;1;Re: monitorovaný hovor dne 15.8.2022;25906771 Společenství vlastníků Český Těšín, Sokola Tůmy 66-15
lissport s r o;Name;LISSPORT s.r.o.;Found;27461050;LISSPORT s.r.o.;SpoleÄŤnost s ruÄŤenĂ­m omezenĂ˝m;112;Harrachov;Nový Svět 350, 51246 Harrachov;True;2;;2026-09-11T07:32:10.5196692Z;2;Dotaz - převod nemovitosti z PO a FOO se zástavním právem ČS - LISSPORT s.r.o. IČO: 27461050;27461050 LISSPORT s.r.o
obecni dum semily s r o;Name;Obecní dům Semily s.r.o.;Found;21333530;Obecní dům Semily s.r.o.;SpoleÄŤnost s ruÄŤenĂ­m omezenĂ˝m;112;Praha;Na Folimance 2155/15, Vinohrady, 12000 Praha 2;True;1;;2026-09-11T07:32:10.8072985Z;3;Obecní dům Semily s.r.o., IČ: 21333530, 2070918320;21333530 Obecní dům Semily s.r.o
02875845;Ico;02875845;Found;02875845;Společenství vlastníků jednotek Smetanova 452, Holice;;145;Holice;Smetanova 452, 53401 Holice;True;0;;2026-09-11T07:32:10.9982503Z;3;odsouhlasení zápisu ze shromáždění CLUID 8016-05-04-11.49.08.787821;02875845 SVJ za Bankou ze smluv o všech účtech vedených pro SVJ
spolecenstvi vlastniku pro dum na neklance c p 3358;Name;Společenství vlastníků pro dům Na Neklance č.p. 3358;Found;09965173;Společenství vlastníků pro dům Na Neklance č.p. 3358;;145;Praha;Na Neklance 3358/29, Smíchov, 15000 Praha 5;True;1;;2026-09-11T07:32:11.3988025Z;4;Re: Společenství vlastníků pro dům Na Neklance č.p. 3358, IČ: 09965173;09965173 Společenství vlastníků pro dům Na Neklance č.p. 3358
69650306;Ico;69650306;Found;69650306;František Němec;;105;Netín;č.p. 110, 59444 Netín;True;0;;2026-09-11T07:32:11.5151942Z;1;Re: GD - zástavci v SJM;69650306 a.s
solutum group s r o;Name;Solutum group s.r.o.;Found;05990513;Solutum group s.r.o.;SpoleÄŤnost s ruÄŤenĂ­m omezenĂ˝m;112;Praha;Rybná 716/24, Staré Město, 11000 Praha 1;True;1;;2026-09-11T07:32:11.8874925Z;2;Fw: FISH export 24 - přehled produktů v ČS;05990513 Solutum group s.r.o
cond klima s r o;Name;COND KLIMA s.r.o.;Found;27828891;COND KLIMA s.r.o.;SpoleÄŤnost s ruÄŤenĂ­m omezenĂ˝m;112;Ostrava;Paskovská 727/141, Hrabová, 72000 Ostrava;True;1;;2026-09-11T07:32:12.1155659Z;2;Fw: CPS ID 2075190628  - COND KLIMA s.r.o., 27828891;27828891 COND KLIMA s.r.o
bd starokosirska s r o;Name;BD Starokošířská s.r.o.;Found;17764831;BD Starokošířská s.r.o.;SpoleÄŤnost s ruÄŤenĂ­m omezenĂ˝m;112;Březí;Průmyslová 102, 25101 Březí;True;1;;2026-09-11T07:32:12.3869546Z;2;Re: Změna vlastníka předmětu zástavy;02476878 JUDr. Jan Jaroš
svj velka nad velickou 570;Name;SVJ Velká nad Veličkou 570;NotFound;;;;;;;;0;no candidate in the register;2026-09-11T07:32:12.6418340Z;2;dotaz ;07440618 Společenství vlastníků Velká nad Veličkou 570
svj nove hrady 317;Name;SVJ Nové hrady 317;NotFound;;;;;;;;0;no candidate in the register;2026-09-11T07:32:12.8912677Z;3;Posouzení Zápisu - SVJ Nové hrady 317;28062353 Společenství vlastníků Nové Hrady 317
uniformycz spol s r o;Name;UniformyCZ spol. s r.o.;Found;01471457;UniformyCZ spol. s r.o.;SpoleÄŤnost s ruÄŤenĂ­m omezenĂ˝m;112;Praha;Průmyslová 566/5, Malešice, 10800 Praha 10;True;1;;2026-09-11T07:32:13.1720217Z;4;SBERBANK-Fw: SC0000000079787959 - UniformyCZ spol. s r.o. (01471457) ;01471457 UniformyCZ spol. s r.o
svj nema zadny uver;Name;SVJ nemá žádný úvěr;NotFound;;;;;;;;0;no candidate in the register;2026-09-11T07:32:13.4334754Z;2;Dotaz;SVJ nemá žádný úvěr
spolecenstvi vlastniku na baranovci;Name;Společenství vlastníků Na Baranovci;NotFound;;;;;;;;2;2 candidate(s), none an exact name match;2026-09-11T07:32:13.7185295Z;1;FW: Společenství vlastníků Na Baranovci , IČ: 10685359;10685359 Společenství vlastníků Na Baranovci 1975-1978
bankovni zaruky u klienta bretricon s r o;Name;Bankovní záruky u klienta Bretricon s.r.o.;NotFound;;;;;;;;0;no candidate in the register;2026-09-11T07:32:13.9544449Z;1;Urgence přípravy dokumentace;07881916 Bretricon s.r.o
leitnerleitner tax s r o;Name;LeitnerLeitner Tax s.r.o.;Found;06612288;LeitnerLeitner Tax s.r.o.;SpoleÄŤnost s ruÄŤenĂ­m omezenĂ˝m;112;Praha;Voctářova 2449/5, Libeň, 18000 Praha 8;True;1;;2026-09-11T07:32:14.2399711Z;2;založení účtu pro Právnickou osobu;06612288 LeitnerLeitner Tax s.r.o
vas dotaz ohledne firmy signtech s r o;Name;Vás dotaz ohledně firmy SIGNTECH s.r.o.;NotFound;;;;;;;;0;no candidate in the register;2026-09-11T07:32:14.5170199Z;1;Konzultace;24305677 SIGNTECH, s.r.o
14072173;Ico;14072173;Found;14072173;HT Praha s.r.o.;SpoleÄŤnost s ruÄŤenĂ­m omezenĂ˝m;112;Praha;Vestavěná 1016/32, Záběhlice, 14100 Praha 4;True;0;;2026-09-11T07:32:14.7055006Z;2;Fw: dotaz - smlouva o uveru 0626608149/LCD;14072173 a.s
gp development s r o;Name;GP Development s.r.o.;NotFound;;;;;;;;0;no candidate in the register;2026-09-11T07:32:15.0579659Z;4;FW: Fw: GP Development s.r.o. - kontrola SoBKS;02044137 GP Development s.r.o
ff credit s r o;Name;FF Credit s.r.o.;Found;08579822;FF Credit s.r.o.;SpoleÄŤnost s ruÄŤenĂ­m omezenĂ˝m;112;Praha;Budovcova 188/1, Žižkov, 13000 Praha 3;True;1;;2026-09-11T07:32:15.2845498Z;2;Lucie Mužíková RČ: 9462080298;08579822 FF Credit s.r.o
simple credit s r o;Name;Simple Credit s.r.o.;Found;14195941;Simple Credit s.r.o.;SpoleÄŤnost s ruÄŤenĂ­m omezenĂ˝m;112;Praha;Olbrachtova 1980/5, Krč, 14000 Praha 4;True;1;;2026-09-11T07:32:15.5630617Z;2;Fw: Simple Credit - zřízení zástavního práva k bankovním účtům společnosti ;24827452 Advokátní kancelář Brož, Sedlatý s.r.o
jf cerpaci stanice s r o;Name;JF čerpací stanice s.r.o.;Found;08929734;JF čerpací stanice s.r.o.;SpoleÄŤnost s ruÄŤenĂ­m omezenĂ˝m;112;Třebechovice pod Orebem;Tyršova 1177, 50346 Třebechovice pod Orebem;True;1;;2026-09-11T07:32:15.8254342Z;1;JF čerpací stanice s.r.o., IČO: 08929734;08929734 JF čerpací stanice s.r.o
mcdental s r o;Name;MCDental s.r.o.;Found;07206500;MCDental s.r.o.;SpoleÄŤnost s ruÄŤenĂ­m omezenĂ˝m;112;Praha;Ruská 1526/112a, Vršovice, 10000 Praha 10;True;1;;2026-09-11T07:32:16.0628616Z;3;Fw: MDDr. Martin Čarný - zánik financovaného klienta;05923531 MCDental s.r.o
spolecenstvi vlastniku na lysinach cp 460 462 v praze 4 fw kontrola zapisu ic;Name;Společenství vlastníků Na Lysinách čp. 460-462 v Praze 4-Fw: Kontrola zápisu IČ;NotFound;;;;;;;;0;no candidate in the register;2026-09-11T07:32:16.3386705Z;3;Společenství vlastníků Na Lysinách čp. 460-462 v Praze 4-Fw: Kontrola zápisu IČ 27159183;27159183 Společenství vlastníků Na Lysinách čp. 460-462 v Praze 4
svj je to komplikovanejsi;Name;SVJ je to komplikovanější.;NotFound;;;;;;;;0;no candidate in the register;2026-09-11T07:32:16.6001909Z;2;Fw: SBERBRANK - SVJ/BD;SVJ je to komplikovanější
global financial development a s;Name;Global Financial Development a.s.;Found;28218647;Global Financial Development a.s.;AkciovĂˇ spoleÄŤnost;121;Praha;Dykova 1158/17, Vinohrady, 10100 Praha 10;True;1;;2026-09-11T07:32:16.9067696Z;4;Re: Návaznost na konzultaci klient: Global Financial Development a.s., IČ/RČ: 28218647;28218647 Global Financial Development a.s
ceske sporitelny accord group praha s r o;Name;České spořitelny ACCORD GROUP PRAHA s.r.o.;NotFound;;;;;;;;0;no candidate in the register;2026-09-11T07:32:17.1078961Z;2;Konzultace Plná moc;03179290 KERMATEK TRADE ENERGY s.r.o. v likvidaci
m autotrans s r o;Name;M Autotrans s.r.o.;Found;27518167;L & M Autotrans s.r.o.;SpoleÄŤnost s ruÄŤenĂ­m omezenĂ˝m;112;Pardubice;Průmyslová 387, Pardubičky, 53003 Pardubice;True;1;;2026-09-11T07:32:17.4026724Z;3;FW: L & M Autotrans s.r.o. - 038220-001 - klient Sberbank;25083325 Sberbank CZ, a.s. v likvidaci
spolecenstvi vlastniku u trati 905 v jicine;Name;Společenství vlastníků, U Trati 905 v Jičíně;Found;28803175;Společenství vlastníků, U Trati 905 v Jičíně;;145;Jičín;U trati 905, Valdické Předměstí, 50601 Jičín;True;1;;2026-09-11T07:32:17.6793776Z;2;Společenství vlastníků, U Trati 905 v Jičíně _Fw: Žádost o vyjádření ohledně způsobu podepisování;28803175 Společenství vlastníků, U Trati 905 v Jičíně
made in prague spol s r o;Name;Made in Prague spol. s r.o.;Found;27883647;Made in Prague spol. s r.o.;SpoleÄŤnost s ruÄŤenĂ­m omezenĂ˝m;112;Praha;náměstí Prezidenta Masaryka 106, Kunratice, 14800 Praha 4;True;1;;2026-09-11T07:32:17.9188470Z;5;Fw: Made in Prague spol. s r.o., ičo 27883647 , Případ ID 2077442261 ;27883647 Made in Prague spol. s r.o
gatom trans s r o;Name;GATOM TRANS s.r.o.;Found;07375018;GATOM TRANS s.r.o.;SpoleÄŤnost s ruÄŤenĂ­m omezenĂ˝m;112;Uherské Hradiště;28. října 988, 68601 Uherské Hradiště;True;1;;2026-09-11T07:32:18.1775946Z;4;GATOM TRANS s.r.o.-Fw: dotaz;29012601 DEKORA STUCK s.r.o
obytna zona blovice s r o;Name;Obytná zóna Blovice s.r.o.;Found;09934626;Obytná zóna Blovice s.r.o.;SpoleÄŤnost s ruÄŤenĂ­m omezenĂ˝m;112;Plzeň;Hřbitovní 996/33, Doubravka, 31200 Plzeň;True;1;;2026-09-11T07:32:18.4503788Z;3;Fw: obytná zóna Blovice;09934626 Obytná zóna Blovice s.r.o
zuriel s r o;Name;Zuriel s.r.o.;Found;28788214;Zuriel s.r.o.;SpoleÄŤnost s ruÄŤenĂ­m omezenĂ˝m;112;Kunčice;č.p. 123, 50315 Kunčice;True;1;;2026-09-11T07:32:18.7289886Z;2;Re: Klient: Zuriel s.r.o., IČ 28788214;28788214 Zuriel s.r.o
stanovisko pixabelly group a s;Name;Stanovisko Pixabelly Group a.s.;NotFound;;;;;;;;0;no candidate in the register;2026-09-11T07:32:18.9609352Z;3;Stanovisko Pixabelly Group a.s.;29031508 PIXABELLY BASSOVA s.r.o
privalek s r o;Name;Privalek s.r.o.;Found;04224752;Privalek s.r.o.;SpoleÄŤnost s ruÄŤenĂ­m omezenĂ˝m;112;Plzeň;Čechova 2641/44, Jižní Předměstí, 30100 Plzeň;True;1;;2026-09-11T07:32:19.2097158Z;1;Re: SC0000000078242309 Privalek s. r. o. - pan Ondřej Pilík - oznámení k podnikatelskému účelovému úvěru 0765 298 179/ičo 04224752 Privalek s.r.o.;04224752 Privalek s.r.o
gamys s r o;Name;Gamys s.r.o.;Found;25861611;GAMYS s.r.o.;SpoleÄŤnost s ruÄŤenĂ­m omezenĂ˝m;112;Ostrava;Nádražní 613/38, Moravská Ostrava, 70200 Ostrava;True;1;;2026-09-11T07:32:19.5333329Z;2;Re: stavba na cizím pozemku - Gamys s.r.o. IČ 25861611;25861611 GAMYS s.r.o
rh elektro s r o;Name;RH elektro s.r.o.;Found;27802736;RH elektro s.r.o.;SpoleÄŤnost s ruÄŤenĂ­m omezenĂ˝m;112;Třinec;Nad Tyrkou 99, Kanada, 73961 Třinec;True;1;;2026-09-11T07:32:19.7916632Z;1;Re: RH elektro- čerpání;49606565 CASEL CZ Co. s.r.o
amk trans servis s r o;Name;AMK Trans Servis s.r.o.;Found;03751007;AMK Trans Servis s.r.o.;SpoleÄŤnost s ruÄŤenĂ­m omezenĂ˝m;112;Nová Ves;č.p. 213, 27752 Nová Ves;True;1;;2026-09-11T07:32:20.0317502Z;1;RE: žádost číslo: 2080874712, klient: AMK Trans Servis s.r.o., IČ/RČ: 03751007;03751007 AMK Trans Servis s.r.o
svj jako ucel uveru mit nakup pozemku vedle sveho byto;Name;SVJ jako účel úvěru mít nákup pozemku vedle svého byto;NotFound;;;;;;;;0;no candidate in the register;2026-09-11T07:32:20.2821518Z;1;dotaz k účelu úvěru u SVJ;03622151 Společenství vlastníků Rezidence Nikoly Tesly
bytovy dum z leby s r o;Name;Bytový dům Ž leby s.r.o.;NotFound;;;;;;;;0;no candidate in the register;2026-09-11T07:32:20.5215987Z;3;Bytový dům Žleby_DODATEK SOSB;11697997 Bytový dům Žleby, s.r.o
spolecenstvi vlastniku jiskrova 1214;Name;Společenství vlastníků Jiskrova 1214;Found;25486586;Společenství vlastníků Jiskrova 1214, Liberec;;145;Liberec;Jiskrova 1214/5a, Liberec I-Staré Město, 46001 Liberec;True;1;;2026-09-11T07:32:20.8198780Z;4;Fw: Společenství vlastníků Jiskrova 1214, Liberec, IČ/RČ: 25486586;25486586 Společenství vlastníků Jiskrova 1214, Liberec
trio estate development s r o;Name;Trio Estate Development s.r.o.;Found;06652689;Trio Estate Development s.r.o.;SpoleÄŤnost s ruÄŤenĂ­m omezenĂ˝m;112;Praha;Nekvasilova 692/29, Karlín, 18600 Praha 8;True;1;;2026-09-11T07:32:21.0902940Z;3;Re: Fw: Trio Estate Development s.r.o.: IČ: 06652689;06652689 Trio Estate Development s.r.o
r capital a s;Name;R capital a.s.;NotFound;;;;;;;;5;5 candidate(s), none an exact name match;2026-09-11T07:32:21.4138478Z;1;RE: Dotaz na realizaci zamýšlené transakce;25874128 R capital, a.s
mannteco s r o;Name;MANNTECO s.r.o.;Found;03621961;MANNTECO s.r.o.;SpoleÄŤnost s ruÄŤenĂ­m omezenĂ˝m;112;Lanškroun;Králická 480, Ostrovské Předměstí, 56301 Lanškroun;True;1;;2026-09-11T07:32:21.6096831Z;2;Fw: dotaz na možnosti dodatku;03621961 MANNTECO s.r.o
holoubek trade s r o;Name;Holoubek trade s.r.o.;Found;28284551;Holoubek trade s. r. o.;SpoleÄŤnost s ruÄŤenĂ­m omezenĂ˝m;112;Žďár nad Sázavou;Jamská 2528/71, Žďár nad Sázavou 1, 59101 Žďár nad Sázavou;True;1;;2026-09-11T07:32:21.8565235Z;1;Re: Holoubek trade s. r. o.;28284551 Holoubek trade s. r. o
bd bozkovska s r o;Name;BD Božkovská s.r.o.;Found;23275430;BD Božkovská s.r.o.;SpoleÄŤnost s ruÄŤenĂ­m omezenĂ˝m;112;Plzeň;Houškova 561/4, Východní Předměstí, 32600 Plzeň;True;1;;2026-09-11T07:32:22.1234534Z;2;Automatická odpověď: Žádost o posouzení kupní smlouvy - kl. BD Božkovská s.r.o., ič 23275430;23275430 BD Božkovská s.r.o
thera energo spol s r o;Name;THERA Energo spol. s r.o.;Found;29241588;THERA Energo, spol. s r.o.;SpoleÄŤnost s ruÄŤenĂ­m omezenĂ˝m;112;Brno;Komárovská 466/16, Komárov, 61700 Brno;True;1;;2026-09-11T07:32:22.3705688Z;3;Odsouhlasení návrhu - Rozhodnutí jediného společníka - THERA Energo spol. s r.o. 29241588 ;29241588 THERA Energo, spol. s r.o
aparthotel hranicna s r o;Name;Aparthotel Hraničná s.r.o.;Found;19955596;Aparthotel Hraničná s.r.o.;SpoleÄŤnost s ruÄŤenĂ­m omezenĂ˝m;112;Praha;Letohradská 755/50, Holešovice, 17000 Praha 7;True;1;;2026-09-11T07:32:22.6355246Z;2;FW: Posouzení   k žádosti číslo: 2070401871, klient: Aparthotel Hraničná s.r.o., IČ/RČ: 19955596, produkt: Projektové financování, - smlouva o úvěru, smlouva o příplatku + smlouva o úvěru;19955596 Aparthotel Hraničná s.r.o
svj rehorova 27 44 ico 29412811;Name;SVJ Řehořova 27/44 (IČO 29412811);NotFound;;;;;;;;0;no candidate in the register;2026-09-11T07:32:22.9084974Z;2;Fw: SVJ Řehořova 27/44 (IČO 29412811) ;29412811 Společenství vlastníků jednotek Řehořova 27-44, Praha 3
fk ceska trebova s r o;Name;FK Česká Třebová s.r.o.;Found;62062174;FK Česká Třebová s.r.o.;SpoleÄŤnost s ruÄŤenĂ­m omezenĂ˝m;112;Česká Třebová;Pod Jelenicí 597, Parník, 56002 Česká Třebová;True;1;;2026-09-11T07:32:23.1918642Z;2;Fw: CPS: CPS - MSE: přiřazení úkolu - FK Česká Třebová s.r.o., IČ/RČ: 62062174;62062174 FK Česká Třebová s.r.o
f s real estate investment s r o;Name;F&S Real Estate Investment s.r.o.;Found;23814314;F&S Real Estate Investment s.r.o.;SpoleÄŤnost s ruÄŤenĂ­m omezenĂ˝m;112;Praha;Bělehradská 858/23, Vinohrady, 12000 Praha 2;True;1;;2026-09-11T07:32:23.4861449Z;2;F&S Kupní smlouva;23814314 F&S Real Estate Investment s.r.o
boldre invest s r o;Name;Boldre Invest s.r.o.;Found;02963485;Boldre Invest s.r.o.;SpoleÄŤnost s ruÄŤenĂ­m omezenĂ˝m;112;Praha;Sokolovská 428/130, Karlín, 18600 Praha 8;True;1;;2026-09-11T07:32:23.6790857Z;3;Boldre Invest s.r.o., 	 02963485;02963485 Boldre Invest s.r.o
infitness olomouc s r o;Name;Infitness Olomouc s.r.o.;Found;06698140;Infitness Olomouc s.r.o.;SpoleÄŤnost s ruÄŤenĂ­m omezenĂ˝m;112;Olomouc;Velkomoravská 590/50, Nové Sady, 77900 Olomouc;True;1;;2026-09-11T07:32:23.9405815Z;4;FW: Infitness Olomouc s.r.o. ičo: 06698140;06698140 Infitness Olomouc s.r.o
streaming technologies europe s r o;Name;Streaming Technologies Europe s.r.o.;NotFound;;;;;;;;0;no candidate in the register;2026-09-11T07:32:24.2513506Z;2;Re: Streaming Technologies Europe s.r.o. Ičo:08371768;08371768 Streaming Technologies Europe s.r.o
jimi tore s r o;Name;Jimi Tore s.r.o.;Found;27677737;Jimi Tore s.r.o.;SpoleÄŤnost s ruÄŤenĂ­m omezenĂ˝m;112;Kroměříž;Altýře 3285/1b, 76701 Kroměříž;True;1;;2026-09-11T07:32:24.4905651Z;3;"Fw: Jimi Tore s.r.o. - Úvěrová smlouva PŘED PODPISEM - podmínky 1. čerpání ""Rozhodnutí jediného společníka.....""  ŽÁDOST/prosba o konzultaci";27677737 Jimi Tore s.r.o
36282940;Ico;36282940;ChecksumInvalid;36282940;;;;;;;0;modulo-11 check digit does not match;2026-09-11T07:32:24.4941060Z;2;Fw: NEVLÁDNÍ ORGANIZACE CELÁ UKRAJINA_IČ 36282940;36282940
03379389;Ico;03379389;ChecksumInvalid;03379389;;;;;;;0;modulo-11 check digit does not match;2026-09-11T07:32:24.4981799Z;1;Fw: Vzor pro kontrolu hlasování per rollam SVJ Pha10;03379389
biokom cz s r o;Name;BIOKOM CZ s.r.o.;Found;28117956;BIOKOM CZ s.r.o.;SpoleÄŤnost s ruÄŤenĂ­m omezenĂ˝m;112;Dačice;Borek 20, 38001 Dačice;True;1;;2026-09-11T07:32:24.7578164Z;4;Fw: BIOKOM CZ s.r.o. - IČ 28117956;28117956 BIOKOM CZ s.r.o
svj schuzka z 18 1 2022;Name;SVJ - schůzka z 18. 1. 2022;NotFound;;;;;;;;0;no candidate in the register;2026-09-11T07:32:25.0012140Z;1;SV IČ 25460897 Kalkulace úvěru SVJ - schůzka z 18. 1. 2022;25460897 Společenství vlastníků pro dům Aloisina výšina 418-423
polgistav s r o;Name;Polgistav s.r.o.;Found;08125201;Polgistav s.r.o.;SpoleÄŤnost s ruÄŤenĂ­m omezenĂ˝m;112;Hradec Králové;Komenského 264/5, 50003 Hradec Králové;True;1;;2026-09-11T07:32:25.2624496Z;2;Re: Zástavní smlouvy k pohledávkám z nájmu;Polgistav s.r.o
fve solutions s r o;Name;FVE Solutions s.r.o.;Found;09955631;FVE Solutions s.r.o.;SpoleÄŤnost s ruÄŤenĂ­m omezenĂ˝m;112;Praha;Nademlejnská 683/5, Hloubětín, 19800 Praha 9;True;1;;2026-09-11T07:32:25.5046141Z;2;nastavení disponujících osob na firemním účtu;09955631 FVE Solutions s.r.o
cd sanitar s r o;Name;CD SANITAR s.r.o.;Found;26319012;CD SANITAR, s.r.o.;SpoleÄŤnost s ruÄŤenĂ­m omezenĂ˝m;112;Rokycany;Zeyerova 1209, Nové Město, 33701 Rokycany;True;1;;2026-09-11T07:32:25.7530953Z;2;Re: down-stream fúze;26319012 CD SANITAR, s.r.o
svj vychazi fond oprav 10;Name;SVJ vychází fond oprav 10;NotFound;;;;;;;;0;no candidate in the register;2026-09-11T07:32:26.0257449Z;3;Fw: Společenství Nám. kpt. Otmara Chlupa 7,8, Znojmo, číslo žádosti 2072941246;26313791 Společenství Nám. kpt. Otmara Chlupa 7,8, Znojmo
bd jhch s r o;Name;BD JHCH s.r.o.;Found;09783342;BD JHCH s.r.o.;SpoleÄŤnost s ruÄŤenĂ­m omezenĂ˝m;112;Pohořelice;Vídeňská 576, 69123 Pohořelice;True;1;;2026-09-11T07:32:26.2762481Z;2;Re: BD JHCH s.r.o., IČ 09783342 - odsouhlasení dokumentace - projektové financování k pronájmu;09783342 BD JHCH s.r.o
bhcpro s r o;Name;BHCPRO s.r.o.;Found;29155649;BHCPRO s.r.o.;SpoleÄŤnost s ruÄŤenĂ­m omezenĂ˝m;112;Praha;Vranická 2356, Újezd nad Lesy, 19016 Praha 9;True;1;;2026-09-11T07:32:26.5290801Z;3;BHCPRO s.r.o.-Fw: Prověření dokumentů u žádosti ID 2067423398;29155649 BHCPRO s.r.o
psychoterapie andel s r o;Name;PSYCHOTERAPIE ANDĚL s.r.o.;Found;02018578;PSYCHOTERAPIE ANDĚL s.r.o.;SpoleÄŤnost s ruÄŤenĂ­m omezenĂ˝m;112;Praha;Branická 1924/175, Krč, 14000 Praha 4;True;1;;2026-09-11T07:32:26.8070120Z;3;PSYCHOTERAPIE ANDĚL s.r.o._Kontrola kupní smlouvy;02018578 PSYCHOTERAPIE ANDĚL s.r.o
imfsoft s r o;Name;IMFsoft s.r.o.;Found;26851181;IMFsoft, s.r.o.;SpoleÄŤnost s ruÄŤenĂ­m omezenĂ˝m;112;Ostrava;Moravská 797/85, Hrabůvka, 70030 Ostrava;True;1;;2026-09-11T07:32:27.0685042Z;4;úprava smluvní dokumentace:   IMFsoft s.r.o., IČ: 26851181;26851181 IMFsoft, s.r.o
malik stavba s r o;Name;Malik Stavba s.r.o.;Found;05394252;Malik Stavba s.r.o.;SpoleÄŤnost s ruÄŤenĂ­m omezenĂ˝m;112;Liberec;Mrštíkova 399/2a, Liberec III-Jeřáb, 46007 Liberec;True;1;;2026-09-11T07:32:27.3298009Z;4;Malik Stavba s.r.o.   IČO 05394252 - investiční úvěru ;05394252 Malik Stavba s.r.o
svj zahradecka ico 08729476;Name;SVJ Zahrádecká - IČO: 08729476;NotFound;;;;;;;;0;no candidate in the register;2026-09-11T07:32:27.5952509Z;1;Re: SVJ Zahrádecká - IČO: 08729476;08729476 Společenství vlastníků Praha Zahrádecká 371-372
luvoxy hair s r o;Name;LUVOXY HAIR s.r.o.;Found;04520297;LUVOXY HAIR s. r. o.;SpoleÄŤnost s ruÄŤenĂ­m omezenĂ˝m;112;Praha;U Trezorky 921/2, Jinonice, 15800 Praha 5;True;1;;2026-09-11T07:32:27.8506239Z;2;FW: Spořitelna _LUVOXY;LUVOXY HAIR s.r.o
agos bio a s;Name;AGOS BIO a.s.;Found;60745584;AGOS BIO a.s.;AkciovĂˇ spoleÄŤnost;121;Bukovina;č.p. 108, 67905 Bukovina;True;1;;2026-09-11T07:32:28.1249053Z;2;Fw: Prosím o stanovisko k textu kvůli korporátnímu souhlasu;60745584 AGOS BIO a.s
zastavni smlouve victos s r o;Name;Zástavní smlouvě Victos s.r.o.;NotFound;;;;;;;;0;no candidate in the register;2026-09-11T07:32:28.3643280Z;1;FW: RCP - zástavní smlouva;70884099 Hasičský záchranný sbor Jihomoravského kraje
spolecenstvi vlastniku jednotek v kastankach 1074;Name;Společenství vlastníků jednotek V Kaštánkách 1074;Found;75132885;Společenství vlastníků jednotek V Kaštánkách 1074, Pečky;;145;Pečky;V Kaštánkách 1074, 28911 Pečky;True;1;;2026-09-11T07:32:28.6604492Z;4;Fw: Společenství vlastníků jednotek V Kaštánkách 1074, Pečky, IČO: 75132885, prověření správnosti dokumentace;75132885 Společenství vlastníků jednotek V Kaštánkách 1074, Pečky
elis plzen a s;Name;ELIS PLZEŇ a.s.;Found;25210068;ELIS PLZEŇ a. s.;AkciovĂˇ spoleÄŤnost;121;Plzeň;Luční 425/15, Severní Předměstí, 30100 Plzeň;True;1;;2026-09-11T07:32:28.9174276Z;3;Fw: Kontrola notářského zápisu - následná podmínka úvěru;25210068 ELIS PLZEŇ a. s
sluzby mesta jihlavy s r o;Name;SLUŽBY MĚSTA JIHLAVY s.r.o.;Found;60727772;SLUŽBY MĚSTA JIHLAVY s.r.o.;SpoleÄŤnost s ruÄŤenĂ­m omezenĂ˝m;112;Jihlava;Havlíčkova 218/64, 58601 Jihlava;True;1;;2026-09-11T07:32:29.2005434Z;2;Fw: Rezoluční doložka - Služby Města Jihlavy;60727772 SLUŽBY MĚSTA JIHLAVY s.r.o
u vrbicek s r o;Name;U vrbiček s.r.o.;Found;21534829;U Vrbiček s.r.o.;SpoleÄŤnost s ruÄŤenĂ­m omezenĂ˝m;112;Držovice;Tichá 542, 79607 Držovice;True;3;;2026-09-11T07:32:29.4812523Z;6;Re: Smluvní dokumetnace - Mateřská škola a základní školu U vrbiček s.r.o.;U vrbiček s.r.o
zadatel caffe pe ra s r o;Name;Žadatel CAFFE PE-RA s.r.o.;NotFound;;;;;;;;0;no candidate in the register;2026-09-11T07:32:29.7002673Z;2;Re: Posouzení KS + escrow -  ID žádosti 2080649402 Žadatel CAFFE PE-RA s.r.o. RČ/IČ 29076544;29076544 CAFFE PE-RA s.r.o
ze s r o;Name;Ze s.r.o.;NotFound;;;;;;;;5;5 candidate(s), none an exact name match;2026-09-11T07:32:30.1144046Z;1;Pragom CS - Rezidence vitalis zú;10899774 Rezidence Vitalis, z.ú
svj dle pozadavku banky body a smysl jednotlivych usn;Name;SVJ dle požadavků banky. Body a smysl jednotlivých usn;NotFound;;;;;;;;0;no candidate in the register;2026-09-11T07:32:30.2640378Z;2;RE: zástava pohledávek z účtu;SVJ dle požadavků banky. Body a smysl jednotlivých usn
svj u tvrze;Name;SVJ U Tvrze;NotFound;;;;;;;;0;no candidate in the register;2026-09-11T07:32:30.5185971Z;8;Re: [U_Tvrze_667_Vybor] Re: INFORMACE K ČERPÁNÍ;SVJ U Tvrze
svj j myslivecka 25899350 doplneni k odsouhlaseni;Name;SVJ J. myslivečka 25899350 - doplnění k odsouhlasení;NotFound;;;;;;;;0;no candidate in the register;2026-09-11T07:32:30.7688381Z;1;FW: SVJ J. myslivečka 25899350 - doplnění k odsouhlasení;25899350 Společenství vlastníků domu č. p. 1880, Frýdek-Místek
w pharm holding s r o;Name;W-Pharm holding s.r.o.;NotFound;;;;;;;;0;no candidate in the register;2026-09-11T07:32:31.0260584Z;3;Fw: W-pharm holding prosím o posouzení dokumentu insolv. správce;04550382 W-Pharm holding s.r.o
zabrdovicka s r o;Name;Zábrdovická s.r.o.;NotFound;;;;;;;;5;5 candidate(s), none an exact name match;2026-09-11T07:32:31.3279690Z;1;urgence , změna sazby, Zábrdovická sro CPS+ ID 2071729850;29355745 Zábrdovická s.r.o
zamek ellischau s r o;Name;Zámek ELLISCHAU s.r.o.;Found;09626964;Zámek ELLISCHAU s.r.o.;SpoleÄŤnost s ruÄŤenĂ­m omezenĂ˝m;112;Nalžovské Hory;Nalžovy 1, 34101 Nalžovské Hory;True;1;;2026-09-11T07:32:31.5781159Z;2;Fw: Zámek ELLISCHAU s.r.o., IČ 09626964 - Dotaz;09626964 Zámek ELLISCHAU s.r.o
live betting s r o;Name;LIVE BETTING s.r.o.;Found;17973627;LIVE BETTING s.r.o.;SpoleÄŤnost s ruÄŤenĂ­m omezenĂ˝m;112;Praha;Holušická 2253/1, Chodov, 14800 Praha 4;True;1;;2026-09-11T07:32:31.8293097Z;2;Dotaz - způsob jednání - 3x společnost (LIVE LINE / 3S SECURITY PRO / LIVE BETTING) ;LIVE BETTING s.r.o
aronie s r o;Name;ARONIE s.r.o.;Found;07389604;ARONIE s.r.o.;SpoleÄŤnost s ruÄŤenĂ­m omezenĂ˝m;112;Pardubice;Jana Palacha 2783, Zelené Předměstí, 53002 Pardubice;True;2;;2026-09-11T07:32:32.1126555Z;2;konzultace Generální plné moci;07389604 ARONIE s.r.o
46342591;Ico;46342591;Found;46342591;K A M E X, spol. s r.o.;SpoleÄŤnost s ruÄŤenĂ­m omezenĂ˝m;112;Staré Město;Kostelanská 2122, 68603 Staré Město;True;0;;2026-09-11T07:32:32.3017781Z;1;Re: Právní stanovisko k rozštěpení společnosti Hladík stavební servis s.r.o.;46342591 Hladík stavební servis s.r.o
svj tento postup neni uplne bezny pokud svj splni v;Name;SVJ (tento postup není úplně běžný). Pokud SVJ splní v;NotFound;;;;;;;;0;no candidate in the register;2026-09-11T07:32:32.6559071Z;4;Fw: Dotaz;SVJ (tento postup není úplně běžný). Pokud SVJ splní v
garnataturus s r o;Name;Garnataturus s.r.o.;NotFound;;;;;;;;0;no candidate in the register;2026-09-11T07:32:32.8705092Z;3;Re: Garnataturus s.r.o., IČO: 03946045 - Prohlášení jediného společníka;03946045 Garnataurus s.r.o
pl z podiloveho fondu na s r o;Name;PL z podílového fondu na s.r.o.;NotFound;;;;;;;;0;no candidate in the register;2026-09-11T07:32:33.1658284Z;1;Dotaz;63677962 MAXA, spol. s r.o
sportlife centrum s r o;Name;SPORTLIFE CENTRUM s.r.o.;Found;48293792;SPORTLIFE CENTRUM s.r.o.;SpoleÄŤnost s ruÄŤenĂ­m omezenĂ˝m;112;Rumburk;Lesní 1302/12, Rumburk 1, 40801 Rumburk;True;1;;2026-09-11T07:32:33.4247670Z;3;Fw: CPS: CPS - MSE: přiřazení úkolu;48293792 SPORTLIFE CENTRUM s.r.o
13995847;Ico;13995847;Found;13995847;oknavyroba s.r.o.;SpoleÄŤnost s ruÄŤenĂ­m omezenĂ˝m;112;Nečín;č.p. 206, 26213 Nečín;True;0;;2026-09-11T07:32:33.6343622Z;1;FW: Zapis z valne hromady k uveru;13995847 a.s
28791819;Ico;28791819;Found;28791819;HAMO systems s.r.o.;SpoleÄŤnost s ruÄŤenĂ­m omezenĂ˝m;112;Pardubice;Blahoutova 600, Studánka, 53012 Pardubice;True;0;;2026-09-11T07:32:33.9264314Z;1;Kupní smlouva - HAMO systems s.r.o.;28791819 HAMO systems s.r.o
hamo systems s r o;Name;HAMO systems s.r.o.;Found;28791819;HAMO systems s.r.o.;SpoleÄŤnost s ruÄŤenĂ­m omezenĂ˝m;112;Pardubice;Blahoutova 600, Studánka, 53012 Pardubice;True;1;;2026-09-11T07:32:34.3325220Z;1;Kupní smlouva - HAMO systems s.r.o.;28791819 HAMO systems s.r.o
spedagro s r o;Name;SPEDAGRO s.r.o.;Found;09677208;SPEDAGRO s.r.o. v likvidaci;SpoleÄŤnost s ruÄŤenĂ­m omezenĂ˝m;112;Jičín;Pod Koželuhy 70, Nové Město, 50601 Jičín;True;1;;2026-09-11T07:32:34.5214066Z;2;Fw: Klient SPEDAGRO s.r.o., IČ 09677208;09677208 SPEDAGRO s.r.o. v likvidaci
svj dlouha 677 32 horni slavkov;Name;SVJ Dlouhá 677/32 Horní Slavkov;NotFound;;;;;;;;0;no candidate in the register;2026-09-11T07:32:34.7893941Z;4;Dotaz k podpisu smluvní dokumentace SVJ Dlouhá 677/32 Horní Slavkov;70971897 Společenství vlastníků jednotek ul. Dlouhá 677-32, 357 31 Horní Slavkov
forlex s r o;Name;FORLEX s.r.o.;Found;04275705;FORLEX s.r.o., advokátní kancelář;SpoleÄŤnost s ruÄŤenĂ­m omezenĂ˝m;112;Ostrava;28. října 3159/29, Moravská Ostrava, 70200 Ostrava;True;1;;2026-09-11T07:32:35.0763849Z;2;Fw: Změna zajištění úvěru č. 712771129;04275705 FORLEX s.r.o., advokátní kancelář
29389313;Ico;29389313;Found;29389313;Komfort Auto s.r.o.;SpoleÄŤnost s ruÄŤenĂ­m omezenĂ˝m;112;Frýdek-Místek;K Dolům 154, Chlebovice, 73942 Frýdek-Místek;True;0;;2026-09-11T07:32:35.1940830Z;2;FW: Komfort Auto s.r.o., ID 	2064446389;29389313 Komfort Auto s.r.o
izolting moravia s r o;Name;IZOLTING Moravia s.r.o.;Found;26867125;IZOLTING MORAVIA s.r.o.;SpoleÄŤnost s ruÄŤenĂ­m omezenĂ˝m;112;Rožnov pod Radhoštěm;Bučiska 621, 75661 Rožnov pod Radhoštěm;True;1;;2026-09-11T07:32:35.6173415Z;1;Fw: Rozhodnutí jediného společníka;26867125 IZOLTING MORAVIA s.r.o
houdek dent s r o;Name;HOUDEK DENT s.r.o.;Found;17148189;Houdek Dent s.r.o.;SpoleÄŤnost s ruÄŤenĂ­m omezenĂ˝m;112;České Budějovice;F. A. Gerstnera 2151/6, České Budějovice 7, 37001 České Budějovice;True;1;;2026-09-11T07:32:35.7848914Z;3;Fw: HOUDEK DENT s.r.o. IČ 17148189;17148189 Houdek Dent s.r.o
svj skolni 1506 4 decin;Name;SVJ Školní 1506/4 Děčín;NotFound;;;;;;;;0;no candidate in the register;2026-09-11T07:32:36.0857708Z;3;Re: Společenství vlastníků jednotek č.p. 1506, 1507, 1508 Školní, Děčín-Fw: Dotaz na financování SVJ Školní 1506/4 Děčín ;19903138 Společenství vlastníků jednotek č.p. 1506, 1507, 1508 Školní, Děčín
kontrola dokumentu profipack s r o;Name;Kontrola dokumentů PROFIPACK s.r.o.;NotFound;;;;;;;;0;no candidate in the register;2026-09-11T07:32:36.4024268Z;3;Re: SBERBANK_Fw: Kontrola dokumentů PROFIPACK s.r.o.;26918684 PROFIPACK s.r.o
25279335;Ico;25279335;Found;25279335;RODEPA s.r.o.;SpoleÄŤnost s ruÄŤenĂ­m omezenĂ˝m;112;Praha;Kunětická 2534/2, Vinohrady, 12000 Praha 2;True;0;;2026-09-11T07:32:36.5122813Z;1;RODEPA s.r.o. - zápis z jednání VH notářským zápisem-korporátní souhlas ;25279335 RODEPA s.r.o
7kv prague s r o;Name;7KV Prague s.r.o.;Found;17343950;7KV Prague s.r.o.;SpoleÄŤnost s ruÄŤenĂ­m omezenĂ˝m;112;Praha;Sokolovská 85/104, Karlín, 18600 Praha 8;True;1;;2026-09-11T07:32:36.8919449Z;1;RE: Prohlášení developera;17343950 7KV Prague s.r.o
svj odsouhlasilo zakladni parametry uveru a poverilo p;Name;SVJ odsouhlasilo základní parametry úvěru a pověřilo p;NotFound;;;;;;;;0;no candidate in the register;2026-09-11T07:32:37.0701941Z;2;zápis SVJ;SVJ odsouhlasilo základní parametry úvěru a pověřilo p
svj ledenicka ic 02264625;Name;SVJ Ledenická - IČ 02264625;NotFound;;;;;;;;0;no candidate in the register;2026-09-11T07:32:37.3253123Z;1;Posouzení Zápisu ze shromáždění SVJ Ledenická - IČ 02264625;02264625 Společenství vlastníků domu Ledenická 497, České Budějovice
svj dale jen zapis a svj uvadim nasledujici;Name;SVJ (dále jen „ Zápis “ a „ SVJ “) uvádím následující;NotFound;;;;;;;;0;no candidate in the register;2026-09-11T07:32:37.5877735Z;2;RE: zápis ze schůze SVJ;SVJ (dále jen „ Zápis “ a „ SVJ “) uvádím následující
gc s r o;Name;GC s.r.o.;Found;04219490;GC s.r.o.;SpoleÄŤnost s ruÄŤenĂ­m omezenĂ˝m;112;Blažejov;č.p. 9, 37852 Blažejov;True;5;;2026-09-11T07:32:38.0689736Z;3;FW: GC s.r.o., IČ 04219490;04219490 GC s.r.o
mudr lukas koutny probe trade s r o;Name;MUDr. Lukáš Koutný PROBE trade s.r.o.;NotFound;;;;;;;;0;no candidate in the register;2026-09-11T07:32:38.2155827Z;2;Smlouva o smlouvě budoucí kupní;17107628 K&K med s.r.o
horizon modrany s r o;Name;Horizon Modřany s.r.o.;NotFound;;;;;;;;0;no candidate in the register;2026-09-11T07:32:38.4679383Z;1;Kontrola Plné moci;10864261 NVK s.r.o
svj 356 borovany;Name;SVJ 356 Borovany;NotFound;;;;;;;;0;no candidate in the register;2026-09-11T07:32:38.7067974Z;3;Zápis SVJ 356 Borovany, IČ 261 02 129;26102129 Společenství vlastníků jednotek 356 Borovany
06335144;Ico;06335144;Found;06335144;Společenství vlastníků čp. 902 - 905, ul. Družstevní, Skuteč;;145;Skuteč;Družstevní 904, 53973 Skuteč;True;0;;2026-09-11T07:32:38.9113732Z;2;Fw: koncept zápisu z SVJ Skuteč CLUID 8019-10-03-14.28.58.317116;06335144 SVJ Skuteč CLUID 8019-10-03-14.28.58.317116
sarakhmann capital s r o;Name;Sarakhmann Capital s.r.o.;Found;14442876;Sarakhmann Capital s.r.o.;SpoleÄŤnost s ruÄŤenĂ­m omezenĂ˝m;112;Plzeň;Palackého 32/19, Jižní Předměstí, 30100 Plzeň;True;1;;2026-09-11T07:32:39.2827465Z;1;RE: Kontrola zápisu z VH;14283077 Avanta Globe s.r.o
svj takovou povinnost zajistit;Name;SVJ takovou povinnost zajistit;NotFound;;;;;;;;0;no candidate in the register;2026-09-11T07:32:39.5147421Z;1;Smlouva o úvěru SVJ;25083325 Sberbank CZ, a.s. v likvidaci
bebeto s r o;Name;BeBeTo s.r.o.;Found;05081661;BeBeTo s.r.o.;SpoleÄŤnost s ruÄŤenĂ­m omezenĂ˝m;112;Praha;Rybná 716/24, Staré Město, 11000 Praha 1;True;1;;2026-09-11T07:32:39.7791646Z;4;Re: PBH-Fw: Inkov Konstantin;05081661 BeBeTo s.r.o
laryol s r o;Name;LARYOL s.r.o.;Found;28876300;LARYOL s.r.o.;SpoleÄŤnost s ruÄŤenĂ­m omezenĂ˝m;112;Praha;Pod soutratím 1559/5, Vršovice, 10100 Praha 10;True;1;;2026-09-11T07:32:40.0421797Z;4;Fw: dotaz - prosím urgent;28876300 LARYOL s.r.o
jb solar s r o;Name;JB Solar s.r.o.;Found;27560295;JB Solar s.r.o.;SpoleÄŤnost s ruÄŤenĂ­m omezenĂ˝m;112;Havlíčkův Brod;Na Bojišti 219, 58001 Havlíčkův Brod;True;2;;2026-09-11T07:32:40.3489489Z;3;JB Solar s.r.o. IČ: 27560295;27560295 JB Solar s.r.o
tuto postupuje uplatne na pk reality s r o;Name;Tuto postupuje úplatně na PK reality s.r.o.;NotFound;;;;;;;;0;no candidate in the register;2026-09-11T07:32:40.5547191Z;2;Re: konzultace - postoupení pohledávky;Tuto postupuje úplatně na PK reality s.r.o
svj heydukova 357;Name;SVJ Heydukova 357;NotFound;;;;;;;;0;no candidate in the register;2026-09-11T07:32:40.8177555Z;2;SVJ Heydukova 357-Fw: SVJ - nákup pozemku a jeho revitalizace;SVJ Heydukova 357
athelier kiwi s r o;Name;Athelier KIWI s.r.o.;Found;08789134;Athelier KIWI s.r.o.;SpoleÄŤnost s ruÄŤenĂ­m omezenĂ˝m;112;Kunratice u Cvikova;č.p. 336, 47155 Kunratice u Cvikova;True;1;;2026-09-11T07:32:41.0881339Z;2;Athelier KIWI s.r.o.-Fw: Žádost o konzultaci IČ: 08789134;08789134 Athelier KIWI s.r.o
spolecnosti sera cz s r o;Name;Společnosti Sera CZ s.r.o.;NotFound;;;;;;;;0;no candidate in the register;2026-09-11T07:32:41.3398380Z;1;FW: Zápis z valné hromady;24186911 MedRoyal s.r.o
fop a s r o;Name;FOP a s.r.o.;NotFound;;;;;;;;0;no candidate in the register;2026-09-11T07:32:41.6057604Z;1;ELNY.cz - převedení úvěrů z FOP a sro;19710500 ELNY.cz,s.r.o
harcov real estate holding s r o;Name;Harcov Real Estate Holding s.r.o.;Found;11843471;Harcov Real Estate Holding s.r.o.;SpoleÄŤnost s ruÄŤenĂ­m omezenĂ˝m;112;Liberec;nám. Českých bratří 36/1, Liberec V-Kristiánov, 46005 Liberec;True;1;;2026-09-11T07:32:41.8699578Z;3;CPS 2048758347_Ladislav Drda;11843471 Harcov Real Estate Holding s.r.o
furato a s;Name;FURATO a.s.;Found;61860247;FURATO a.s.;AkciovĂˇ spoleÄŤnost;121;Praha;Školská 660/3, Nové Město, 11000 Praha 1;True;1;;2026-09-11T07:32:42.1285022Z;1;FURATO a.s.;46679421 Fruko-Schulz s.r.o
kmanagement s r o;Name;Kmanagement s.r.o.;NotFound;;;;;;;;0;no candidate in the register;2026-09-11T07:32:42.3637815Z;1;Kontrola dokumentu.;26736519 Nová Ocelářská s.r.o
rojoben s r o;Name;Rojoben s.r.o.;Found;18009824;Rojoben s.r.o.;SpoleÄŤnost s ruÄŤenĂ­m omezenĂ˝m;112;Klobouky u Brna;č.p. 900, 69172 Klobouky u Brna;True;1;;2026-09-11T07:32:42.6415151Z;2;Re: financování nákupu benzinové stanice;25599607 MoravaGas CZ s.r.o
stomatologie baranek s r o;Name;Stomatologie Baránek s.r.o.;Found;13950797;Stomatologie Baránek s.r.o.;SpoleÄŤnost s ruÄŤenĂ­m omezenĂ˝m;112;Stěžery;Lipová 380, 50321 Stěžery;True;1;;2026-09-11T07:32:42.9933135Z;1;MDDr. Jakub Baránek, IČ: 87281228 + Stomatologie Baránek s.r.o., IČ: 13950797;13950797 Stomatologie Baránek s.r.o
green for you s r o;Name;GREEN FOR YOU s.r.o.;Found;27301460;GREEN FOR YOU s.r.o.;SpoleÄŤnost s ruÄŤenĂ­m omezenĂ˝m;112;Liberec;Na Svahu 176/1, Liberec II-Nové Město, 46001 Liberec;True;1;;2026-09-11T07:32:43.2938768Z;4;Fw: GREEN FOR YOU s.r.o., IČ 27301460 - podmínky čerpání - bod g) ÚS;27301460 GREEN FOR YOU s.r.o
personal integrity s r o;Name;Personal integrity s.r.o.;Found;08251347;Personal integrity s.r.o.;SpoleÄŤnost s ruÄŤenĂ­m omezenĂ˝m;112;Praha;Jeremenkova 1835/106, Krč, 14000 Praha 4;True;1;;2026-09-11T07:32:43.4537790Z;4;RE: Personal integrity s.r.o., IČ: 082 51 347;08251347 Personal integrity s.r.o
bhh projekt i s r o;Name;BHH projekt I s.r.o.;Found;22396080;BHH projekt I s.r.o.;SpoleÄŤnost s ruÄŤenĂ­m omezenĂ˝m;112;Nelepeč-Žernůvka;Nelepeč 6, 66601 Nelepeč-Žernůvka;True;1;;2026-09-11T07:32:43.6942361Z;3;FW: BHH projekt I s.r.o. - žádost o posouzení SoD;67594476 Ing. Oldřich Výleta
urgentni aparthotel na klenici s r o;Name;URGENTNÍ Aparthotel Na Klenici s.r.o.;NotFound;;;;;;;;0;no candidate in the register;2026-09-11T07:32:44.0278305Z;1;URGENTNÍ   Aparthotel Na Klenici s.r.o.-Fw: Vyjádření LCD k výši protiplnění (péče řádného hospodáře, investice do majetku jiné osoby);05012163 Aparthotel Na Klenici s.r.o
terabit trade s r o;Name;Terabit Trade s.r.o.;NotFound;;;;;;;;0;no candidate in the register;2026-09-11T07:32:44.2300123Z;1;určení osoby pro zrušení účtu;07928131 Frontline Training Solutions s.r.o
ds duma s r o;Name;DS DUMA s.r.o.;Found;09358641;DS DUMA s.r.o.;SpoleÄŤnost s ruÄŤenĂ­m omezenĂ˝m;112;Jaroslavice;Znojemská 187, 67128 Jaroslavice;True;1;;2026-09-11T07:32:44.4927011Z;1;SF Joslowitz - svěřenský fond;09358641 DS DUMA s.r.o
rozdeleni spolecnosti geodezie ledec nad sazavou s r o;Name;Rozdělení společnosti Geodézie Ledeč nad Sázavou s.r.o.;NotFound;;;;;;;;0;no candidate in the register;2026-09-11T07:32:44.8063143Z;3;Fw: Rozdělení společnosti Geodézie Ledeč nad Sázavou s.r.o.;27493989 Geodézie Ledeč nad Sázavou s.r.o
hofer dental s r o;Name;Hofer Dental s.r.o.;NotFound;;;;;;;;0;no candidate in the register;2026-09-11T07:32:45.0432275Z;2;Hofer dental-Fw: odštěpení části firmy i s úvěrem;05065275 Adonai Dental s.r.o
ahawa invest s r o;Name;AHAWA invest s.r.o.;Found;03275019;AHAWA invest s.r.o.;SpoleÄŤnost s ruÄŤenĂ­m omezenĂ˝m;112;Zábřeh;28. října 2227/14a, 78901 Zábřeh;True;1;;2026-09-11T07:32:45.2912537Z;3;AHAWA invest s.r.o., IČ 03275019, č v CPS 2070834310;03275019 AHAWA invest s.r.o
spolecenstvi vlastniku pujmanove 877 889 26487152;Name;Společenství vlastníků Pujmanové 877 - 889 (26487152);NotFound;;;;;;;;0;no candidate in the register;2026-09-11T07:32:45.5574333Z;2;Re: Čerpání úvěru SB - oprávnění k podpisu Příkazu k úhradě -  Předpis 4034_00_02R, bod 9 Čerpání úvěru;26487152 Společenství vlastníků Pujmanové 877 - 889
prodavajici sjm pan jan hlousek septembernine s r o;Name;Prodávající SJM pan Jan Hloušek SeptemberNine s.r.o.;NotFound;;;;;;;;0;no candidate in the register;2026-09-11T07:32:45.8187463Z;1;PBH Jan Hloušek 9005-06-12-20.26.03.387083;24177253 Labský mlýn a.s
unicorn attacks s r o;Name;Unicorn Attacks s.r.o.;Found;07158335;Unicorn Attacks s.r.o.;SpoleÄŤnost s ruÄŤenĂ­m omezenĂ˝m;112;Zdiby;Habrová 129, 25066 Zdiby;True;1;;2026-09-11T07:32:46.0839902Z;3;Koupě podílu;07158335 Unicorn Attacks s.r.o
kassenye s r o;Name;Kassenye s.r.o.;Found;07677006;Kassenye s.r.o.;SpoleÄŤnost s ruÄŤenĂ­m omezenĂ˝m;112;Praha;Daškova 3076/14, Modřany, 14300 Praha 4;True;1;;2026-09-11T07:32:46.3757899Z;2;Fw: kupní smlouva Darwinova;07677006 Kassenye s.r.o
ihak energy s r o;Name;IHAK energy s.r.o.;Found;14073293;IHAK energy s.r.o.;SpoleÄŤnost s ruÄŤenĂ­m omezenĂ˝m;112;Liberec;Karlinská 170, Liberec XX-Ostašov, 46010 Liberec;True;1;;2026-09-11T07:32:46.6204341Z;3;IHAK energy s.r.o. 14073293 ;14073293 IHAK energy s.r.o
svj uver financovani koupe zahrady;Name;SVJ úvěr - financování koupě zahrady;NotFound;;;;;;;;0;no candidate in the register;2026-09-11T07:32:46.8850418Z;2;tip SVJ úvěr - financování koupě zahrady;28630751 Společenství vlastníků jednotek Zengrova 20, Vítkovice
kkcg real estate a s;Name;KKCG Real Estate a.s.;NotFound;;;;;;;;2;2 candidate(s), none an exact name match;2026-09-11T07:32:47.2846057Z;2;Fwd: BOŘISLAVKA CENTRUM-návrh FLA/LA;06497616 Coffee Giants a.s
esipa s r o;Name;ESIPA s.r.o.;Found;25967193;ESIPA s.r.o.;SpoleÄŤnost s ruÄŤenĂ­m omezenĂ˝m;112;Hradec Králové;Letců 1004/6, Pražské Předměstí, 50002 Hradec Králové;True;1;;2026-09-11T07:32:47.4227033Z;3;ESIPA s.r.o., SC0000000018492366;ESIPA s.r.o
svj je opravneno uzavrit smlouvu o uveru s cs konkret;Name;SVJ je oprávněno uzavřít smlouvu o úvěru s ČS (konkret;NotFound;;;;;;;;0;no candidate in the register;2026-09-11T07:32:47.6966433Z;2;FW: Posouzení Zápisu ze shromáždění Ledenická 497;SVJ je oprávněno uzavřít smlouvu o úvěru s ČS (konkret
non stop servis s r o;Name;NON STOP SERVIS s.r.o.;Found;28045360;NON STOP SERVIS s.r.o.;SpoleÄŤnost s ruÄŤenĂ­m omezenĂ˝m;112;Karlovy Vary;M. Rovenské 992/5, Stará Role, 36017 Karlovy Vary;True;1;;2026-09-11T07:32:47.9969608Z;2;Fw: ;10379274 NON STOP SERVIS s.r.o
lekarna kalen s r o;Name;Lékárna Kalen s.r.o.;Found;01874365;Lékárna Kalen s.r.o.;SpoleÄŤnost s ruÄŤenĂ­m omezenĂ˝m;112;Vítkov;náměstí Jana Zajíce 6, 74901 Vítkov;True;1;;2026-09-11T07:32:48.2420504Z;2;Fw: upravená kupní smlouva (manželé Bolomovi);01874365 Lékárna Kalen s.r.o
orsak tk s r o;Name;ORSÁK TK s.r.o.;Found;05860831;ORSÁK TK s.r.o.;SpoleÄŤnost s ruÄŤenĂ­m omezenĂ˝m;112;Valašské Klobouky;Brumovská 279, 76601 Valašské Klobouky;True;1;;2026-09-11T07:32:48.4890282Z;1;RE: případ ORSÁK TK s.r.o. - ID žádosti 2065022557, IČ: 05860831;05860831 ORSÁK TK s.r.o
fushou food s r o;Name;Fushou Food s.r.o.;Found;05969697;Fushou Food s.r.o.;SpoleÄŤnost s ruÄŤenĂ­m omezenĂ˝m;112;Praha;Štěrboholská 1434/102a, Hostivař, 10200 Praha 10;True;1;;2026-09-11T07:32:48.8025422Z;2;Fushou Food s.r.o. ič: 05969697, chyba datumu v ÚS, cps+ 2046555264;05969697 Fushou Food s.r.o
servis partner a s;Name;SERVIS Partner a.s.;Found;28067550;SERVIS Partner, a.s.;AkciovĂˇ spoleÄŤnost;121;Humpolec;Nerudova 185, 39601 Humpolec;True;2;;2026-09-11T07:32:49.0432223Z;3;SERVIS Partner a.s. IČ: 28067550;28067550 SERVIS Partner, a.s
dobroviceinterni ordinace s r o interni ordinace s r o;Name;DobroviceInterní ordinace s.r.o._Interní ordinace s.r.o.;NotFound;;;;;;;;0;no candidate in the register;2026-09-11T07:32:49.2716313Z;3;Re: Posouzení kupní smlouvy DobroviceInterní ordinace s.r.o._Interní ordinace s.r.o.;DobroviceInterní ordinace s.r.o._Interní ordinace s.r.o
spolecenstvi vlastniku jungmannova 855 7;Name;Společenství vlastníků Jungmannova 855/7;Found;22250859;Společenství vlastníků Jungmannova 855/7, Jablonec nad Nisou;;145;Jablonec nad Nisou;Jungmannova 855/7, 46601 Jablonec nad Nisou;True;1;;2026-09-11T07:32:49.5422300Z;3;Automatická odpověď: prosba o stanovisko, k zápisu SVJ - v řešení financování úvěrem - Společenství vlastníků Jungmannova 855/7, Jablonec nad Nisou;Společenství vlastníků Jungmannova 855-7
zakharchuka spolecnosti hpc research s r o;Name;Zakharchuka. Společnosti HPC Research s.r.o.;NotFound;;;;;;;;0;no candidate in the register;2026-09-11T07:32:49.7902040Z;2;Re: plná moc k posouzení;Zakharchuka. Společnosti HPC Research s.r.o
19873263;Ico;19873263;Found;19873263;FLY GROUP, s.r.o.;SpoleÄŤnost s ruÄŤenĂ­m omezenĂ˝m;112;Husinec;Červená Skála 314, Řež, 25068 Husinec;True;0;;2026-09-11T07:32:50.0061669Z;2;zápis z  valné hromady;19873263 FLYing Atelier s.r.o
avanta globe s r o;Name;Avanta Globe s.r.o.;Found;14283077;Avanta Globe s.r.o.;SpoleÄŤnost s ruÄŤenĂ­m omezenĂ˝m;112;Praha;Olšanská 2643/1a, Žižkov, 13000 Praha 3;True;1;;2026-09-11T07:32:50.4084926Z;2;RE: Rozhodnutí VH;14283077 Avanta Globe s.r.o
nebot tato varianta se vztahuje k s r o;Name;neboť tato varianta se vztahuje k s.r.o.;NotFound;;;;;;;;0;no candidate in the register;2026-09-11T07:32:50.6112238Z;2;Re: předkontrola dokumentů k prvnímu čerpání;neboť tato varianta se vztahuje k s.r.o
po baufuss s r o;Name;PO Baufuss s.r.o.;NotFound;;;;;;;;0;no candidate in the register;2026-09-11T07:32:50.8550511Z;3;Re: Dotaz přistoupení k závazku OSVČ  Ing. Tomáš Stavinoha, IČ 62424408  k úvěru PO Baufuss s.r.o., IČ 097 23 293;09723293 BAUFUSS s.r.o
05472806;Ico;05472806;Found;05472806;SAMMIS s.r.o.;SpoleÄŤnost s ruÄŤenĂ­m omezenĂ˝m;112;Bezděkov;č.p. 1, 53501 Bezděkov;True;0;;2026-09-11T07:32:51.0626596Z;1;FW: rozhodnutí společníka SAMMIS CLUID 8019-09-10-04.07.00.132339;05472806 SAMMIS s.r.o
sammis s r o;Name;SAMMIS s.r.o.;Found;05472806;SAMMIS s.r.o.;SpoleÄŤnost s ruÄŤenĂ­m omezenĂ˝m;112;Bezděkov;č.p. 1, 53501 Bezděkov;True;1;;2026-09-11T07:32:51.4444120Z;1;FW: rozhodnutí společníka SAMMIS CLUID 8019-09-10-04.07.00.132339;05472806 SAMMIS s.r.o
spolecenstvi vlastniku musilkova 303;Name;Společenství vlastníků Musílkova 303;Found;01851471;Společenství vlastníků Musílkova 303, Praha 5;;145;Praha;Musílkova 303/3, Košíře, 15000 Praha 5;True;1;;2026-09-11T07:32:51.7073769Z;2;Re: Text SVJ pro schválení zástavy běžného účtu Společenství vlastníků Musílkova 303, Praha 5;Společenství vlastníků Musílkova 303
lanus trade s r o;Name;LANUS TRADE s.r.o.;NotFound;;;;;;;;0;no candidate in the register;2026-09-11T07:32:51.9149551Z;1;Re: LANUS TRADE s.r.o., IČ 29024056;29024056 LANUS TRADE s.r.o
tom logistic s r o;Name;Tom logistic s.r.o.;Found;01756681;Tom logistic s.r.o.;SpoleÄŤnost s ruÄŤenĂ­m omezenĂ˝m;112;Mladá Boleslav;Krajířova 137/2, Mladá Boleslav I, 29301 Mladá Boleslav;True;1;;2026-09-11T07:32:52.1959851Z;3;Tom logistic s.r.o. IČ:01756681;01756681 Tom logistic s.r.o
spolecenstvi vlastniku matice skolske 19;Name;Společenství vlastníků Matice školské 19;Found;26049716;Společenství vlastníků Matice školské 19, České Budějovice;;145;České Budějovice;Matice školské 159/19, České Budějovice 7, 37001 České Budějovice;True;1;;2026-09-11T07:32:52.4385212Z;3;Společenství vlastníků Matice školské 19, České Budějovice, IČ  26049716 = kontrola zápisu;26049716 Společenství vlastníků Matice školské 19, České Budějovice
28742427;Ico;28742427;Found;28742427;Společenství vlastníků jednotek domu Nad Plovárnou 525;;145;;Krupka, Nad Plovárnou 525, PSČ 41741;True;0;;2026-09-11T07:32:52.6523273Z;4;FW: Žádost o kontrolu návrhu zápisu SVJ - souhlas s financováním Fw: SMART: Notifikace o přidělení úkolu Zpracování požadavku;28742427 SVJ - souhlas s financováním Fw- SMART- Notifikace o p
svj souhlas s financovanim fw smart notifikace o p;Name;SVJ - souhlas s financováním Fw: SMART: Notifikace o p;NotFound;;;;;;;;0;no candidate in the register;2026-09-11T07:32:53.0099847Z;4;FW: Žádost o kontrolu návrhu zápisu SVJ - souhlas s financováním Fw: SMART: Notifikace o přidělení úkolu Zpracování požadavku;28742427 SVJ - souhlas s financováním Fw- SMART- Notifikace o p
vps medical unit s r o;Name;VPS Medical unit s.r.o.;Found;06307086;VPS Medical unit s.r.o.;SpoleÄŤnost s ruÄŤenĂ­m omezenĂ˝m;112;Kopřivnice;Záhumenní 1477/4c, 74221 Kopřivnice;True;1;;2026-09-11T07:32:53.2502148Z;3;konzultace KS, VPS Medical unit s.r.o., IČ: 06307086;06307086 VPS Medical unit s.r.o
cloud apps s r o;Name;Cloud Apps s.r.o.;Found;07157916;Cloud Apps s.r.o.;SpoleÄŤnost s ruÄŤenĂ­m omezenĂ˝m;112;Štěkeň;Na Městečku 26, 38751 Štěkeň;True;1;;2026-09-11T07:32:53.4925960Z;4;Urgent - Cloud Apps s.r.o. IČ: 07157916   CPS 2067965961;07157916 Cloud Apps s.r.o
pv service plus s r o;Name;PV SERVICE PLUS s.r.o.;Found;03293734;PV SERVICE PLUS s.r.o.;SpoleÄŤnost s ruÄŤenĂ­m omezenĂ˝m;112;Hodonín;Bratislavská 1/6, 69501 Hodonín;True;1;;2026-09-11T07:32:53.7836823Z;3;PV SERVICE PLUS s.r.o. 03293734 ;03293734 PV SERVICE PLUS s.r.o
canfield s r o;Name;CANFIELD s.r.o.;Found;27071588;CANFIELD s.r.o.;SpoleÄŤnost s ruÄŤenĂ­m omezenĂ˝m;112;Praha;Mladoboleslavská 1, Vinoř, 19017 Praha 9;True;1;;2026-09-11T07:32:54.0386885Z;1;Re: CANFIELD s.r.o., IČ 27071588;27071588 CANFIELD s.r.o
jakes development s r o;Name;Jakes Development s.r.o.;Found;09043586;Jakes Development s.r.o.;SpoleÄŤnost s ruÄŤenĂ­m omezenĂ˝m;112;Praha;U průhonu 1589/13a, Holešovice, 17000 Praha 7;True;1;;2026-09-11T07:32:54.2917189Z;5;FW: Jakes Development s.r.o.  CPS ID 2052238092;09043586 Jakes Development s.r.o
realizacedomu s r o;Name;RealizaceDomů s.r.o.;Found;02541823;RealizaceDomů s.r.o.;SpoleÄŤnost s ruÄŤenĂ­m omezenĂ˝m;112;Chválenice;č.p. 17, 33205 Chválenice;True;1;;2026-09-11T07:32:54.5512325Z;2;Konzultace k návrhu SOD pro projektové financování;03678806 Rammsta s.r.o
jurax s r o;Name;JURAX s.r.o.;Found;14239094;JURAX s.r.o.;SpoleÄŤnost s ruÄŤenĂ­m omezenĂ˝m;112;Praha;Brandlova 1558/5, Chodov, 14900 Praha 4;True;1;;2026-09-11T07:32:55.0277666Z;1;Re: Richard Sobotka, rodné 7604280211;14239094 JURAX s.r.o
futuragro s r o;Name;FUTURAGRO s.r.o.;Found;03223515;FUTURAGRO s.r.o.;SpoleÄŤnost s ruÄŤenĂ­m omezenĂ˝m;112;Praha;Kubelíkova 1224/42, Žižkov, 13000 Praha 3;True;1;;2026-09-11T07:32:55.1659897Z;1;Re: dotaz obecný - účely úvěru u Komerční hypotéky;03223515 FUTURAGRO s.r.o
oznameni ceske sporitelne a s;Name;Oznámení České spořitelně a.s.;NotFound;;;;;;;;0;no candidate in the register;2026-09-11T07:32:55.4177525Z;6;Fw: Oznámení České spořitelně a.s.;Oznámení České spořitelně a.s
bd zelecka s r o;Name;BD Želecká s.r.o.;Found;06559271;BD Želecká s.r.o.;SpoleÄŤnost s ruÄŤenĂ­m omezenĂ˝m;112;Brno;Provazníkova 1480/90, Husovice, 61400 Brno;True;1;;2026-09-11T07:32:55.7108403Z;3;dotaz / IČ 06559271 - BD Želecká s.r.o.;06559271 BD Želecká s.r.o
rojek drevoobrabeci stroje a s;Name;ROJEK dřevoobráběcí stroje a.s.;NotFound;;;;;;;;0;no candidate in the register;2026-09-11T07:32:55.9375392Z;3;ROJEK dřevoobráběcí stroje a.s., IČ: 25266411;25266411 ROJEK a.s
prevzeti dluhu ubytovna dobesice s r o;Name;Převzetí dluhu Ubytovna Dobešice s.r.o.;NotFound;;;;;;;;0;no candidate in the register;2026-09-11T07:32:56.2167572Z;3;Převzetí dluhu Ubytovna Dobešice s.r.o., IČ 28529201;28529201 Ubytovna Dobešice s.r.o
svj pusobici ic 25974572;Name;SVJ působící - IČ 25974572;NotFound;;;;;;;;0;no candidate in the register;2026-09-11T07:32:56.4782649Z;1;Dotaz BD/SVJ;25974572 Společenství vlastníků bytů Hlaváčova 560-2, Ledeč nad Sázavou
kdy pojistnik je s r o;Name;kdy pojistník je s.r.o.;NotFound;;;;;;;;0;no candidate in the register;2026-09-11T07:32:56.7369074Z;2;Re: ID: 2054408263;kdy pojistník je s.r.o
rodvi hotels s r o;Name;Rodvi Hotels s.r.o.;Found;22013296;RODVI Hotels s.r.o.;SpoleÄŤnost s ruÄŤenĂ­m omezenĂ˝m;112;Praha;Rybná 716/24, Staré Město, 11000 Praha 1;True;1;;2026-09-11T07:32:57.0123504Z;2;Fw: Morgenroth - Im Thüringer Wald -> Fördermöglichkeiten;06315411 RODVI s.r.o
czech s r o;Name;CZECH s.r.o.;Failed;;;;;;;;0;HTTP 400 - The remote server returned an error: (400) Bad Request.;2026-09-11T07:32:57.2634654Z;1;FW: CPS: CPS - MSE: přiřazení úkolu;27465853 INTREX - CZECH s.r.o
stavprodukt s r o;Name;StavProdukt s.r.o.;Found;04913817;StavProdukt s.r.o.;SpoleÄŤnost s ruÄŤenĂ­m omezenĂ˝m;112;Střížovice;č.p. 64, 33207 Střížovice;True;1;;2026-09-11T07:32:57.5394627Z;3;Fw: Žádost o změnu vlastníka zastavené nemovistosti ;04913817 StavProdukt s.r.o
spolecenstvi vlastniku jednotek hostovskeho 657 a 658;Name;Společenství vlastníků jednotek Hostovského 657 a 658;Found;28762789;Společenství vlastníků jednotek Hostovského 657 a 658, Hronov;;145;Hronov;Hostovského 657, 54931 Hronov;True;1;;2026-09-11T07:32:57.8193047Z;1;Re: Společenství vlastníků jednotek Hostovského 657 a 658, Hronov-Dotaz - uzavření dodatku;28762789 Společenství vlastníků jednotek Hostovského 657 a 658, Hronov
bobastav s r o;Name;BoBaStav s.r.o.;Found;03330494;BoBaStav s.r.o.;SpoleÄŤnost s ruÄŤenĂ­m omezenĂ˝m;112;Brno;Kopečná 940/14, Staré Brno, 60200 Brno;True;1;;2026-09-11T07:32:58.0767450Z;2;Fw: urgence žádosti č. 2076559461;03330494 BoBaStav s.r.o
maji pravni formu s r o;Name;mají právní formu s.r.o.;NotFound;;;;;;;;0;no candidate in the register;2026-09-11T07:32:58.3279365Z;2;Fw: Evropské společenství - zajištění nemovitostí;05677394 PANEK GROUP CAPITAL SE
lia praga spol s r o;Name;LIA PRAGA spol. s r.o.;Found;25753347;LIA PRAGA spol. s r.o.;SpoleÄŤnost s ruÄŤenĂ­m omezenĂ˝m;112;Praha;Belgická 115/40, Vinohrady, 12000 Praha 2;True;1;;2026-09-11T07:32:58.5965739Z;1;Re: valná hromada ID 2076801642;25753347 LIA PRAGA spol. s r.o
07433728;Ico;07433728;ChecksumInvalid;07433728;;;;;;;0;modulo-11 check digit does not match;2026-09-11T07:32:58.5995753Z;1;RE: Dotaz Tosofi s.r.o. ič 07433728;07433728 Dotaz Tosofi s.r.o
dotaz tosofi s r o;Name;Dotaz Tosofi s.r.o.;NotFound;;;;;;;;0;no candidate in the register;2026-09-11T07:32:58.8604012Z;1;RE: Dotaz Tosofi s.r.o. ič 07433728;07433728 Dotaz Tosofi s.r.o
investfinpos s r o;Name;InvestFinpos s.r.o.;Found;07139837;InvestFinpos s.r.o.;SpoleÄŤnost s ruÄŤenĂ­m omezenĂ˝m;112;Benešov;Hodějovského 541, 25601 Benešov;True;1;;2026-09-11T07:32:59.1431014Z;1;Urgence případu;07139837 InvestFinpos s.r.o
tia services s r o a tia trans s r o;Name;Tia Services s.r.o.a Tia trans s.r.o.;NotFound;;;;;;;;0;no candidate in the register;2026-09-11T07:32:59.4005602Z;1;FW: Valná hromada Tia Services s.r.o.a Tia trans s.r.o.;06684921 Tia Trans s.r.o
nero trade a s;Name;NERO TRADE a.s.;Found;65140711;NERO TRADE a.s.;AkciovĂˇ spoleÄŤnost;121;Praha;Vodňanská 1419, Kyje, 19800 Praha 9;True;1;;2026-09-11T07:32:59.6719307Z;2;Fw: NERO TRADE a.s., IČ 65140711;65140711 NERO TRADE a.s
zmeny ve spolecnosti hola biolabs s r o;Name;Změny ve společnosti HOLA Biolabs s.r.o.;NotFound;;;;;;;;0;no candidate in the register;2026-09-11T07:32:59.9586627Z;3;Re: Změny ve společnosti HOLA Biolabs s.r.o. IČ 09411623;09411623 Hola Biolabs s.r.o
project mee europe s r o;Name;PROJECT MEE EUROPE s.r.o.;Found;07911068;PROJECT MEE EUROPE s.r.o.;SpoleÄŤnost s ruÄŤenĂ­m omezenĂ˝m;112;Praha;Sokolovská 352/215, Vysočany, 19000 Praha 9;True;1;;2026-09-11T07:33:00.1841561Z;3;PROJECT MEE EUROPE s.r.o. - plná moc;07911068 PROJECT MEE EUROPE s.r.o
no reply s r o;Name;No Reply s.r.o.;Found;11769271;No Reply s.r.o.;SpoleÄŤnost s ruÄŤenĂ­m omezenĂ˝m;112;Krňany;Třebsín 5, 25744 Krňany;True;1;;2026-09-11T07:33:00.4469546Z;1;FW:  No Reply s.r.o., IČO: 11769271 - posouzení smluv o zápůjčkách - jsou-li takto možné podřídit je;11769271 No Reply s.r.o
41059158;Ico;41059158;NotFound;41059158;;;;;;;0;not in the register;2026-09-11T07:33:00.6100997Z;2;Fw: Změna Obchodních podmínek pro poskytování úvěrů (kreditní a charge karty) – Firemní a korporátní klientela;41059158 a.s
svj ke kontrole;Name;SVJ ke kontrole.;NotFound;;;;;;;;0;no candidate in the register;2026-09-11T07:33:01.0200386Z;1;kontrola zápisů SVJ;25870769 Společenství vlastníků jednotek obytného domu č.p. 1512-1, Ostrava - Zábřeh
2mkz petruv grunt s r o;Name;2MKZ Petrův grunt s.r.o.;Found;10800069;2MKZ Petrův grunt s.r.o.;SpoleÄŤnost s ruÄŤenĂ­m omezenĂ˝m;112;Praha;Pobřežní 249/46, Karlín, 18600 Praha 8;True;1;;2026-09-11T07:33:01.2194817Z;3;Fw: 2MKZ Petrův grunt s.r.o. , ič 10800069 - ID 2047055579;10800069 2MKZ Petrův grunt s.r.o
success4life a s;Name;Success4Life a.s.;Found;05144680;Success4Life a.s.;AkciovĂˇ spoleÄŤnost;121;Praha;Jižní XVII 1149/4, Záběhlice, 14100 Praha 4;True;1;;2026-09-11T07:33:01.4782050Z;5;Fw: Success4Life a.s.  IČ:05144680;05144680 Success4Life a.s
erlicher s r o;Name;ERLICHER s.r.o.;Found;47913291;ERLICHER s.r.o.;SpoleÄŤnost s ruÄŤenĂ­m omezenĂ˝m;112;Dubňany;Nádražní 1693, 69603 Dubňany;True;1;;2026-09-11T07:33:01.7668276Z;3;Fw: ERLICHER s.r.o. ičo: 47913291;47913291 ERLICHER s.r.o
travel s r o;Name;TRAVEL s.r.o.;NotFound;;;;;;;;5;5 candidate(s), none an exact name match;2026-09-11T07:33:02.0913930Z;2;Re: korporátní souhlas - zajištění blankosměnkou - podmínka čerpání;TRAVEL s.r.o
boda s r o;Name;BÓDA s.r.o.;Found;25564650;BÓDA, s.r.o.;SpoleÄŤnost s ruÄŤenĂ­m omezenĂ˝m;112;Brno;Zeleného 1472/86, Žabovřesky, 61600 Brno;True;5;;2026-09-11T07:33:02.3052661Z;3;Re: Klient BÓDA s.r.o., IČ 25564650, v CPS žádost 2073814053;25564650 BÓDA, s.r.o
stepan hutnik holding s r o;Name;Štěpán Hutník Holding s.r.o.;Found;05515581;Štěpán Hutník Holding s.r.o.;SpoleÄŤnost s ruÄŤenĂ­m omezenĂ˝m;112;Vítkov;Budišovská 908, 74901 Vítkov;True;1;;2026-09-11T07:33:02.5297395Z;1;Re: dotaz;26856255 Štěpán Hutník s.r.o
gumkoles s r o;Name;Gumkoles s.r.o.;Found;29394929;Gumkoles s.r.o.;SpoleÄŤnost s ruÄŤenĂ­m omezenĂ˝m;112;Zubří;Bořkova 1148, 75654 Zubří;True;1;;2026-09-11T07:33:02.7912420Z;2;FW: předkupní právo;00032441 JEDNOTA, spotřební družstvo ve Vsetíně
svj na lv evidovano jako primy vlastnik nebytovych pro;Name;SVJ na LV evidováno jako přímý vlastník nebytových pro;NotFound;;;;;;;;0;no candidate in the register;2026-09-11T07:33:03.1982998Z;2;Re: Příjmy z pronájmu nebytových prostor;SVJ na LV evidováno jako přímý vlastník nebytových pro
a vydluzitel resort brdy s r o;Name;A Vydlužitel Resort Brdy s.r.o.;NotFound;;;;;;;;0;no candidate in the register;2026-09-11T07:33:03.3347562Z;2;Kontrola Smluv o zápůjčce k Žádosti v CPS č. 2066191507;19553030 Resort Brdy s.r.o
svj natahla povinnost danoveho priznani u klientu;Name;SVJ natáhla povinnost daňového přiznání. U klientů;NotFound;;;;;;;;0;no candidate in the register;2026-09-11T07:33:03.6107618Z;2;Fw: SBERBRANK - SVJ/BD;SVJ natáhla povinnost daňového přiznání. U klientů
svj veletrzni 67 ic 28197054;Name;SVJ Veletržní 67 (IČ 28197054);NotFound;;;;;;;;0;no candidate in the register;2026-09-11T07:33:03.8978156Z;3;SVJ Veletržní 67 (IČ 28197054);28197054 Společenství vlastníků jednotek Veletržní 67
03775755;Ico;03775755;Found;03775755;Interní ordinace s.r.o.;SpoleÄŤnost s ruÄŤenĂ­m omezenĂ˝m;112;Brandýs nad Labem-Stará Boleslav;Jiřího Wolkera 603/1, Brandýs nad Labem, 25001 Brandýs nad Labem-Stará Boleslav;True;0;;2026-09-11T07:33:04.0846932Z;2;Fw: Posouzení kupní smlouvy DobroviceInterní ordinace s.r.o._Interní ordinace s.r.o.;03775755 DobroviceInterní ordinace s.r.o._Interní ordinace s.r.o
neozen s r o;Name;NeoZen s.r.o.;Found;03553591;NeoZen s.r.o.;SpoleÄŤnost s ruÄŤenĂ­m omezenĂ˝m;112;Třebíč;Komenského nám. 141/5, Vnitřní Město, 67401 Třebíč;True;1;;2026-09-11T07:33:04.4604677Z;2;NeoZen s.r.o. IČ 03553591;03553591 NeoZen s.r.o
vinarstvi spacir s r o;Name;Vinařství Špacír s.r.o.;Found;47911816;Vinařství ŠPACÍR s.r.o.;SpoleÄŤnost s ruÄŤenĂ­m omezenĂ˝m;112;Velké Pavlovice;Bezručova 77/15, 69106 Velké Pavlovice;True;1;;2026-09-11T07:33:04.6953380Z;1;RE: Vinařství Špacír s.r.o.;47911816 Vinařství ŠPACÍR s.r.o
heko reality s r o;Name;HEKO reality s.r.o.;Found;08008124;HEKO reality s.r.o.;SpoleÄŤnost s ruÄŤenĂ­m omezenĂ˝m;112;Praha;Gabčíkova 1241/11, Libeň, 18200 Praha 8;True;1;;2026-09-11T07:33:04.9284145Z;2;FW: Heko ;08008124 HEKO reality s.r.o
rozhodnuti jedineho spolecnika spolecnosti arttec s r o;Name;Rozhodnutí jediného společníka společnosti ARTTEC s.r.o.;NotFound;;;;;;;;0;no candidate in the register;2026-09-11T07:33:05.1766197Z;1;Re:  rozhodnutí jediného společníka;60700831 ARTTEC s.r.o
24201898;Ico;24201898;Found;24201898;Společenství vlastníků pro dům Přímětická 1186/6, Praha 4;;145;Praha;Přímětická 1186/6, Michle, 14000 Praha 4;True;0;;2026-09-11T07:33:05.3944475Z;1;FW: Fwd: INDIKACE PRO FINANCOVANI;24201898 Společenství vlastníků pro dům Přímětická 1186-6
spolecenstvi vlastniku pro dum primeticka 1186 6;Name;Společenství vlastníků pro dům Přímětická 1186/6;Found;24201898;Společenství vlastníků pro dům Přímětická 1186/6, Praha 4;;145;Praha;Přímětická 1186/6, Michle, 14000 Praha 4;True;1;;2026-09-11T07:33:05.7813071Z;1;FW: Fwd: INDIKACE PRO FINANCOVANI;24201898 Společenství vlastníků pro dům Přímětická 1186-6
veto transport s r o;Name;VeTo Transport s.r.o.;Found;01823469;VeTo Transport s.r.o.;SpoleÄŤnost s ruÄŤenĂ­m omezenĂ˝m;112;Tuklaty;č.p. 270, 25082 Tuklaty;True;1;;2026-09-11T07:33:05.9924180Z;2;Re: VeTo Transport s.r.o.-Fw: Kontrola smluv ič 01823469, id cps 2072464027;01823469 VeTo Transport s.r.o
generali ceske pojistovny a s;Name;Generali České pojišťovny a.s.;NotFound;;;;;;;;0;no candidate in the register;2026-09-11T07:33:06.2381580Z;2;Fw: Tomáš Krystyník - stanovisko k úpravám OZN;44795084 Generali Česká Distribuce a.s
amt zbraslavska stavebni s r o;Name;AMT Zbraslavská stavební s.r.o.;Found;25674552;AMT Zbraslavská stavební s.r.o.;SpoleÄŤnost s ruÄŤenĂ­m omezenĂ˝m;112;Praha;Kaprova 42/14, Staré Město, 11000 Praha 1;True;1;;2026-09-11T07:33:06.5016732Z;1;AMT Zbraslavská stavební s.r.o., IČ 25674552, CPS+ ID žádosti 2069990072;25674552 AMT Zbraslavská stavební s.r.o
svj v chomutove 2 8 2023 mistopredseda svj spole;Name;SVJ                         V Chomutově  2. 8. 2023   místopředseda SVJ  Spole;NotFound;;;;;;;;0;no candidate in the register;2026-09-11T07:33:06.7648876Z;1;SVJ ;25474260 Společenství vlastníků jednotek Karla Buriana 3598-3599, Chomutov
svj ceske velenice koncept zapisu;Name;SVJ České Velenice - koncept zápisu;NotFound;;;;;;;;0;no candidate in the register;2026-09-11T07:33:07.0272981Z;3;SVJ České Velenice - koncept zápisu, IČ 28134281;28134281 Společenství vlastníků jednotek domu čp. 175 České Velenice
indeucz s r o;Name;INDEUCZ s.r.o.;NotFound;;;;;;;;0;no candidate in the register;2026-09-11T07:33:07.3141794Z;2;Fw: Plná moc;05901031 INDEUCZ s.r.o
spolecenstvi vlastniku jednotek ic 71192395 s dotaci panel nrb byvala cmzrb;Name;Společenství vlastníků jednotek IČ 71192395 s dotací Panel NRB (bývalá ČMZRB);NotFound;;;;;;;;0;no candidate in the register;2026-09-11T07:33:07.5734434Z;3;Fw: Dotaz dodatkování refinancovaného úvěru s podporou NRB;71192395 Společenství vlastníků jednotek Březnice čp. 147
ingstrem s r o;Name;INGSTREM s.r.o.;Found;49975579;INGSTREM, s.r.o.;SpoleÄŤnost s ruÄŤenĂ­m omezenĂ˝m;112;Brno;Fryčajova 13/27, Obřany, 61400 Brno;True;1;;2026-09-11T07:33:07.9631633Z;1;Žádost o vyjádření k požadavku klienta;49975579 INGSTREM, s.r.o
teta a drogerie a lekarny cr s r o;Name;Teta a drogerie a lékárny ČR s.r.o.;Found;26148579;Teta drogerie a lékárny ČR s.r.o.;SpoleÄŤnost s ruÄŤenĂ­m omezenĂ˝m;112;Šestajovice;Poděbradská 1162, 25092 Šestajovice;True;1;;2026-09-11T07:33:08.1403398Z;2;RE: Kroměříž - kupní smlouva;23521848 Anacott RE s.r.o
evotech s r o;Name;EVOTECH s.r.o.;Found;17189225;EVOTECH s.r.o.;SpoleÄŤnost s ruÄŤenĂ­m omezenĂ˝m;112;Praha;Anglická 336/21, Vinohrady, 12000 Praha 2;True;2;;2026-09-11T07:33:08.3679692Z;2;EVOTECH s.r.o., IČ 27748847 - formulace povinnosti vedení platebního styku;27748847 Global Telematics s.r.o
vertical group s r o;Name;VERTICAL GROUP s.r.o.;NotFound;;;;;;;;0;no candidate in the register;2026-09-11T07:33:08.6621893Z;2;Tomáš Matyš. RČ 7404171610, CPS 2074311956 ;07244223 VERTICAL GROUP s.r.o
zahradnictvi stastny spol s r o;Name;Zahradnictví Šťastný spol. s r.o.;Found;06477364;Zahradnictví Šťastný spol. s r. o.;SpoleÄŤnost s ruÄŤenĂ­m omezenĂ˝m;112;Ústí nad Orlicí;Hřbitovní 572, 56201 Ústí nad Orlicí;True;1;;2026-09-11T07:33:08.9275976Z;1;Fwd: Fw: 2044013948 _ Zahradnictví Šťastný spol. s r. o. _ úvěr 0608799199;06477364 Zahradnictví Šťastný spol. s r. o
vybrat ustanoveni vztahujici se ke spolecnosti s r o;Name;vybrat ustanovení vztahující se ke společnosti s.r.o.;NotFound;;;;;;;;0;no candidate in the register;2026-09-11T07:33:09.1601778Z;2;Re: Rozhodnutí jediného společníka k uzavíraným úvěrům od 1.1. - souhlas se zástavou;vybrat ustanovení vztahující se ke společnosti s.r.o
truhlarstvi zdeno s r o;Name;Truhlářství ZdeNo s.r.o.;Found;29373409;Truhlářství ZdeNo, s.r.o.;SpoleÄŤnost s ruÄŤenĂ­m omezenĂ˝m;112;Praha;Milady Horákové 116/109, Hradčany, 16000 Praha 6;True;1;;2026-09-11T07:33:09.4425251Z;2;Truhlářství ZdeNo s.r.o., IČ: 29373409 ;29373409 Truhlářství ZdeNo, s.r.o
geotern s r o;Name;GEOTERN s.r.o.;Found;47307447;GEOTERN s.r.o.;SpoleÄŤnost s ruÄŤenĂ­m omezenĂ˝m;112;Litoměřice;Dalimilova 1617/20, Předměstí, 41201 Litoměřice;True;1;;2026-09-11T07:33:09.6958500Z;1;Zmocnění skrze Dodatek Business 24 - GEOTERN s.r.o., IČ: 47307447;47307447 GEOTERN s.r.o
prvni kurdejovska s r o;Name;První Kurdějovská s.r.o.;Found;07576706;První Kurdějovská s.r.o.;SpoleÄŤnost s ruÄŤenĂ­m omezenĂ˝m;112;Kurdějov;č.p. 88, 69301 Kurdějov;True;1;;2026-09-11T07:33:10.0813088Z;3;První Kurdějovská s.r.o. ičo: 07576706;07576706 První Kurdějovská s.r.o
simka na jeho s r o;Name;Šimka na jeho s.r.o.;NotFound;;;;;;;;0;no candidate in the register;2026-09-11T07:33:10.2347375Z;2;Fwd: Změna vlastníka předmětu zástavy;02476878 JUDr. Jan Jaroš
jih s r o;Name;JIH s.r.o.;NotFound;;;;;;;;5;5 candidate(s), none an exact name match;2026-09-11T07:33:10.5515487Z;3;ODPADY - JIH s.r.o., IČ právní zatížení předmětu podpory Střítež;07756704 ODPADY - JIH, spol. s r.o
gruppe transport s r o;Name;GRUPPE Transport s.r.o.;Found;04602340;M - GRUPPE Transport s.r.o.;SpoleÄŤnost s ruÄŤenĂ­m omezenĂ˝m;112;Praha;Slunečnicová 2283/42, Záběhlice, 10600 Praha 10;True;1;;2026-09-11T07:33:10.8033035Z;1;zrušení dispozice ;04164385 All in transfers s.r.o
3ktrans s r o;Name;3Ktrans s.r.o.;NotFound;;;;;;;;0;no candidate in the register;2026-09-11T07:33:11.0330284Z;2;Fw: Podklady pro schválení bankovní záruky;13988794 3K TRANS s.r.o
tenement housing s r o;Name;Tenement Housing s.r.o.;Found;14223317;Tenement Housing s. r. o.;SpoleÄŤnost s ruÄŤenĂ­m omezenĂ˝m;112;Dubí;Lidická 263/25, 41701 Dubí;True;1;;2026-09-11T07:33:11.3111179Z;3;Fw: Tenement Housing s.r.o. IČO:14223317 žádost o projektové financování;14223317 Tenement Housing s. r. o
na valne hromade spolecnosti kogaa studio s r o;Name;NA VALNÉ HROMADĚ společnosti KOGAA studio s.r.o.;NotFound;;;;;;;;0;no candidate in the register;2026-09-11T07:33:11.5688123Z;1;Fw: VH pro banku;04222750 KOGAA studio s.r.o
demstav group s r o;Name;DEMSTAV GROUP s.r.o.;Found;27844935;DEMSTAV group, s.r.o.;SpoleÄŤnost s ruÄŤenĂ­m omezenĂ˝m;112;Hranice;Tř. 1. máje 243, Hranice I-Město, 75301 Hranice;True;1;;2026-09-11T07:33:11.8293496Z;4;konzultace DEMSTAV GROUP s.r.o., IČ: 27844935;27844935 DEMSTAV group, s.r.o
techart systems s r o;Name;TECHart systems s.r.o.;Found;26172615;TECHart systems s.r.o.;SpoleÄŤnost s ruÄŤenĂ­m omezenĂ˝m;112;Praha;Machatého 679/2, Hlubočepy, 15200 Praha 5;True;1;;2026-09-11T07:33:12.0937209Z;2;Fw: Techart: Zakončení životní etapy;26172615 TECHart systems s.r.o
svj mgr milan cyron;Name;SVJ  Mgr. Milan Cyroň;NotFound;;;;;;;;0;no candidate in the register;2026-09-11T07:33:12.3676745Z;1;kontrola zápisu SVJ;09516280 Diana Zuzaníková
lze vyresit smlouvou o uveru mezi s r o;Name;lze vyřešit smlouvou o úvěru mezi s.r.o.;NotFound;;;;;;;;0;no candidate in the register;2026-09-11T07:33:12.6204881Z;8;Fw: Skořepův mlýn Development - konzultace;lze vyřešit smlouvou o úvěru mezi s.r.o
transport s r o;Name;Transport s.r.o.;Failed;;;;;;;;0;HTTP 400 - The remote server returned an error: (400) Bad Request.;2026-09-11T07:33:12.8576183Z;1;Automatická odpověď: Tanos - Transport s.r.o.-Příprava dokumentace LCD ID žádosti 2084123708;Transport s.r.o
se na s r o;Name;SE na s.r.o.;NotFound;;;;;;;;5;5 candidate(s), none an exact name match;2026-09-11T07:33:13.2536156Z;1;Re: Realsan Group SE  IČO 28701062 - transformace z SE na s.r.o.;28701062 Realsan Group s.r.o
relative design s r o;Name;Relative design s.r.o.;Found;27677028;Relative design s.r.o.;SpoleÄŤnost s ruÄŤenĂ­m omezenĂ˝m;112;Třebíč;Komenského nám. 141/5, Vnitřní Město, 67401 Třebíč;True;1;;2026-09-11T07:33:13.4233132Z;2;Relative design s.r.o.  IČ 27677028;27677028 Relative design s.r.o
svj bytoveho druzstva palackeho 40;Name;SVJ BYTOVÉHO DRUŽSTVA PALACKÉHO 40;NotFound;;;;;;;;0;no candidate in the register;2026-09-11T07:33:13.6886779Z;1;FW: Bytové družstvo Palackého 40, 42;03308693 Bytové družstvo Palackého 40, 42
mkz stroje s r o;Name;MKZ stroje s.r.o.;Found;28966392;MKZ STROJE s.r.o.;SpoleÄŤnost s ruÄŤenĂ­m omezenĂ˝m;112;Praha;U smaltovny 1381/26, Holešovice, 17000 Praha 7;True;1;;2026-09-11T07:33:13.9466333Z;2;FW: MKZ stroje s.r.o.;28966392 MKZ STROJE s.r.o
dostal za spol ladex group spol s r o;Name;Dostál za spol. LADEX Group spol. s.r.o.;NotFound;;;;;;;;0;no candidate in the register;2026-09-11T07:33:14.2585339Z;1;Fw: FW: Návrh smlouvy_Femar;03877400 Areál LADEX Group spol. s r.o
spolecenstvi vlastniku jednotek o nedbala c p c o 828 34;Name;Společenství vlastníků jednotek O. Nedbala č.p./č.o. 828/34;Found;13984101;Společenství vlastníků jednotek O. Nedbala č.p./č.o. 828/34, 829/36, 830/38;;145;České Budějovice;O. Nedbala 830/34, České Budějovice 2, 37005 České Budějovice;True;1;;2026-09-11T07:33:14.5027856Z;1;"Společenství vlastníků jednotek O. Nedbala č.p./č.o. 828/34, 829/36, 830/38; IČ 139 84 101";13984101 Společenství vlastníků jednotek O. Nedbala č.p.-č.o. 828-34, 829-36, 830-38
svj 9 bj;Name;SVJ 9 BJ;NotFound;;;;;;;;0;no candidate in the register;2026-09-11T07:33:14.7404783Z;2;Dotaz k financování;SVJ 9 BJ
svj dynin;Name;SVJ Dynín;NotFound;;;;;;;;0;no candidate in the register;2026-09-11T07:33:15.0251507Z;1;Posouzení Zápis ze shromáždění;28104668 Společenství vlastníků jednotek domu čp. 79 Dynín
svj obsazeny;Name;SVJ obsaženy;NotFound;;;;;;;;0;no candidate in the register;2026-09-11T07:33:15.2839935Z;2;RE: zápis ze schůze SVJ;SVJ obsaženy
spolecenstvi vlastniku do 05 2018 byly nektere body z uverove smlouvy zruseny;Name;společenství vlastníků. Do 05/2018 byly některé body z úvěrové smlouvy zrušeny;NotFound;;;;;;;;0;no candidate in the register;2026-09-11T07:33:15.5513601Z;3;Fw: Bytové družstvo sluneční vrch - Etapa 1;02258226 Bytové družstvo Sluneční vrch - Etapa 1
mustasa cz s r o;Name;MUSTASA CZ s.r.o.;Found;24783978;MUSTASA CZ s.r.o.;SpoleÄŤnost s ruÄŤenĂ­m omezenĂ˝m;112;Praha;Sádky 785/2, Troja, 17100 Praha 7;True;1;;2026-09-11T07:33:15.8235635Z;4;č.ú.: 626627139;MUSTASA CZ s.r.o
spolecenstvi vlastniku jednotek pro dum cp 820 821;Name;Společenství vlastníků jednotek pro dům čp. 820 – 821;Found;25964071;Společenství vlastníků jednotek pro dům čp. 820 - 821;;145;Chrudim;Jabloňová 821, Chrudim IV, 53701 Chrudim;True;1;;2026-09-11T07:33:16.0845333Z;1;kontrola zápisu SVJ;25964071 Společenství vlastníků jednotek pro dům čp. 820 - 821
24848077;Ico;24848077;Found;24848077;CREATIVE PRO (CZ), s.r.o.;SpoleÄŤnost s ruÄŤenĂ­m omezenĂ˝m;112;Praha;Révová 241/4, Strašnice, 10000 Praha 10;True;0;;2026-09-11T07:33:16.2773840Z;1;Fw: Dotaz k plné moci - avalista PO i FO;24848077 a.s
svj primo;Name;SVJ přímo;NotFound;;;;;;;;0;no candidate in the register;2026-09-11T07:33:16.6447597Z;1;Re: dotaz - refinancování BD x SVJ;04262492 Společenství vlastníků jednotek Svobody 2396-2398, Pardubice
tien hieu pham zast central group a s;Name;Tien Hieu Pham zast. CENTRAL GROUP a.s.;NotFound;;;;;;;;0;no candidate in the register;2026-09-11T07:33:16.8669989Z;1;koncept KS p. Pham CLUID 8025-11-06-11.16.42.445974;24227757 CENTRAL GROUP a.s
01965913;Ico;01965913;Found;01965913;Společenství vlastníků Bolzanova 31a,31b, Znojmo;;145;Znojmo;Bolzanova 2434/31a, 66902 Znojmo;True;0;;2026-09-11T07:33:17.0862600Z;3;RE: Společenství vlastníků Bolzanova 31a,31b, Znojmo-Fw: CPS 208 038 9658;01965913 Společenství vlastníků Bolzanova 31a
spolecenstvi vlastniku bolzanova 31a;Name;Společenství vlastníků Bolzanova 31a;Found;01965913;Společenství vlastníků Bolzanova 31a,31b, Znojmo;;145;Znojmo;Bolzanova 2434/31a, 66902 Znojmo;True;1;;2026-09-11T07:33:17.3994468Z;2;RE: Společenství vlastníků Bolzanova 31a,31b, Znojmo-Fw: CPS 208 038 9658;01965913 Společenství vlastníků Bolzanova 31a
svj havlickova 999 cerpani zapis ze schuze;Name;SVJ Havlíčkova 999 - čerpání / zápis ze schůze;NotFound;;;;;;;;0;no candidate in the register;2026-09-11T07:33:17.6654591Z;1;RE: SVJ Havlíčkova 999 - čerpání / zápis ze schůze;27096696 Společenství vlastníků jednotek domu čp. 999
agfarm s r o;Name;AGFARM s.r.o.;NotFound;;;;;;;;0;no candidate in the register;2026-09-11T07:33:17.9033850Z;2;AGFARM s.r.o. ;01436295 AGFARM s.r.o
svj 567 suchdol nad luznici;Name;SVJ 567 Suchdol nad Lužnicí;NotFound;;;;;;;;0;no candidate in the register;2026-09-11T07:33:18.1959396Z;1;FW: čerpání úvěru SC0000000033855850, SVJ 567 Suchdol nad Lužnicí, IČ 28116011;28116011 Společenství vlastníků domu č. p. 567, Suchdol nad Lužnicí
limus invest s r o;Name;Limus Invest s.r.o.;Found;08820503;Limus Invest, s.r.o.;SpoleÄŤnost s ruÄŤenĂ­m omezenĂ˝m;112;Nepomuk;č.p. 17, 26242 Nepomuk;True;1;;2026-09-11T07:33:18.4526810Z;1;Re: Limus Invest s.r.o. IČ:08820503;08820503 Limus Invest, s.r.o
rammsta s r o;Name;Rammsta s.r.o.;Found;03678806;Rammsta s.r.o.;SpoleÄŤnost s ruÄŤenĂ­m omezenĂ˝m;112;Praha;Bavorská 856/14, Stodůlky, 15500 Praha 5;True;1;;2026-09-11T07:33:18.6921512Z;1;Re: YMD GROUP - stavebně mon. poj. firmy Rammsta s.r.o.;03678806 Rammsta s.r.o
wspk vi o prevodu cinnosti na s r o;Name;WSPK ví o převodu činnosti na s.r.o.;NotFound;;;;;;;;0;no candidate in the register;2026-09-11T07:33:18.9606184Z;2;Fw: Petr Kadlec - termínovník, IR 8 = nesplněné povinnosti?;WSPK ví o převodu činnosti na s.r.o
svj uver na nakup pozemku;Name;SVJ úvěr na nákup pozemku.;NotFound;;;;;;;;0;no candidate in the register;2026-09-11T07:33:19.2085244Z;1;Nákup pozemku SVJ;26245329 ŠÁRKA, bytové společenství, Spitznerova 8 a 10 Prostějov
solvent s r o;Name;Solvent s.r.o.;NotFound;;;;;;;;5;5 candidate(s), none an exact name match;2026-09-11T07:33:19.5576565Z;2;Re: PBH;61858374 Fio banka, a.s
prosim o provereni generalni plne moci siciliana s r o;Name;Prosím o prověření generální plné moci_SICILIANA s.r.o.;NotFound;;;;;;;;0;no candidate in the register;2026-09-11T07:33:19.7490400Z;2;Fw: Prosím o prověření generální plné moci_SICILIANA s.r.o., IČO: 19433182;19433182 SICILIANA s.r.o
konzultace rezidence lucni s r o;Name;Konzultace REZIDENCE LUČNÍ s.r.o.;NotFound;;;;;;;;0;no candidate in the register;2026-09-11T07:33:19.9989204Z;2;Re: Konzultace REZIDENCE LUČNÍ s.r.o., IČ 07491778;07491778 REZIDENCE LUČNÍ s.r.o
drak company s r o;Name;DRAK COMPANY s.r.o.;Found;28894723;DRAK COMPANY s.r.o.;SpoleÄŤnost s ruÄŤenĂ­m omezenĂ˝m;112;Praha;Laubova 1709/5, Vinohrady, 13000 Praha 3;True;1;;2026-09-11T07:33:20.2764823Z;3;Re: DRAK COMPANY s.r.o., IČ 28894723, ID  2045071363  ;28894723 DRAK COMPANY s.r.o
25980785;Ico;25980785;Found;25980785;Společenství vlastníků jednotek v domě čp. 524, 525, 526, Pardubice, Na Labišti;;145;Pardubice;Na Labišti 524, Polabiny, 53009 Pardubice;True;0;;2026-09-11T07:33:20.4532634Z;3;Společenství vlastníků jednotek v domě č. p. 524,525,526 Na Labišti, Pardubice-Fw: zápis ze shromáždění - koncept CLUID  2003-02-13-03.08.24.205431;25980785 Společenství vlastníků jednotek v domě č. p. 524
stepanek stavby s r o;Name;Štěpánek Stavby s.r.o.;NotFound;;;;;;;;2;2 candidate(s), none an exact name match;2026-09-11T07:33:20.8520089Z;1;smlouva o úvěru, koncept KS Řehák & Štěpánek Stavby s.r.o. IČ 23936924;23936924 Řehák & Štěpánek Stavby s.r.o
svj tri sekery 105;Name;SVJ Tři Sekery 105;NotFound;;;;;;;;0;no candidate in the register;2026-09-11T07:33:21.0338744Z;1;Fw: SVJ Tři Sekery 105 - dotaz k zápisu ze schůze a čerpání úvěru;71193405 Společenství vlastníků Tři Sekery 105
sathyayurveda s r o;Name;Sathyayurveda s.r.o.;Found;07612281;SATHYAYURVEDA s.r.o.;SpoleÄŤnost s ruÄŤenĂ­m omezenĂ˝m;112;Praha;Terronská 1128/26, Bubeneč, 16000 Praha 6;True;1;;2026-09-11T07:33:21.3018584Z;1;Fw: Sathyayurveda s.r.o. - náhlé úmrtí jediného vlastníka ze třetí země v jiném státě EU a postoj České spořitelny;07612281 SATHYAYURVEDA s.r.o
salse taxatio s r o;Name;SALSE TAXATIO s.r.o.;NotFound;;;;;;;;0;no candidate in the register;2026-09-11T07:33:21.5509250Z;1;FW: SALSE TAXATIO s.r.o., IČ 27826848 -  Návrh NZ;27826848 SALSE TAXATIO a.s
mynarik investments s r o;Name;MYNARIK INVESTMENTS s.r.o.;Found;19158254;MYNARIK INVESTMENTS s.r.o.;SpoleÄŤnost s ruÄŤenĂ­m omezenĂ˝m;112;Zlín;Nová cesta 421, Štípa, 76314 Zlín;True;1;;2026-09-11T07:33:21.8240820Z;1;Re: Kupní smlouva - developerský projekt Mynarik Investments;19158254 MYNARIK INVESTMENTS s.r.o
pricemz spolecnik hodla nemovitost do s r o;Name;přičemž společník hodlá nemovitost do S.R.O.;NotFound;;;;;;;;0;no candidate in the register;2026-09-11T07:33:22.0628439Z;2;Re: Trojstranná zástavní smlouva k nemovitosti;přičemž společník hodlá nemovitost do S.R.O
ldm group development a s;Name;LDM Group Development a.s.;Found;22226125;LDM Group Development a.s.;AkciovĂˇ spoleÄŤnost;121;Příbram;Na Flusárně 168, Příbram III, 26101 Příbram;True;1;;2026-09-11T07:33:22.3488709Z;2;FW: scany - Street Kolín;LDM Group Development a.s
28594207;Ico;28594207;Found;28594207;Outdoor Aliance s.r.o.;SpoleÄŤnost s ruÄŤenĂ­m omezenĂ˝m;112;Římov;č.ev. 1, 67522 Římov;True;0;;2026-09-11T07:33:22.5382651Z;1;FW: Posouzení návrhu pojistné smlouvy;28594207 a.s
valor fortis a s;Name;VALOR FORTIS a.s.;Found;23249692;VALOR FORTIS a.s.;AkciovĂˇ spoleÄŤnost;121;Praha;Vladislavova 1390/17, Nové Město, 11000 Praha 1;True;1;;2026-09-11T07:33:22.9136880Z;1;Konzultace-urgentní : ič 23249692 VALOR FORTIS a.s.,Práva prokurista;23249692 VALOR FORTIS a.s
ing miloslavem vanerkou a ceskou sporitelnou a s;Name;Ing. Miloslavem Vaněrkou a Českou spořitelnou a.s.;NotFound;;;;;;;;0;no candidate in the register;2026-09-11T07:33:23.1015918Z;2;Re: PBH Petr Urban - dotaz zúžení SJM Vaněrkovi;Ing. Miloslavem Vaněrkou a Českou spořitelnou a.s
dotaz mpla s r o;Name;Dotaz MPLA s.r.o.;NotFound;;;;;;;;0;no candidate in the register;2026-09-11T07:33:23.3679935Z;1;Dotaz MPLA s.r.o., ič 14106477, cps 2056143202 Obnova BZ;14106477 EasyPark Czechia s.r.o
gastrocentrum posform s r o;Name;GASTROCENTRUM POSFORM s.r.o.;Found;26491630;GASTROCENTRUM POSFORM s.r.o.;SpoleÄŤnost s ruÄŤenĂ­m omezenĂ˝m;112;Nymburk;Boleslavská třída 398, 28802 Nymburk;True;1;;2026-09-11T07:33:23.6314471Z;1;URGENT_Fw: Dodatky;27749126 Kubík Group, spol. s r.o
zadatel pivovar matuska s r o;Name;Žadatel Pivovar Matuška s.r.o.;NotFound;;;;;;;;0;no candidate in the register;2026-09-11T07:33:23.8863916Z;1;Fw: Dotaz k ID žádosti 2078110280 Žadatel Pivovar Matuška s.r.o. RČ/IČ 0171888;01718886 Pivovar Matuška s.r.o
sera cz s r o;Name;Sera CZ s.r.o.;Found;26761777;Sera CZ s.r.o.;SpoleÄŤnost s ruÄŤenĂ­m omezenĂ˝m;112;Praha;Ve svahu 482/5, Podolí, 14700 Praha 4;True;1;;2026-09-11T07:33:24.1726539Z;4;Fw: Sera Cz - podpis na základě plné moci;26761777 Sera CZ s.r.o
dotaz easypark czechia s r o;Name;Dotaz EasyPark Czechia s.r.o.;NotFound;;;;;;;;0;no candidate in the register;2026-09-11T07:33:24.4221687Z;1;Fw: Dotaz EasyPark Czechia s.r.o. (pův. MPLA), ič: 14106477;14106477 EasyPark Czechia s.r.o
metalform spol s r o;Name;METALFORM spol. s r.o.;Found;18953379;METALFORM spol. s r. o.;SpoleÄŤnost s ruÄŤenĂ­m omezenĂ˝m;112;Bruntál;Chelčického 1447/1, 79201 Bruntál;True;1;;2026-09-11T07:33:24.6922259Z;1;Fw: úvěr č. 0499728139, klient METALFORM spol. s r. o.;18953379 METALFORM spol. s r. o
pt projekt s r o;Name;PT projekt s.r.o.;Found;24714381;PT projekt s.r.o.;SpoleÄŤnost s ruÄŤenĂ­m omezenĂ˝m;112;Praha;Mladých Běchovic 2, Běchovice, 19011 Praha 9;True;2;;2026-09-11T07:33:24.9770707Z;1;Re: CPS 2047543939, PT projekt s.r.o. (IČ: 24714381);24714381 PT projekt s.r.o
svj l hosaka ic 08130493;Name;SVJ L. Hosáka - iČ: 08130493;NotFound;;;;;;;;0;no candidate in the register;2026-09-11T07:33:25.2254494Z;1;SVJ L. Hosáka - iČ: 08130493;08130493 Společenství vlastníků L. Hosáka 995, 996
05734818;Ico;05734818;ChecksumInvalid;05734818;;;;;;;0;modulo-11 check digit does not match;2026-09-11T07:33:25.2284572Z;2;Žitná real s.r.o., IČ: 05734818,   Valtice - vysvětlení;05734818 Žitná real s.r.o
svj jivavska;Name;SVJ Jívavská;NotFound;;;;;;;;0;no candidate in the register;2026-09-11T07:33:25.4955280Z;1;Fw: SVJ Jívavská, Šternberk;04308573 Společenství vlastníků jednotek pro dům Jívavská 1276-4a, 1277-4b a 1278-4c, Šternberk
property s r o;Name;PROPERTY s.r.o.;Failed;;;;;;;;0;HTTP 400 - The remote server returned an error: (400) Bad Request.;2026-09-11T07:33:25.7215890Z;2;Re: Dotaz k čerpání z jistotního účtu - ARZ Property;PROPERTY s.r.o
svj neakceptovatelne a to z mnohdy nadbytecnych duvodu;Name;SVJ neakceptovatelné a to z mnohdy nadbytečných důvodů;NotFound;;;;;;;;0;no candidate in the register;2026-09-11T07:33:25.9944716Z;2;RE: smluvní dokumentace;SVJ neakceptovatelné a to z mnohdy nadbytečných důvodů
hestia assets i s r o;Name;Hestia Assets I s.r.o.;Found;06277934;Hestia Assets I s.r.o.;SpoleÄŤnost s ruÄŤenĂ­m omezenĂ˝m;112;Praha;Podbělohorská 3386/67, Smíchov, 15000 Praha 5;True;1;;2026-09-11T07:33:26.2751119Z;2;Fw: revize Hestia Assets I - smluvní dokumentace;06277934 Hestia Assets I s.r.o
coffee giants s r o;Name;Coffee Giants s.r.o.;NotFound;;;;;;;;0;no candidate in the register;2026-09-11T07:33:26.5220281Z;1;Fw: Coffee Giants s.r.o.;06497616 Coffee Giants a.s
svj a na zaklade nabidky schvalili financovani od nas;Name;SVJ a na základě nabídky schválili financování od nás.;NotFound;;;;;;;;0;no candidate in the register;2026-09-11T07:33:26.7897533Z;2;Fw: Kontrola zápisu pro úvěrové smlouvy;SVJ a na základě nabídky schválili financování od nás
osoba rizikoveho kapitalu s r o;Name;osoba rizikového kapitálu s.r.o.;NotFound;;;;;;;;5;5 candidate(s), none an exact name match;2026-09-11T07:33:27.1257134Z;1;Fw: CPS: CPS - MSE: výsledek schvalování;26846411 MPA GROUP a.s
85853071;Ico;85853071;NotFound;85853071;;;;;;;0;not in the register;2026-09-11T07:33:27.2361827Z;2;kontrola;85853071 a.s
jinocany development project alpha s r o;Name;JINOČANY DEVELOPMENT Project Alpha s.r.o.;Found;07328494;JINOČANY DEVELOPMENT Project Alpha s.r.o.;SpoleÄŤnost s ruÄŤenĂ­m omezenĂ˝m;112;Praha;Sázavská 915/6, Vinohrady, 12000 Praha 2;True;1;;2026-09-11T07:33:27.6146741Z;1;Re: HRFF Property s.r.o.  - ičo 06475302 generální plná moc JINOČANY DEVELOPMENT Project Alpha s.r.o.;06475302 HRFF Property s.r.o
zapis z jednani vh tia trans s r o;Name;Zápis z jednání VH Tia Trans s.r.o.;NotFound;;;;;;;;0;no candidate in the register;2026-09-11T07:33:27.8246861Z;1;"FW: Zápis z jednání VH Tia Trans s.r.o. (,,společník 1"")";06684921 Tia Trans s.r.o
mj realitni s r o;Name;MJ Realitní s.r.o.;Found;10753711;MJ Realitní s.r.o.;SpoleÄŤnost s ruÄŤenĂ­m omezenĂ˝m;112;Hradec Králové;Letců 1005/4, Pražské Předměstí, 50002 Hradec Králové;True;1;;2026-09-11T07:33:28.0957788Z;2;Fw: MJ Realitní: splacení;08672181 Investcrown s.r.o
morinadet s r o;Name;Morinadet s.r.o.;Found;14295245;Morinadet s.r.o.;SpoleÄŤnost s ruÄŤenĂ­m omezenĂ˝m;112;Praha;Na Radosti 55/35, Zličín, 15521 Praha 5;True;1;;2026-09-11T07:33:28.3598400Z;1;Morinadet s.r.o., IČ 14295245, ID 2079821406 - smlouva o zápůjčce;14295245 Morinadet s.r.o
housing company s r o;Name;Housing company s.r.o.;Found;06591957;Housing company s.r.o.;SpoleÄŤnost s ruÄŤenĂ­m omezenĂ˝m;112;Lelekovice;K Hluku 505/7, 66431 Lelekovice;True;2;;2026-09-11T07:33:28.6372768Z;3;Re: oznámení o vinkulaci;06591957 Housing company s.r.o
rebos s r o;Name;REBOS s.r.o.;Found;27184862;REBOS s.r.o.;SpoleÄŤnost s ruÄŤenĂ­m omezenĂ˝m;112;Praha;Bílenecké náměstí 6/4, Dolní Chabry, 18400 Praha 8;True;2;;2026-09-11T07:33:28.9678628Z;1;FW: Rebos development valná hromada 20240913 v2-revize AKMS;27184862 REBOS s.r.o
svj toto potvrzeni se vydava na zadost klienta cesk;Name;SVJ . Toto potvrzení se vydává na žádost Klienta. Česk;NotFound;;;;;;;;0;no candidate in the register;2026-09-11T07:33:29.1763049Z;1;Re: 0626803139-SC0000000084769807 Žádost o součinnost urgent!!;29001161 Společenství vlastníků jednotek Dolní 1503, Praha 4
svj planuje slozit mimoradnou splatku v prosinci;Name;SVJ plánuje složit mimořádnou splátku v prosinci;NotFound;;;;;;;;0;no candidate in the register;2026-09-11T07:33:29.4388006Z;2;Re: Dotaz k plné moci na uzavření dodatku;SVJ plánuje složit mimořádnou splátku v prosinci
mudr helena hojdikova s r o;Name;MUDr. Helena Hojdíková s.r.o.;Found;04140249;MUDr. Helena Hojdíková s.r.o.;SpoleÄŤnost s ruÄŤenĂ­m omezenĂ˝m;112;Hradec Králové;Bratří Štefanů 895/1, Slezské Předměstí, 50003 Hradec Králové;True;1;;2026-09-11T07:33:29.7724203Z;2;Fw: Klient: MUDr. Helena Hojdíková s.r.o., IČ 04140249;04140249 MUDr. Helena Hojdíková s.r.o
prolongace o jeden mesic rvg kfj s r o;Name;Prolongace o jeden měsíc RVG KFJ s.r.o.;NotFound;;;;;;;;0;no candidate in the register;2026-09-11T07:33:29.9522136Z;1;Re: Prolongace o jeden měsíc RVG KFJ s.r.o., IČ 06295533;06295533 KFJ s.r.o
havirovska tenisova s r o;Name;Havířovská tenisová s.r.o.;Found;26878399;Havířovská tenisová, s.r.o.;SpoleÄŤnost s ruÄŤenĂ­m omezenĂ˝m;112;Havířov;Opletalova 1218/8b, Šumbark, 73601 Havířov;True;1;;2026-09-11T07:33:30.2173617Z;3;Havířovská tenisová s.r.o. - koupě pozemků;26878399 Havířovská tenisová, s.r.o
svj muzeme poskytnout uver na koupi pozemku pod budovo;Name;SVJ můžeme poskytnout úvěr na koupi pozemku pod budovo;NotFound;;;;;;;;0;no candidate in the register;2026-09-11T07:33:30.4970606Z;1;Úvěr na koupi pozemku pod budovou - SVJ ;14036428 Společenství vlastníků garáží a bytové jednotky Toužimská 20a, Plzeň
biohub s r o;Name;Biohub s.r.o.;Found;21649880;Biohub s.r.o.;SpoleÄŤnost s ruÄŤenĂ­m omezenĂ˝m;112;Praha;Hvězdova 1716/2b, Nusle, 14000 Praha 4;True;1;;2026-09-11T07:33:30.7221246Z;2;Fw: Založení osobních účtů pro čínské klienty Biohub s.r.o. – urgentní prosba o informace;21649880 Biohub s.r.o
oren s r o;Name;Oren s.r.o.;NotFound;;;;;;;;2;2 candidate(s), none an exact name match;2026-09-11T07:33:31.0138674Z;1;Stanovisko;60279591 O R E N s.r.o
23521163;Ico;23521163;Found;23521163;Děčínská 72 s.r.o.;SpoleÄŤnost s ruÄŤenĂ­m omezenĂ˝m;112;Ústí nad Labem;Děčínská 72, Střekov, 40003 Ústí nad Labem;True;0;;2026-09-11T07:33:31.1880376Z;1;2079754417 - Děčínská 72 ;23521163 s.r.o
m net studenka s r o;Name;M.NET Studénka s.r.o.;NotFound;;;;;;;;0;no candidate in the register;2026-09-11T07:33:31.5631130Z;1;Fw: M.NET Studénka s.r.o. - schválení zrušení collateralu;27809927 NOVÁ OPTIKA s.r.o
opticredit s r o;Name;OptiCredit s.r.o.;Found;19692382;OptiCredit s.r.o.;SpoleÄŤnost s ruÄŤenĂ­m omezenĂ˝m;112;Bělkovice-Lašťany;č.p. 763, 78316 Bělkovice-Lašťany;True;2;;2026-09-11T07:33:31.8072447Z;1;Dotaz na PM - poptávka financování;19692382 OptiCredit s.r.o
spolecenstvi vlastniku domu pod markem 477;Name;Společenství vlastníků domu Pod Markem 477;Found;09939351;Společenství vlastníků domu Pod Markem 477, Veselí nad Lužnicí;;145;Veselí nad Lužnicí;Pod Markem 477, Veselí nad Lužnicí I, 39181 Veselí nad Lužnicí;True;1;;2026-09-11T07:33:32.0674060Z;3;Společenství vlastníků domu Pod Markem 477, Veselí nad Lužnicí  ;25171704 SORETA Group správa bytů s.r.o
the miners roasters s r o;Name;The Miners Roasters s.r.o.;Found;09096159;The Miners Roasters s.r.o.;SpoleÄŤnost s ruÄŤenĂ­m omezenĂ˝m;112;Praha;Boudníkova 2538/11, Libeň, 18000 Praha 8;True;1;;2026-09-11T07:33:32.3132487Z;2;The Miners Roasters s.r.o.-Fw: Prověření nájemních smluv;09096159 The Miners Roasters s.r.o
svj konaneho dne 15 11 2022;Name;SVJ konaného dne 15. 11. 2022;NotFound;;;;;;;;0;no candidate in the register;2026-09-11T07:33:32.5766952Z;2;RE: zpětná vazba z právního oddělení;SVJ konaného dne 15. 11. 2022
bb hana s r o;Name;BB Haná s.r.o.;Found;09205772;BB Haná s.r.o.;SpoleÄŤnost s ruÄŤenĂ­m omezenĂ˝m;112;Olomouc;Neředínská 962/69, Neředín, 77900 Olomouc;True;1;;2026-09-11T07:33:32.8382772Z;1;FW: cps 2075705228, BB Haná s.r.o., ič 09205772;09205772 BB Haná s.r.o
slezsko ostravske rezidence s r o;Name;Slezsko Ostravské rezidence s.r.o.;Found;07308809;Slezsko Ostravské Rezidence, s.r.o.;SpoleÄŤnost s ruÄŤenĂ­m omezenĂ˝m;112;Markvartovice;Šilheřovická 101, 74714 Markvartovice;True;1;;2026-09-11T07:33:33.0838076Z;1;Re: 07308809 - Slezsko Ostravské rezidence s.r.o.;07308809 Slezsko Ostravské Rezidence, s.r.o
naladech s r o;Name;Naladech s.r.o.;Found;06158340;Naladech s.r.o.;SpoleÄŤnost s ruÄŤenĂ­m omezenĂ˝m;112;Liberec;nám. Českých bratří 26/13, Liberec V-Kristiánov, 46005 Liberec;True;1;;2026-09-11T07:33:33.3874575Z;1;Re: Naladech s.r.o. - ičo: 06158340;06158340 Naladech s.r.o
sjs invest s r o;Name;SJS invest s.r.o.;Found;28108353;SJS Invest s.r.o.;SpoleÄŤnost s ruÄŤenĂ­m omezenĂ˝m;112;Kunžak;Hradecká 160, 37862 Kunžak;True;1;;2026-09-11T07:33:33.6188966Z;1;FW: SJS invest s.r.o. IČ 28108353- smlouva o zápůjčce.;28108353 SJS Invest s.r.o
abglass ohemia s r o;Name;ABglass ohemia s.r.o.;NotFound;;;;;;;;0;no candidate in the register;2026-09-11T07:33:33.8694983Z;2;Fw: ABglass ohemia s.r.o. - skutečný majitel - svěřenecký fond;27292711 Abglass Bohemia s.r.o
stavby bosovice s r o valtice property s r o;Name;Stavby Bošovice s.r.o. Valtice Property s.r.o.;NotFound;;;;;;;;0;no candidate in the register;2026-09-11T07:33:34.1317300Z;2;Smlouva  o dílo Valtice Property;14042916 Valtice Property s.r.o
enovation s r o;Name;enovation s.r.o.;Found;27909751;enovation s.r.o.;SpoleÄŤnost s ruÄŤenĂ­m omezenĂ˝m;112;Praha;Sokolovská 695/115b, Karlín, 18600 Praha 8;True;3;;2026-09-11T07:33:34.4215972Z;2;ID 2080305991 , enovation s.r.o., ičo 27909751 _ Obnovení Bankovní garance;27909751 enovation s.r.o
aktualnim najemcem je s r o;Name;aktuálním nájemcem je s.r.o.;NotFound;;;;;;;;0;no candidate in the register;2026-09-11T07:33:34.6393576Z;1;nové bytové družstvo - koupě nemovitosti - Ostrava BD Riegrova;28632729 FAMILY - bydlení s.r.o
odesmera s r o;Name;ODESMERA s.r.o.;Found;24201243;ODESMERA s.r.o.;SpoleÄŤnost s ruÄŤenĂ­m omezenĂ˝m;112;Praha;Božanovská 2098, Horní Počernice, 19300 Praha 9;True;1;;2026-09-11T07:33:34.9355127Z;1;Re: Urban-Žádost o kontrolu návrhu rozhodnutí jediného společníka - podmínka čerpání úvěru;24201243 ODESMERA s.r.o
nahrane s r o;Name;NAHRANĚ s.r.o.;Found;08594783;architekti NAHRANĚ s.r.o.;SpoleÄŤnost s ruÄŤenĂ­m omezenĂ˝m;112;Libníkovice;č.p. 3, 50346 Libníkovice;True;1;;2026-09-11T07:33:35.1760299Z;1;FW:  Smlouvy o dílo;25943383 HASE CZ s.r.o
martin slavik s r o;Name;Martin Slavík s.r.o.;Found;14306034;Martin Slavík s.r.o.;SpoleÄŤnost s ruÄŤenĂ­m omezenĂ˝m;112;Hlinsko;Faráře Toufara 1551, 53901 Hlinsko;True;1;;2026-09-11T07:33:35.4344222Z;2;Smlouva o úvěru Martin Slavík s.r.o. CLUID  8023-06-11-04.35.46.017627;14306034 Martin Slavík s.r.o
open light czech s r o;Name;Open Light Czech s.r.o.;Found;06989411;Open Light Czech s.r.o.;SpoleÄŤnost s ruÄŤenĂ­m omezenĂ˝m;112;Olomouc;Borůvková 768/15, Holice, 77900 Olomouc;True;1;;2026-09-11T07:33:35.6962570Z;2;Re: CS00000012125933- opravený, CS00000012125932 -starý který se nekaceptoval;Open Light Czech s.r.o
svj jana maluchy id 2068317021;Name;SVJ Jana Maluchy - ID: 2068317021;NotFound;;;;;;;;0;no candidate in the register;2026-09-11T07:33:35.9759330Z;1;ič 06120253 SVJ Jana Maluchy - ID: 2068317021;06120253 Společenství vlastníků Jana Maluchy 205 - 208
abcd invest s r o;Name;ABCD invest s.r.o.;Found;03084388;ABCD invest s.r.o.;SpoleÄŤnost s ruÄŤenĂ­m omezenĂ˝m;112;Praha;Pod kaštany 1106/17, Bubeneč, 16000 Praha 6;True;1;;2026-09-11T07:33:36.2145259Z;3;ABCD invest s.r.o., IČ: 03084388;03084388 ABCD invest s.r.o
hrff property s r o;Name;HRFF Property s.r.o.;Found;06475302;HRFF Property s.r.o.;SpoleÄŤnost s ruÄŤenĂ­m omezenĂ˝m;112;Velký Týnec;Náves 19, Čechovice, 78372 Velký Týnec;True;1;;2026-09-11T07:33:36.4934064Z;2;HRFF Property s.r.o.  _Fw: Kontrola dokumentů;07328494 JINOČANY DEVELOPMENT Project Alpha s.r.o
consult s r o;Name;Consult s.r.o.;NotFound;;;;;;;;5;5 candidate(s), none an exact name match;2026-09-11T07:33:36.7756439Z;1;Fw: WSPK: Olomouc změna zástavního věřitele;49060724 Consult s.r.o
18pro s r o;Name;18PRO s.r.o.;Found;29146569;18PRO s.r.o.;SpoleÄŤnost s ruÄŤenĂ­m omezenĂ˝m;112;Praha;Neklanova 120/18, Vyšehrad, 12800 Praha 2;True;1;;2026-09-11T07:33:37.0289488Z;3;Fw: 18PRO s.r.o., IČO: 29146569;29146569 18PRO s.r.o
telax spedition s r o;Name;TELAX SPEDITION s.r.o.;Found;24150568;TELAX SPEDITION s.r.o.;SpoleÄŤnost s ruÄŤenĂ­m omezenĂ˝m;112;Vysoký Újezd;Pivovarská 1029, 26716 Vysoký Újezd;True;1;;2026-09-11T07:33:37.2759310Z;1;Re: TELAX SPEDITION s.r.o.-SC0000000086946567 - Protest manželky s úvěrem manžela;24150568 TELAX SPEDITION s.r.o
zamek knezice s r o;Name;Zámek Kněžice s.r.o.;NotFound;;;;;;;;0;no candidate in the register;2026-09-11T07:33:37.5470095Z;1;Re: Fw: Kněžice - dotaz - korporátní souhlas;07092351 Emily Shery s.r.o
wifisit s r o;Name;WIFISIT s.r.o.;Found;03759903;WIFISIT s.r.o.;SpoleÄŤnost s ruÄŤenĂ­m omezenĂ˝m;112;Stará Červená Voda;č.p. 138, 79053 Stará Červená Voda;True;1;;2026-09-11T07:33:37.8014389Z;1;Re: WIFISIT s.r.o. - IČ: 03759903;03759903 WIFISIT s.r.o
karel horejsek za trhla s r o;Name;Karel Hořejšek za TRHLA s.r.o.;NotFound;;;;;;;;0;no candidate in the register;2026-09-11T07:33:38.0853384Z;1;Fwd: Hořejšek - návrh dokumentace;05550947 KH Stavby Invest s.r.o
auto macik s r o;Name;AUTO-MACÍK s.r.o.;Found;63468611;AUTO-MACÍK s.r.o.;SpoleÄŤnost s ruÄŤenĂ­m omezenĂ˝m;112;Boskovice;Hliníky 2362/9, 68001 Boskovice;True;1;;2026-09-11T07:33:38.3269377Z;1;FW: AUTO-MACÍK s.r.o.,IČ: 63468611 ;63468611 AUTO-MACÍK s.r.o
diversium int s r o;Name;Diversium Int. s.r.o.;Found;14441349;Diversium Int. s.r.o.;SpoleÄŤnost s ruÄŤenĂ­m omezenĂ˝m;112;Praha;Sekorova 804/6, Modřany, 14300 Praha 4;True;1;;2026-09-11T07:33:38.5828369Z;2;Fw: Diversium Int. s.r.o., IČ 14441349, Kontokorent 6240324319/0800 ;14441349 Diversium Int. s.r.o
ktk klienta metalgrip s r o;Name;KTK klienta Metalgrip s.r.o.;NotFound;;;;;;;;0;no candidate in the register;2026-09-11T07:33:38.8359830Z;1;Smlouva pro zástavní právo podřízení pohledávek ;28067959 Metalgrip s. r. o
svj na vypise z or;Name;SVJ na výpise z OR.;NotFound;;;;;;;;0;no candidate in the register;2026-09-11T07:33:39.1017207Z;1;Re: Čerpání úvěru;27409503 Společenství vlastníků jednotek 339 - 340 Žebrák
helsynpro s r o;Name;Helsynpro s.r.o.;Found;05813298;Helsynpro s.r.o.;SpoleÄŤnost s ruÄŤenĂ­m omezenĂ˝m;112;Bělá pod Pradědem;Domašov 273, 79001 Bělá pod Pradědem;True;1;;2026-09-11T07:33:39.3728551Z;4;Fw: založení účtu;Helsynpro s.r.o
spolecenstvi vlastniku jednotek spolkova 4 ico 28317700;Name;Společenství vlastníků jednotek Spolková 4 - IČO: 28317700;NotFound;;;;;;;;0;no candidate in the register;2026-09-11T07:33:39.6597737Z;1;Urgentní konzultace k případu CPS č.  2081133220 - Společenství vlastníků jednotek Spolková 4 - IČO: 28317700;28317700 Společenství vlastníků jednotek Spolková 4
svj mohlo prevzit dluh z uveru;Name;SVJ mohlo převzít dluh z úvěru;NotFound;;;;;;;;0;no candidate in the register;2026-09-11T07:33:39.8822429Z;2;FW: dotaz - Oblastní stavební bytové družstvo Kopřivnice;SVJ mohlo převzít dluh z úvěru
diskra s r o;Name;DISKRA s.r.o.;Found;25425510;DISKRA, spol. s r.o.;SpoleÄŤnost s ruÄŤenĂ­m omezenĂ˝m;112;Varnsdorf;Nymburská 3374, 40747 Varnsdorf;True;1;;2026-09-11T07:33:40.1973361Z;2;Jakub Král, 9009-03-06-10.05.23.634950;25425510 DISKRA, spol. s r.o
25828568;Ico;25828568;Found;25828568;AG.DITANA s.r.o., člen koncernu DITANA;SpoleÄŤnost s ruÄŤenĂ­m omezenĂ˝m;112;Velká Bystřice;ČSA 780, 78353 Velká Bystřice;True;0;;2026-09-11T07:33:40.3597259Z;1;Fw: Podpisová sekce u generální dohody;25828568 AG.DITANA s.r.o
ag ditana s r o;Name;AG.DITANA s.r.o.;Found;25828568;AG.DITANA s.r.o., člen koncernu DITANA;SpoleÄŤnost s ruÄŤenĂ­m omezenĂ˝m;112;Velká Bystřice;ČSA 780, 78353 Velká Bystřice;True;1;;2026-09-11T07:33:40.7284168Z;1;Fw: Podpisová sekce u generální dohody;25828568 AG.DITANA s.r.o
spolecenstvi vlastniku garazi a bytove jednotky touzimska 20a;Name;Společenství vlastníků garáží a bytové jednotky Toužimská 20a;Found;14036428;Společenství vlastníků garáží a bytové jednotky Toužimská 20a, Plzeň;;145;Plzeň;Toužimská 2015/20a, Bolevec, 32300 Plzeň;True;1;;2026-09-11T07:33:40.9544940Z;1;FW: Společenství vlastníků garáží a bytové jednotky Toužimská 20a, Plzeň-Fw: Úvěr na koupi pozemku pod budovou - SVJ ;14036428 Společenství vlastníků garáží a bytové jednotky Toužimská 20a, Plzeň
ntforl s r o;Name;NTforL s.r.o.;Found;21957410;NTforL s.r.o.;SpoleÄŤnost s ruÄŤenĂ­m omezenĂ˝m;112;Uherský Brod;Na Chmelnici 1860, 68801 Uherský Brod;True;1;;2026-09-11T07:33:41.2146067Z;1;požadavek neklienta - Nezávazný bankovní příslib NTforL s.r.o;21957410 NTforL s.r.o
statek liborice drahous s r o;Name;Statek Libořice-Drahouš s.r.o.;Found;26776529;Statek Libořice-Drahouš s.r.o.;SpoleÄŤnost s ruÄŤenĂ­m omezenĂ˝m;112;Libořice;č.p. 128, 43801 Libořice;True;1;;2026-09-11T07:33:41.4609607Z;2;Fw: Statek Libořice-Drahouš s.r.o. - ič: 26776529;26776529 Statek Libořice-Drahouš s.r.o
svj v radne peci o dum a pozemek;Name;SVJ v řádné péči o dům a pozemek;NotFound;;;;;;;;0;no candidate in the register;2026-09-11T07:33:41.7319888Z;2;RE: SVJ-Dotaz-odkoupení nebytového prostoru v aukci;SVJ v řádné péči o dům a pozemek
senior byty bilina s r o;Name;SENIOR BYTY BÍLINA s.r.o.;Found;06806813;SENIOR BYTY BÍLINA s.r.o.;SpoleÄŤnost s ruÄŤenĂ­m omezenĂ˝m;112;Praha;Čapkova 195/2, Michle, 14000 Praha 4;True;1;;2026-09-11T07:33:42.0041135Z;1;Fw: SENIOR BYTY BÍLINA s.r.o.;17877130 NIRRIS s.r.o., advokátní kancelář
top con real s r o;Name;TOP CON real s.r.o.;NotFound;;;;;;;;0;no candidate in the register;2026-09-11T07:33:42.2626555Z;3;Dotaz, finanční asistence;25631306 TOP CON real s.r.o
katomker s r o;Name;Katomker s.r.o.;Found;14179016;Katomker s.r.o.;SpoleÄŤnost s ruÄŤenĂ­m omezenĂ˝m;112;Jinačovice;č.p. 114, 66434 Jinačovice;True;1;;2026-09-11T07:33:42.5062656Z;1;Katomker s.r.o. ;14179016 Katomker s.r.o
05936381;Ico;05936381;Found;05936381;PYRHURA s.r.o.;SpoleÄŤnost s ruÄŤenĂ­m omezenĂ˝m;112;Praha;Hodonínská 1595/1, Michle, 14100 Praha 4;True;0;;2026-09-11T07:33:42.6903353Z;3;FW: Zapis z valne hromady k uveru;05936381 PYRHURA s.r.o
weinberg artworks s r o;Name;Weinberg Artworks s.r.o.;Found;07305150;Weinberg Artworks s.r.o.;SpoleÄŤnost s ruÄŤenĂ­m omezenĂ˝m;112;Praha;Výjezdní 752/3, Suchdol, 16500 Praha 6;True;2;;2026-09-11T07:33:43.0655457Z;1;Přejmenování klienta mezi podpisem smlouvy a čerpáním úvěru;07305150 Weinberg Artworks s.r.o
medling s r o;Name;MEDLING s.r.o.;Found;01408933;MEDLING s.r.o.;SpoleÄŤnost s ruÄŤenĂ­m omezenĂ˝m;112;Liberec;Tatranská 860/7, Liberec III-Jeřáb, 46007 Liberec;True;1;;2026-09-11T07:33:43.2896701Z;1;Re: MEDLING s.r.o. čerpání úvěru;01408933 MEDLING s.r.o
nest hb spol s r o;Name;NEST.HB spol. s r.o.;Found;25929011;NEST.HB spol. s r.o.;SpoleÄŤnost s ruÄŤenĂ­m omezenĂ˝m;112;Havlíčkův Brod;Žižkova 65, 58001 Havlíčkův Brod;True;1;;2026-09-11T07:33:43.5464306Z;1;Re: NEST.HB spol. s r.o. IČ: 259 29 011;25929011 NEST.HB spol. s r.o
fastrova s r o;Name;FASTROVA s.r.o.;Found;28134001;Fastrova, s.r.o.;SpoleÄŤnost s ruÄŤenĂ­m omezenĂ˝m;112;Praha;Na Hřebenkách 2689/61, Smíchov, 15000 Praha 5;True;1;;2026-09-11T07:33:43.8063648Z;2;FW: podklady pro NZ_Fastrova_ČS;28134001 Fastrova, s.r.o
datova zprava steen qos s r o;Name;DATOVÁ ZPRÁVA- STEEN QOS s.r.o.;NotFound;;;;;;;;0;no candidate in the register;2026-09-11T07:33:44.0316053Z;4;Re: STEEN QOS s.r.o.-Fw: DATOVÁ ZPRÁVA- STEEN QOS s.r.o.;DATOVÁ ZPRÁVA- STEEN QOS s.r.o
svarcstav s r o;Name;Švarcstav s.r.o.;Found;18035973;Švarcstav s.r.o.;SpoleÄŤnost s ruÄŤenĂ­m omezenĂ˝m;112;Domažlice;Prokopa Velikého 691, Týnské Předměstí, 34401 Domažlice;True;1;;2026-09-11T07:33:44.2858621Z;1;Re: Dotaz;18035973 Švarcstav s.r.o
interni ordinace s r o a praktik stabo s r o;Name;Interní ordinace s.r.o. a Praktik Stabo s.r.o.;NotFound;;;;;;;;0;no candidate in the register;2026-09-11T07:33:44.5629311Z;2;Re: Koupě nemovitosti na základě PM;Interní ordinace s.r.o. a Praktik Stabo s.r.o
akfipe advokatni kancelar s r o;Name;AKFIPE advokátní kancelář s.r.o.;Found;17686741;AKFIPE advokátní kancelář s.r.o.;SpoleÄŤnost s ruÄŤenĂ­m omezenĂ˝m;112;Olomouc;Ostravská 501/16, Hodolany, 77900 Olomouc;True;1;;2026-09-11T07:33:44.8295372Z;1;FW: SOSB, kupní smlouva;17686741 AKFIPE advokátní kancelář s.r.o
rvp invest a s;Name;RVP Invest a.s.;Found;25886240;RVP Invest, a.s.;AkciovĂˇ spoleÄŤnost;121;Fulnek;Jerlochovice 120, 74245 Fulnek;True;1;;2026-09-11T07:33:45.1437025Z;3;FW: RVP Invest a.s. - podpis  na VPS smlouvu - Urgentní - vazba na dotace ;25886240 RVP Invest, a.s
svj zel pluku ic 25981218;Name;SVJ Žel. pluku IČ  25981218;NotFound;;;;;;;;0;no candidate in the register;2026-09-11T07:33:45.3596440Z;1;koncept zápisu SVJ Žel. pluku IČ  25981218;25981218 Společenství vlastníků jednotek v domě čp. 2017 ul. Železničního pluku v Pardubicích
seventh heaven one s r o;Name;Seventh Heaven One s.r.o.;NotFound;;;;;;;;0;no candidate in the register;2026-09-11T07:33:45.6171649Z;4;Re: Zpracování datové zprávy  SC0000000065542392;27226433 Seventh Heaven One s.r.o
rubikorp s r o;Name;RubiKorp s.r.o.;Found;09959629;RubiKorp s.r.o.;SpoleÄŤnost s ruÄŤenĂ­m omezenĂ˝m;112;Ostrava;Zámostní 1155/27, Slezská Ostrava, 71000 Ostrava;True;1;;2026-09-11T07:33:45.8926823Z;2;Fw: RubiKorp s.r.o. - žádost o schůzku;09959629 RubiKorp s.r.o
rent s r o;Name;Rent s.r.o.;NotFound;;;;;;;;5;5 candidate(s), none an exact name match;2026-09-11T07:33:46.2573600Z;2;RE: Úvěrová dokumentace;Rent s.r.o
svj samo uvedlo;Name;SVJ samo uvedlo;NotFound;;;;;;;;0;no candidate in the register;2026-09-11T07:33:46.4134069Z;2;Re: stanovisko k nákupu pozemku SVJ;SVJ samo uvedlo
v uvodni identifikaci spolecnosti duben trans s r o;Name;V úvodní identifikaci společnosti DUBEN Trans s.r.o.;NotFound;;;;;;;;0;no candidate in the register;2026-09-11T07:33:46.7298172Z;1;RE: Monitoring smluv - úvěr Duben Trans s. r. o;10698418 DUBEN Trans s.r.o
spolecenstvi vlastniku ktere vznika soubezne s prijetim tohoto prohlaseni;Name;společenství vlastníků, které vzniká souběžně s přijetím tohoto prohlášení;NotFound;;;;;;;;0;no candidate in the register;2026-09-11T07:33:46.9835952Z;1;kontrola prohlášení;09246363 FinSense management s.r.o
svj je nutne;Name;SVJ je nutné;NotFound;;;;;;;;0;no candidate in the register;2026-09-11T07:33:47.2522298Z;2;RE: zpětná vazba z právního oddělení;SVJ je nutné
friver s r o;Name;Friver s.r.o.;Found;09729488;Friver s.r.o.;SpoleÄŤnost s ruÄŤenĂ­m omezenĂ˝m;112;Frenštát pod Radhoštěm;U Příkopy 1920, 74401 Frenštát pod Radhoštěm;True;1;;2026-09-11T07:33:47.4666129Z;1;Re: FW: Dotazy k proceduře kolem jistotního účtu;09729488 Friver s.r.o
kuneticka a s;Name;Kunětická a.s.;Found;29010462;Kunětická a.s.;AkciovĂˇ spoleÄŤnost;121;Praha;Kunětická 2534/2, Vinohrady, 12000 Praha 2;True;2;;2026-09-11T07:33:47.7440877Z;3;Re: Posouzení projektu štěpení, klient Kunětická a.s., IČ 29010462, Smlouva o úvěru	10069/22/LCD;29010462 Kunětická a.s
wellness jh s r o;Name;WELLNESS JH s.r.o.;Found;06348980;WELLNESS JH s.r.o.;SpoleÄŤnost s ruÄŤenĂ­m omezenĂ˝m;112;Chlum u Třeboně;č.p. 482, 37804 Chlum u Třeboně;True;1;;2026-09-11T07:33:47.9915782Z;1;doplacení úvěru na základě prodeje pozemků;06348980 WELLNESS JH s.r.o
63998530;Ico;63998530;Found;63998530;Česká podnikatelská pojišťovna, a.s., Vienna Insurance Group;AkciovĂˇ spoleÄŤnost;121;Praha;Pobřežní 665/23, Karlín, 18600 Praha 8;True;0;;2026-09-11T07:33:48.1777230Z;1;Re: ZPP  a OZP v případě nabídky/ návrhu u PBhypo ;63998530 a.s
peneo consulting s r o;Name;Peneo Consulting s.r.o.;NotFound;;;;;;;;0;no candidate in the register;2026-09-11T07:33:48.5581277Z;1;Re: koupě nemovitosti v exekuci;07976976 Adam Sybera
cukrfree s r o;Name;Cukrfree s.r.o.;Found;07203730;Cukrfree s.r.o.;SpoleÄŤnost s ruÄŤenĂ­m omezenĂ˝m;112;Praha;Wolkerova 24/3, Bubeneč, 16000 Praha 6;True;1;;2026-09-11T07:33:48.7696970Z;1;Re: Návrh KUPNÍ SMLOUVY, společnost Cukrfree s.r.o. IČ 07203730;07203730 Cukrfree s.r.o
hotelu kraskov s r o;Name;Hotelu Kraskov s.r.o.;NotFound;;;;;;;;0;no candidate in the register;2026-09-11T07:33:49.0402949Z;4;Prosba o stanovisko;Hotelu Kraskov s.r.o
spolecenstvi vlastniku bytoveho domu ulice mala 1726;Name;Společenství vlastníků bytového domu ulice Malá 1726;Found;04449690;Společenství vlastníků bytového domu ulice Malá 1726, Uherský Brod;;145;Uherský Brod;Horní Valy 2074, 68801 Uherský Brod;True;1;;2026-09-11T07:33:49.3222033Z;1;Dotaz k jednání dle OR;00050211 PANORAMA, stavební bytové družstvo
24802379;Ico;24802379;NotFound;24802379;;;;;;;0;not in the register;2026-09-11T07:33:49.4755791Z;1;Re: §129 - Valtr;24802379 a.s
26006341;Ico;26006341;Found;26006341;FORLIVING s.r.o.;SpoleÄŤnost s ruÄŤenĂ­m omezenĂ˝m;112;Chrudim;Vestec 2, 53701 Chrudim;True;0;;2026-09-11T07:33:49.8069228Z;1;Fw: RE: souhlas valné hromady se zajištěním úvěru - zástava závodu;26006341 a.s
emonix elektric s r o;Name;EMONIX elektric s.r.o.;Found;28586247;EMONIX elektric s.r.o.;SpoleÄŤnost s ruÄŤenĂ­m omezenĂ˝m;112;Suchdol nad Odrou;Za nádražím 632, 74201 Suchdol nad Odrou;True;1;;2026-09-11T07:33:50.1362855Z;3;RE:  EMONIX elektric s.r.o.-Fw: vyjádření k zápisu valné hromady;EMONIX elektric s.r.o
car wash czech s r o;Name;CAR WASH CZECH s.r.o.;Found;07032315;CAR WASH CZECH s.r.o.;SpoleÄŤnost s ruÄŤenĂ­m omezenĂ˝m;112;Provodov-Šonov;Kleny 4, 55203 Provodov-Šonov;True;1;;2026-09-11T07:33:50.3418261Z;3;"Fw: CAR WASH CZECH s.r.o.; ičo: 07032315";07032315 CAR WASH CZECH s.r.o
svj 567;Name;SVJ 567;NotFound;;;;;;;;0;no candidate in the register;2026-09-11T07:33:50.5890209Z;1;FW: Odsouhlasení zápisu pro SVJ 567, Suchdol nad Lužnicí;28116011 Společenství vlastníků domu č. p. 567, Suchdol nad Lužnicí
oc sever s r o;Name;OC Sever s.r.o.;Found;07147201;OC Sever s.r.o.;SpoleÄŤnost s ruÄŤenĂ­m omezenĂ˝m;112;Blansko;Dvorská 1960/32, 67801 Blansko;True;1;;2026-09-11T07:33:50.8552777Z;2;Re: OC Sever s.r.o. IČ 07147201;07147201 OC Sever s.r.o
software moravia automation s r o;Name;Software Moravia Automation s.r.o.;NotFound;;;;;;;;0;no candidate in the register;2026-09-11T07:33:51.1309915Z;2;RE: 2054465302 _ Moravia Automation  / Útěchov_kupní smlouva_návrh_kom_11_03;08976848 Moravia Automation s.r.o
a victos s r o;Name;A Victos s.r.o.;NotFound;;;;;;;;0;no candidate in the register;2026-09-11T07:33:51.3674842Z;1;Odsouhlasení textace smlouvy o úvěru;19836104 Victos s.r.o
granulex libochovice a s;Name;GRANULEX Libochovice a.s.;Found;00121118;GRANULEX Libochovice a.s.;AkciovĂˇ spoleÄŤnost;121;Libochovice;č.p. 521, 41117 Libochovice;True;1;;2026-09-11T07:33:51.6472216Z;1;F&S Real - Libochovice;23814314 F&S Real Estate Investment s.r.o
outdoor aliance s r o;Name;Outdoor Aliance s.r.o.;Found;28594207;Outdoor Aliance s.r.o.;SpoleÄŤnost s ruÄŤenĂ­m omezenĂ˝m;112;Římov;č.ev. 1, 67522 Římov;True;1;;2026-09-11T07:33:51.8773138Z;2;Re: FW: Posouzení návrhu pojistné smlouvy;Outdoor Aliance s.r.o
26872781;Ico;26872781;Found;26872781;BYDO development s.r.o.;SpoleÄŤnost s ruÄŤenĂ­m omezenĂ˝m;112;Praha;Pernerova 702/39, Karlín, 18600 Praha 8;True;0;;2026-09-11T07:33:52.0951548Z;1;FW: Zápis z \Valné hromady;26872781 a.s
euroregion a s;Name;Euroregion a.s.;Found;25331256;Euroregion a.s.;AkciovĂˇ spoleÄŤnost;121;Brno;Hudcova 367/78, Medlánky, 61200 Brno;True;1;;2026-09-11T07:33:52.5517839Z;2;Fwd: od Ivo Lachmana, speciální účet k výplatě akcionářů v rámci vytěsnění minoritních;Euroregion a.s
slow down s r o;Name;Slow Down s.r.o.;Found;21721271;Slow down s.r.o.;SpoleÄŤnost s ruÄŤenĂ­m omezenĂ˝m;112;Praha;Revoluční 1403/28, Nové Město, 11000 Praha 1;True;2;;2026-09-11T07:33:52.7159075Z;1;Fw: dotaz - ČP pro WSPK;24812765 2P Investments s.r.o
adventure menu s r o;Name;Adventure Menu s.r.o.;Found;01632523;Adventure Menu s.r.o.;SpoleÄŤnost s ruÄŤenĂ­m omezenĂ˝m;112;Praha;Koubkova 399/10, Vinohrady, 12000 Praha 2;True;1;;2026-09-11T07:33:52.9824206Z;2;Fw: Adventure Menu s.r.o. 01632523;01632523 Adventure Menu s.r.o
jc lescinsky s r o;Name;JČ Leščinský s.r.o.;Found;17546371;JČ Leščinský s.r.o.;SpoleÄŤnost s ruÄŤenĂ­m omezenĂ˝m;112;Sokolov;Ondříčkova 519, 35601 Sokolov;True;1;;2026-09-11T07:33:53.2481349Z;1;Fw: Insolvenční řízení - JČ Leščinský s.r.o. --- IČ: 17546371;17546371 JČ Leščinský s.r.o
sunny energy s r o;Name;Sunny Energy s.r.o.;Found;28461614;SUNNY ENERGY s.r.o.;SpoleÄŤnost s ruÄŤenĂ­m omezenĂ˝m;112;Lužná;9. května 283, 27051 Lužná;True;2;;2026-09-11T07:33:53.4704593Z;1;Sunny Energy s.r.o.;28461614 SUNNY ENERGY s.r.o
apartmany vysoke s r o;Name;Apartmány Vysoké s.r.o.;Found;14020998;Apartmány Vysoké, s.r.o.;SpoleÄŤnost s ruÄŤenĂ­m omezenĂ˝m;112;Praha;Ke schodům 1465/14, Modřany, 14300 Praha 4;True;1;;2026-09-11T07:33:53.7933356Z;1;Ukončení posuzování klient Apartmány Vysoké s.r.o.;14020998 Apartmány Vysoké, s.r.o
co vsechno by na s r o;Name;co všechno by na s.r.o.;NotFound;;;;;;;;0;no candidate in the register;2026-09-11T07:33:54.0362482Z;2;FW: Škorpík Jiří-Fw: Smlouva o koupi zemědělského závodu;co všechno by na s.r.o
svj nam poskytlo smlouvu o smlouve budouci o prevodu n;Name;SVJ nám poskytlo Smlouvu o smlouvě budoucí o převodu n;NotFound;;;;;;;;0;no candidate in the register;2026-09-11T07:33:54.2693430Z;1;Dotaz k účelu úvěru pro SVJ;05575575 Společenství vlastníků pro dům čp. 532 ve Františkových Lázních
svj vzniklo v 02 22;Name;SVJ vzniklo v 02/22;NotFound;;;;;;;;0;no candidate in the register;2026-09-11T07:33:54.5737446Z;2;Dotaz k doložení PS u SVJ;SVJ vzniklo v 02-22
skarf invest s r o;Name;SKARF invest s.r.o.;Found;06607888;SKARF invest s.r.o., v likvidaci;SpoleÄŤnost s ruÄŤenĂ­m omezenĂ˝m;112;Praha;Slovinská 765/15, Vršovice, 10100 Praha 10;True;1;;2026-09-11T07:33:54.8096755Z;1;Dotaz na ověření způsobu jednání u firmy IČO:06607888 , SKARF invest s.r.o.;06607888 SKARF invest s.r.o., v likvidaci
young republic s r o;Name;Young Republic s.r.o.;Found;21012563;Young Republic s.r.o.;SpoleÄŤnost s ruÄŤenĂ­m omezenĂ˝m;112;Praha;Lužická 1538/10, Vinohrady, 12000 Praha 2;True;2;;2026-09-11T07:33:55.0513796Z;1;Young Republic s.r.o., IČ 21012563, INV č. 0752287139;21012563 Young Republic s.r.o
spolecenstvi vlastniku jednotek v ramci projektu lappi hloub e tin;Name;společenství vlastníků  jednotek v rámci projektu LAPPI HLOUB Ě TÍN;NotFound;;;;;;;;0;no candidate in the register;2026-09-11T07:33:55.3760291Z;2;Neklient ČS, Contract R3.401;25973843 GEPARD FINANCE a.s
metalgrip s r o;Name;Metalgrip s.r.o.;Found;28067959;Metalgrip s. r. o.;SpoleÄŤnost s ruÄŤenĂ­m omezenĂ˝m;112;Kamenice nad Lipou;Zámecká 113, 39470 Kamenice nad Lipou;True;1;;2026-09-11T07:33:55.5873886Z;1;Re: Metalgrip s.r.o.-RE: Smlouva pro zástavní právo podřízení pohledávek;28067959 Metalgrip s. r. o
baumat s r o;Name;BAUMAT s.r.o.;Found;47781025;BAUMAT s.r.o.;SpoleÄŤnost s ruÄŤenĂ­m omezenĂ˝m;112;Most;Dukelská 1525/12, 43401 Most;True;4;;2026-09-11T07:33:55.8877012Z;1;Re: Opětovná velká prosba od Martina: čerpání úvěru Bohemias (Solar Most, BAUMAT);47781025 BAUMAT s.r.o
panda travel s r o;Name;Panda Travel s.r.o.;NotFound;;;;;;;;0;no candidate in the register;2026-09-11T07:33:56.1071356Z;1;Re: Výzva k spolupráci. ;05308721 Panda Travel s.r.o
mam dotaz ohledne firmy resort johanka a s;Name;Mám dotaz ohledně firmy Resort Johanka a.s.;NotFound;;;;;;;;0;no candidate in the register;2026-09-11T07:33:56.3572601Z;1;Fw: Dotaz na podpis dokumentace;28129504 Resort Johanka a.s
spv omap delta s r o;Name;SPV OMAP Delta s.r.o.;Found;10891960;SPV OMAP Delta s.r.o.;SpoleÄŤnost s ruÄŤenĂ­m omezenĂ˝m;112;Opava;Dolní náměstí 304/22, Město, 74601 Opava;True;1;;2026-09-11T07:33:56.6422846Z;2;Dotaz;10891960 SPV OMAP Delta s.r.o
svj m exnarove cluid 2000 11 09 00 59 33 667146;Name;SVJ M. Exnarové CLUID  2000-11-09-00.59.33.667146;NotFound;;;;;;;;0;no candidate in the register;2026-09-11T07:33:56.9094710Z;1;koncept zápisu SVJ M. Exnarové CLUID  2000-11-09-00.59.33.667146;25943481 Společenství vlastníků jednotek pro dům 2433, 2434 a 2435
svj 2540;Name;SVJ 2540;NotFound;;;;;;;;0;no candidate in the register;2026-09-11T07:33:57.1549217Z;2;Kontrola zápis SVJ 2540, Tábor, IČ 26059967;26059967 Společenství vlastníků jednotek domu čp. 2540 a 2541, Tábor
strkan s r o;Name;STRKAN s.r.o.;Found;29157382;STRKAN s.r.o.;SpoleÄŤnost s ruÄŤenĂ­m omezenĂ˝m;112;Plzeň;Lánská 144/5, Radobyčice, 30100 Plzeň;True;1;;2026-09-11T07:33:57.4070468Z;2;Re: STRKAN s.r.o., IČ: 29157382 - podmínka čerpání;29157382 STRKAN s.r.o
rozestavenou nemovitost prodava interpax wood s r o;Name;Rozestavěnou nemovitost prodává Interpax Wood s.r.o.;NotFound;;;;;;;;0;no candidate in the register;2026-09-11T07:33:57.6682348Z;2;korporátní souhlas;Rozestavěnou nemovitost prodává Interpax Wood s.r.o
bosy bod s r o;Name;Bosý Bod s.r.o.;Found;06690556;Bosý Bod s.r.o.;SpoleÄŤnost s ruÄŤenĂ­m omezenĂ˝m;112;Pardubice;Sladkovského 414, Zelené Předměstí, 53002 Pardubice;True;1;;2026-09-11T07:33:57.9441264Z;1;Re: Bosý Bod s.r.o., IČ:06690556 - zápis z jednání;06690556 Bosý Bod s.r.o
opava s r o;Name;Opava s.r.o.;NotFound;;;;;;;;5;5 candidate(s), none an exact name match;2026-09-11T07:33:58.2640800Z;1;Fw: Pohledávka z firmy, cluid: 9006-12-21-11.18.25.536904;27785378 Opava s.r.o
finpos s r o;Name;Finpos s.r.o.;Found;10859845;Finpos s.r.o.;SpoleÄŤnost s ruÄŤenĂ­m omezenĂ˝m;112;Benešov;Hodějovského 541, 25601 Benešov;True;2;;2026-09-11T07:33:58.4686634Z;1;Fw: koncept Langr Jakub návrh kupní smlouvy;88860604 Jakub Langr
nykar s r o;Name;Nykar s.r.o.;Found;25707833;CESTOVNÍ KANCELÁŘ NYKAR s.r.o.;SpoleÄŤnost s ruÄŤenĂ­m omezenĂ˝m;112;Praha;Kubánské náměstí 1391/11, Vršovice, 10000 Praha 10;True;1;;2026-09-11T07:33:58.7429135Z;1;Fw: URGENT : Treasury limit - Nykar s.r.o.;25707833 CESTOVNÍ KANCELÁŘ NYKAR s.r.o
ondrej hlavacek spolecnosti fedostav s r o;Name;Ondřej Hlaváček společností Fedostav s.r.o.;NotFound;;;;;;;;0;no candidate in the register;2026-09-11T07:33:58.9863277Z;1;Re: Ondřej Hlaváček - dodatky k ÚS;03592421 Ondřej Hlaváček
svj a pokud ano;Name;SVJ a pokud ano;NotFound;;;;;;;;0;no candidate in the register;2026-09-11T07:33:59.2408802Z;1;převzetí úvěru - privatizace BD na SVJ;19977638 Společenství vlastníků Svépomoci 1182-1184 Praha
reality mikes s r o;Name;Reality Mikeš s.r.o.;Found;05880416;Reality Mikeš s.r.o.;SpoleÄŤnost s ruÄŤenĂ­m omezenĂ˝m;112;Proseč pod Ještědem;č.p. 79, 46343 Proseč pod Ještědem;True;1;;2026-09-11T07:33:59.5185736Z;2;Ing. Martin Kafka - dotaz k PBH/JBÚ - Prosba o odpověď T: 26.4.2022;18022022 Tobias electro s.r.o
adonai di om s r o;Name;Adonai di Om s.r.o.;Found;19965575;Adonai di Om s.r.o.;SpoleÄŤnost s ruÄŤenĂ­m omezenĂ˝m;112;Havířov;Zahrádkářská 170/4, Dolní Datyně, 73601 Havířov;True;1;;2026-09-11T07:33:59.8032557Z;1;odštěpení části firmy i s úvěrem;05065275 Adonai Dental s.r.o
papusprint spol s r o;Name;Papusprint spol. s r.o.;Found;48207713;Papusprint spol. s r.o.;SpoleÄŤnost s ruÄŤenĂ­m omezenĂ˝m;112;Malovice;Krtely 74, 38411 Malovice;True;1;;2026-09-11T07:34:00.0744351Z;1;Kontrola Notářské zápisu pro výkon rozhodnutí - Klient Papusprint spol. s r.o., IČ 48207713;48207713 Papusprint spol. s r.o
svj uvadi;Name;SVJ uvádí;NotFound;;;;;;;;0;no candidate in the register;2026-09-11T07:34:00.3090296Z;2;Konzultace;SVJ uvádí
vyroba domacich knedliku s r o;Name;Výroba domácích knedlíků s.r.o.;NotFound;;;;;;;;2;2 candidate(s), none an exact name match;2026-09-11T07:34:00.5912360Z;2;RE: Dotaz k nájemním smlouvám - CPS žádost 2064746870;Výroba domácích knedlíků s.r.o
spolecenstvi vlastniku bytu hybesova 863;Name;Společenství vlastníků bytů Hybešova 863;NotFound;;;;;;;;0;no candidate in the register;2026-09-11T07:34:00.8534038Z;2;FW: Posouzení Zápisu ze shromáždění Hyběšova, Třeboň;Společenství vlastníků bytů Hybešova 863
urgent ic klinika brno s r o;Name;Urgent IC klinika Brno s.r.o.;NotFound;;;;;;;;0;no candidate in the register;2026-09-11T07:34:01.0835166Z;1;Fw: Urgent IC klinika Brno s.r.o. - ičo 26885361;26885361 IC Klinika Brno s.r.o
malek group s r o;Name;Málek Group s.r.o.;Found;02111314;Málek Group s.r.o.;SpoleÄŤnost s ruÄŤenĂ­m omezenĂ˝m;112;Praha;Prosecká 678/125, Prosek, 19000 Praha 9;True;1;;2026-09-11T07:34:01.3581276Z;1;Málek Group s.r.o. IČO:02111314	2066215446;02111314 Málek Group s.r.o
svj podilove vlastnictvi;Name;SVJ (podílové vlastnictví).;NotFound;;;;;;;;0;no candidate in the register;2026-09-11T07:34:01.6141746Z;1;dotaz na účel úvěru;03775658 Společenství vlastníků Merhautova 174, Brno
garaze kladno s r o;Name;Garáže Kladno s.r.o.;Found;06023584;GARÁŽE KLADNO s.r.o.;SpoleÄŤnost s ruÄŤenĂ­m omezenĂ˝m;112;Kladno;Cyrila Boudy 2452, 27201 Kladno;True;1;;2026-09-11T07:34:01.9058487Z;1;Re: kontrola Garáže Kladno s.r.o. IČ: 06023584;06023584 GARÁŽE KLADNO s.r.o
a b doz s r o a b doz s r o;Name;A. B. DOZ s.r.o-A. B. DOZ s.r.o.;NotFound;;;;;;;;0;no candidate in the register;2026-09-11T07:34:02.1894492Z;1;Re: A. B. DOZ s.r.o-A. B. DOZ s.r.o.-posouzení SOD;09202846 A. B. DOZ s.r.o
svj jindrichuv hradec ic 260 62 984;Name;SVJ Jindřichův Hradec IČ: 260 62 984;NotFound;;;;;;;;0;no candidate in the register;2026-09-11T07:34:02.4249716Z;1;Re: SVJ Jindřichův Hradec IČ: 260 62 984;26062984 -Společenství vlastníků jednotek č.p. 436, 437, 438, 439-II Jindřichův Hradec-
08528721;Ico;08528721;Found;08528721;Parkway Investment s.r.o.;SpoleÄŤnost s ruÄŤenĂ­m omezenĂ˝m;112;Uherské Hradiště;Za Alejí 871, 68606 Uherské Hradiště;True;0;;2026-09-11T07:34:02.6273441Z;1;Re: Valná hromada;08528721 a.s
trama moravia s r o;Name;TRAMA MORAVIA s.r.o.;Found;08377901;TRAMA MORAVIA s.r.o.;SpoleÄŤnost s ruÄŤenĂ­m omezenĂ˝m;112;Ostrava;Zámostní 1155/27, Slezská Ostrava, 71000 Ostrava;True;1;;2026-09-11T07:34:03.0033039Z;1;FW: Posouzení LCD;05228077 TRAMA MORAVIA s.r.o
starkon a s;Name;STARKON a.s.;Found;26227525;STARKON a.s.;AkciovĂˇ spoleÄŤnost;121;Bohuslavice;č.p. 10, 58856 Bohuslavice;True;2;;2026-09-11T07:34:03.2247958Z;2;Re: FW: požadavek 2057879894;STARKON a.s
svj je pro cs a s akceptovatelny;Name;SVJ je pro ČS a.s. akceptovatelný.;NotFound;;;;;;;;0;no candidate in the register;2026-09-11T07:34:03.4927902Z;2;Koncept Zápisu SVJ;SVJ je pro ČS a.s. akceptovatelný
becvanska lesni s r o;Name;Bečvanská lesní s.r.o.;Found;17311624;Bečvanská lesní s.r.o.;SpoleÄŤnost s ruÄŤenĂ­m omezenĂ˝m;112;Dolní Bečva;č.p. 375, 75655 Dolní Bečva;True;1;;2026-09-11T07:34:03.7698344Z;1;FW: Bečvanská lesní, ID 2076390010;17311624 Bečvanská lesní s.r.o
spolecenstvi vlastniku do 28 02 2025 zadost spolecne s dokladem o provedene vyme;Name;Společenství vlastníků do 28.02.2025 žádost společně s dokladem o provedené výmě;NotFound;;;;;;;;0;no candidate in the register;2026-09-11T07:34:03.9921596Z;1;zápis ze shromáždění - koncept CLUID  2003-02-13-03.08.24.205431;25980785 Společenství vlastníků do 28.02.2025 žádost společně s dokladem o provedené výmě
svj pisek co 01889648;Name;SVJ Písek čo 01889648;NotFound;;;;;;;;0;no candidate in the register;2026-09-11T07:34:04.2479992Z;1;RE: rejstřík SVJ Písek čo 01889648;01889648 Společenství vlastníků jednotek pro domy čp. 1897, 1898, 1899 v Písku
omap financni skupina a s;Name;OMAP finanční skupina a.s.;Found;07006705;OMAP Finanční skupina, a.s.;AkciovĂˇ spoleÄŤnost;121;Opava;Dolní náměstí 304/22, Město, 74601 Opava;True;1;;2026-09-11T07:34:04.5199690Z;1;Re: č.ú. 6255344129 - OMAP finanční skupina a.s.;07248890 DRA development s.r.o
